INFO:     Started server process [8712]
INFO:     Waiting for application startup.
2026-02-01 15:09:49,272 INFO sqlalchemy.engine.Engine BEGIN (implicit)
2026-02-01 15:09:49,273 INFO sqlalchemy.engine.Engine PRAGMA main.table_info("users")
2026-02-01 15:09:49,273 INFO sqlalchemy.engine.Engine [raw sql] ()
2026-02-01 15:09:49,276 INFO sqlalchemy.engine.Engine PRAGMA main.table_info("teams")
2026-02-01 15:09:49,277 INFO sqlalchemy.engine.Engine [raw sql] ()
2026-02-01 15:09:49,278 INFO sqlalchemy.engine.Engine PRAGMA main.table_info("boards")
2026-02-01 15:09:49,278 INFO sqlalchemy.engine.Engine [raw sql] ()
2026-02-01 15:09:49,279 INFO sqlalchemy.engine.Engine PRAGMA main.table_info("columns")
2026-02-01 15:09:49,279 INFO sqlalchemy.engine.Engine [raw sql] ()
2026-02-01 15:09:49,281 INFO sqlalchemy.engine.Engine PRAGMA main.table_info("task_labels")
2026-02-01 15:09:49,281 INFO sqlalchemy.engine.Engine [raw sql] ()
2026-02-01 15:09:49,282 INFO sqlalchemy.engine.Engine PRAGMA main.table_info("tasks")
2026-02-01 15:09:49,282 INFO sqlalchemy.engine.Engine [raw sql] ()
2026-02-01 15:09:49,283 INFO sqlalchemy.engine.Engine PRAGMA main.table_info("labels")
2026-02-01 15:09:49,283 INFO sqlalchemy.engine.Engine [raw sql] ()
2026-02-01 15:09:49,285 INFO sqlalchemy.engine.Engine PRAGMA main.table_info("messages")
2026-02-01 15:09:49,286 INFO sqlalchemy.engine.Engine [raw sql] ()
2026-02-01 15:09:49,287 INFO sqlalchemy.engine.Engine PRAGMA main.table_info("attachments")
2026-02-01 15:09:49,287 INFO sqlalchemy.engine.Engine [raw sql] ()
2026-02-01 15:09:49,288 INFO sqlalchemy.engine.Engine COMMIT
INFO:     Application startup complete.
INFO:     Uvicorn running on http://0.0.0.0:8000 (Press CTRL+C to quit)
INFO:     127.0.0.1:52338 - "GET / HTTP/1.1" 200 OK
INFO:     127.0.0.1:52340 - "GET /health HTTP/1.1" 200 OK
INFO:     127.0.0.1:52345 - "GET /health HTTP/1.1" 200 OK
INFO:     127.0.0.1:60923 - "GET /health HTTP/1.1" 200 OK
INFO:     192.168.1.6:54768 - "GET /health HTTP/1.1" 200 OK
INFO:     127.0.0.1:58734 - "GET /health HTTP/1.1" 200 OK
INFO:     192.168.1.6:58735 - "GET /health HTTP/1.1" 200 OK
INFO:     127.0.0.1:57010 - "GET /health HTTP/1.1" 200 OK
2026-02-01 15:31:18,574 INFO sqlalchemy.engine.Engine BEGIN (implicit)
2026-02-01 15:31:18,653 INFO sqlalchemy.engine.Engine SELECT users.id, users.email, users.password_hash, users.full_name, users.role, users.avatar_url, users.team_id, users.is_active, users.created_at, users.updated_at 
FROM users 
WHERE users.email = ?
2026-02-01 15:31:18,653 INFO sqlalchemy.engine.Engine [generated in 0.00034s] ('sss@sss.ss',)
2026-02-01 15:31:18,821 INFO sqlalchemy.engine.Engine INSERT INTO users (id, email, password_hash, full_name, role, avatar_url, team_id, is_active, created_at, updated_at) VALUES (?, ?, ?, ?, ?, ?, ?, ?, ?, ?)
2026-02-01 15:31:18,821 INFO sqlalchemy.engine.Engine [generated in 0.00049s] ('755784f9-c9f6-43e9-99ab-cf27b029380c', 'sss@sss.ss', '$argon2id$v=19$m=65536,t=3,p=4$/9Ch+F7ciJ6rXnrTzYxT4A$Rzsz3kSaEjbpt1CdlUXLAdLZ09cQg3vzYzYvlNQKieM', 'sss', 'manager', None, None, 1, '2026-02-01 13:31:18.821544', '2026-02-01 13:31:18.821549')
2026-02-01 15:31:18,824 INFO sqlalchemy.engine.Engine COMMIT
2026-02-01 15:31:19,066 INFO sqlalchemy.engine.Engine BEGIN (implicit)
2026-02-01 15:31:19,069 INFO sqlalchemy.engine.Engine SELECT users.id, users.email, users.password_hash, users.full_name, users.role, users.avatar_url, users.team_id, users.is_active, users.created_at, users.updated_at 
FROM users 
WHERE users.id = ?
2026-02-01 15:31:19,069 INFO sqlalchemy.engine.Engine [generated in 0.00028s] ('755784f9-c9f6-43e9-99ab-cf27b029380c',)
INFO:     127.0.0.1:57012 - "POST /api/v1/auth/register HTTP/1.1" 200 OK
2026-02-01 15:31:19,101 INFO sqlalchemy.engine.Engine ROLLBACK
2026-02-01 15:31:19,157 INFO sqlalchemy.engine.Engine BEGIN (implicit)
2026-02-01 15:31:19,159 INFO sqlalchemy.engine.Engine SELECT users.id, users.email, users.password_hash, users.full_name, users.role, users.avatar_url, users.team_id, users.is_active, users.created_at, users.updated_at 
FROM users 
WHERE users.id = ?
2026-02-01 15:31:19,159 INFO sqlalchemy.engine.Engine [generated in 0.00037s] ('755784f9-c9f6-43e9-99ab-cf27b029380c',)
INFO:     127.0.0.1:57012 - "GET /api/v1/users/me HTTP/1.1" 200 OK
2026-02-01 15:31:19,162 INFO sqlalchemy.engine.Engine ROLLBACK
INFO:     127.0.0.1:64248 - "GET /health HTTP/1.1" 200 OK
2026-02-01 15:38:12,953 INFO sqlalchemy.engine.Engine BEGIN (implicit)
2026-02-01 15:38:12,953 INFO sqlalchemy.engine.Engine SELECT users.id, users.email, users.password_hash, users.full_name, users.role, users.avatar_url, users.team_id, users.is_active, users.created_at, users.updated_at 
FROM users 
WHERE users.id = ?
2026-02-01 15:38:12,953 INFO sqlalchemy.engine.Engine [cached since 413.8s ago] ('755784f9-c9f6-43e9-99ab-cf27b029380c',)
INFO:     127.0.0.1:64249 - "POST /api/v1/auth/logout HTTP/1.1" 200 OK
2026-02-01 15:38:12,956 INFO sqlalchemy.engine.Engine ROLLBACK
2026-02-01 15:38:27,509 INFO sqlalchemy.engine.Engine BEGIN (implicit)
2026-02-01 15:38:27,510 INFO sqlalchemy.engine.Engine SELECT users.id, users.email, users.password_hash, users.full_name, users.role, users.avatar_url, users.team_id, users.is_active, users.created_at, users.updated_at 
FROM users 
WHERE users.email = ?
2026-02-01 15:38:27,510 INFO sqlalchemy.engine.Engine [cached since 428.9s ago] ('sss@sss.ss',)
INFO:     127.0.0.1:64251 - "POST /api/v1/auth/login HTTP/1.1" 200 OK
2026-02-01 15:38:27,665 INFO sqlalchemy.engine.Engine ROLLBACK
2026-02-01 15:38:27,697 INFO sqlalchemy.engine.Engine BEGIN (implicit)
2026-02-01 15:38:27,697 INFO sqlalchemy.engine.Engine SELECT users.id, users.email, users.password_hash, users.full_name, users.role, users.avatar_url, users.team_id, users.is_active, users.created_at, users.updated_at 
FROM users 
WHERE users.id = ?
2026-02-01 15:38:27,698 INFO sqlalchemy.engine.Engine [cached since 428.5s ago] ('755784f9-c9f6-43e9-99ab-cf27b029380c',)
INFO:     127.0.0.1:64251 - "GET /api/v1/users/me HTTP/1.1" 200 OK
2026-02-01 15:38:27,701 INFO sqlalchemy.engine.Engine ROLLBACK
2026-02-01 15:55:19,463 INFO sqlalchemy.engine.Engine BEGIN (implicit)
2026-02-01 15:55:19,464 INFO sqlalchemy.engine.Engine SELECT users.id, users.email, users.password_hash, users.full_name, users.role, users.avatar_url, users.team_id, users.is_active, users.created_at, users.updated_at 
FROM users 
WHERE users.id = ?
2026-02-01 15:55:19,464 INFO sqlalchemy.engine.Engine [cached since 1440s ago] ('755784f9-c9f6-43e9-99ab-cf27b029380c',)
2026-02-01 15:55:19,468 INFO sqlalchemy.engine.Engine INSERT INTO teams (id, name, description, manager_id, invite_code, created_at, updated_at) VALUES (?, ?, ?, ?, ?, ?, ?)
2026-02-01 15:55:19,469 INFO sqlalchemy.engine.Engine [generated in 0.00040s] ('a7126b94-b76b-4e14-8052-25badb6a6d71', '111', None, '755784f9-c9f6-43e9-99ab-cf27b029380c', 'fu2kdSoI6l4rn3_-yPyCmQ', '2026-02-01 13:55:19.468769', '2026-02-01 13:55:19.468773')
2026-02-01 15:55:19,473 INFO sqlalchemy.engine.Engine INSERT INTO boards (id, name, description, team_id, is_default, created_at, updated_at) VALUES (?, ?, ?, ?, ?, ?, ?)
2026-02-01 15:55:19,473 INFO sqlalchemy.engine.Engine [generated in 0.00039s] ('51068a72-8c31-4d25-aac4-84a033118e27', 'Основна дошка', None, 'a7126b94-b76b-4e14-8052-25badb6a6d71', 1, '2026-02-01 13:55:19.473452', '2026-02-01 13:55:19.473457')
2026-02-01 15:55:19,476 INFO sqlalchemy.engine.Engine UPDATE users SET team_id=?, updated_at=? WHERE users.id = ?
2026-02-01 15:55:19,476 INFO sqlalchemy.engine.Engine [generated in 0.00030s] ('a7126b94-b76b-4e14-8052-25badb6a6d71', '2026-02-01 13:55:19.476473', '755784f9-c9f6-43e9-99ab-cf27b029380c')
2026-02-01 15:55:19,480 INFO sqlalchemy.engine.Engine INSERT INTO columns (id, name, board_id, position, wip_limit, color, created_at, updated_at) VALUES (?, ?, ?, ?, ?, ?, ?, ?), (?, ?, ?, ?, ?, ?, ?, ?), (?, ?, ?, ?, ?, ?, ?, ?), (?, ?, ?, ?, ?, ?, ?, ?)
2026-02-01 15:55:19,480 INFO sqlalchemy.engine.Engine [generated in 0.00040s (insertmanyvalues) 1/1 (unordered)] ('29f828a1-d63a-4684-a31a-ffef26d48ca8', 'Очікує', '51068a72-8c31-4d25-aac4-84a033118e27', 0, None, None, '2026-02-01 13:55:19.480014', '2026-02-01 13:55:19.480018', 'ed0cd46c-ea68-4820-86f9-3ed383f973ed', 'В роботі', '51068a72-8c31-4d25-aac4-84a033118e27', 1, 5, None, '2026-02-01 13:55:19.480041', '2026-02-01 13:55:19.480043', '80485fc4-f29c-437b-98c5-8af3acbda3c3', 'На перевірці', '51068a72-8c31-4d25-aac4-84a033118e27', 2, 3, None, '2026-02-01 13:55:19.480053', '2026-02-01 13:55:19.480055', 'a02345c6-f44f-46a4-b8f2-28146a31492b', 'Завершено', '51068a72-8c31-4d25-aac4-84a033118e27', 3, None, None, '2026-02-01 13:55:19.480063', '2026-02-01 13:55:19.480065')
2026-02-01 15:55:19,482 INFO sqlalchemy.engine.Engine COMMIT
2026-02-01 15:55:19,618 INFO sqlalchemy.engine.Engine BEGIN (implicit)
2026-02-01 15:55:19,621 INFO sqlalchemy.engine.Engine SELECT teams.id, teams.name, teams.description, teams.manager_id, teams.invite_code, teams.created_at, teams.updated_at 
FROM teams 
WHERE teams.id = ?
2026-02-01 15:55:19,621 INFO sqlalchemy.engine.Engine [generated in 0.00038s] ('a7126b94-b76b-4e14-8052-25badb6a6d71',)
INFO:     127.0.0.1:52415 - "POST /api/v1/teams HTTP/1.1" 200 OK
2026-02-01 15:55:19,625 INFO sqlalchemy.engine.Engine ROLLBACK
2026-02-01 15:55:39,120 INFO sqlalchemy.engine.Engine BEGIN (implicit)
2026-02-01 15:55:39,121 INFO sqlalchemy.engine.Engine SELECT users.id, users.email, users.password_hash, users.full_name, users.role, users.avatar_url, users.team_id, users.is_active, users.created_at, users.updated_at 
FROM users 
WHERE users.id = ?
2026-02-01 15:55:39,121 INFO sqlalchemy.engine.Engine [cached since 1460s ago] ('755784f9-c9f6-43e9-99ab-cf27b029380c',)
2026-02-01 15:55:39,123 INFO sqlalchemy.engine.Engine INSERT INTO teams (id, name, description, manager_id, invite_code, created_at, updated_at) VALUES (?, ?, ?, ?, ?, ?, ?)
2026-02-01 15:55:39,123 INFO sqlalchemy.engine.Engine [cached since 19.65s ago] ('7b21ee35-4bf4-4a2a-9ed0-b5266eeb23fd', '222', None, '755784f9-c9f6-43e9-99ab-cf27b029380c', 'fFfk5bqTs1kGMbEccGmvAQ', '2026-02-01 13:55:39.123053', '2026-02-01 13:55:39.123057')
2026-02-01 15:55:39,126 INFO sqlalchemy.engine.Engine INSERT INTO boards (id, name, description, team_id, is_default, created_at, updated_at) VALUES (?, ?, ?, ?, ?, ?, ?)
2026-02-01 15:55:39,126 INFO sqlalchemy.engine.Engine [cached since 19.65s ago] ('de2b7c92-2058-4fe9-8e81-62a6aec24005', 'Основна дошка', None, '7b21ee35-4bf4-4a2a-9ed0-b5266eeb23fd', 1, '2026-02-01 13:55:39.126059', '2026-02-01 13:55:39.126064')
2026-02-01 15:55:39,127 INFO sqlalchemy.engine.Engine UPDATE users SET team_id=?, updated_at=? WHERE users.id = ?
2026-02-01 15:55:39,127 INFO sqlalchemy.engine.Engine [cached since 19.65s ago] ('7b21ee35-4bf4-4a2a-9ed0-b5266eeb23fd', '2026-02-01 13:55:39.127343', '755784f9-c9f6-43e9-99ab-cf27b029380c')
2026-02-01 15:55:39,129 INFO sqlalchemy.engine.Engine INSERT INTO columns (id, name, board_id, position, wip_limit, color, created_at, updated_at) VALUES (?, ?, ?, ?, ?, ?, ?, ?), (?, ?, ?, ?, ?, ?, ?, ?), (?, ?, ?, ?, ?, ?, ?, ?), (?, ?, ?, ?, ?, ?, ?, ?)
2026-02-01 15:55:39,130 INFO sqlalchemy.engine.Engine [cached since 19.65s ago (insertmanyvalues) 1/1 (unordered)] ('e7fbfbb1-bba9-4267-8dbd-6f051efd2490', 'Очікує', 'de2b7c92-2058-4fe9-8e81-62a6aec24005', 0, None, None, '2026-02-01 13:55:39.129590', '2026-02-01 13:55:39.129595', 'c549bc82-2ffa-40ca-b3e1-3145151c3941', 'В роботі', 'de2b7c92-2058-4fe9-8e81-62a6aec24005', 1, 5, None, '2026-02-01 13:55:39.129608', '2026-02-01 13:55:39.129611', '90bc1afd-b477-43ec-9ef5-6d20c2514800', 'На перевірці', 'de2b7c92-2058-4fe9-8e81-62a6aec24005', 2, 3, None, '2026-02-01 13:55:39.129623', '2026-02-01 13:55:39.129626', '42f703f2-e7cb-4ad2-9926-f45af67db3a7', 'Завершено', 'de2b7c92-2058-4fe9-8e81-62a6aec24005', 3, None, None, '2026-02-01 13:55:39.129637', '2026-02-01 13:55:39.129639')
2026-02-01 15:55:39,131 INFO sqlalchemy.engine.Engine COMMIT
2026-02-01 15:55:39,265 INFO sqlalchemy.engine.Engine BEGIN (implicit)
2026-02-01 15:55:39,266 INFO sqlalchemy.engine.Engine SELECT teams.id, teams.name, teams.description, teams.manager_id, teams.invite_code, teams.created_at, teams.updated_at 
FROM teams 
WHERE teams.id = ?
2026-02-01 15:55:39,266 INFO sqlalchemy.engine.Engine [cached since 19.64s ago] ('7b21ee35-4bf4-4a2a-9ed0-b5266eeb23fd',)
INFO:     127.0.0.1:52429 - "POST /api/v1/teams HTTP/1.1" 200 OK
2026-02-01 15:55:39,268 INFO sqlalchemy.engine.Engine ROLLBACK
2026-02-01 15:57:42,710 INFO sqlalchemy.engine.Engine BEGIN (implicit)
2026-02-01 15:57:42,710 INFO sqlalchemy.engine.Engine SELECT users.id, users.email, users.password_hash, users.full_name, users.role, users.avatar_url, users.team_id, users.is_active, users.created_at, users.updated_at 
FROM users 
WHERE users.id = ?
2026-02-01 15:57:42,710 INFO sqlalchemy.engine.Engine [cached since 1584s ago] ('755784f9-c9f6-43e9-99ab-cf27b029380c',)
2026-02-01 15:57:42,712 INFO sqlalchemy.engine.Engine INSERT INTO teams (id, name, description, manager_id, invite_code, created_at, updated_at) VALUES (?, ?, ?, ?, ?, ?, ?)
2026-02-01 15:57:42,712 INFO sqlalchemy.engine.Engine [cached since 143.2s ago] ('2ab15ac2-c08f-45f4-a935-be10e0a6b6e4', 'sss', None, '755784f9-c9f6-43e9-99ab-cf27b029380c', 'VfSrV6-ESu7AJfPswFlQ6Q', '2026-02-01 13:57:42.712464', '2026-02-01 13:57:42.712467')
2026-02-01 15:57:42,715 INFO sqlalchemy.engine.Engine INSERT INTO boards (id, name, description, team_id, is_default, created_at, updated_at) VALUES (?, ?, ?, ?, ?, ?, ?)
2026-02-01 15:57:42,715 INFO sqlalchemy.engine.Engine [cached since 143.2s ago] ('57e806ff-1c9a-4738-97e5-11df3e4610eb', 'Основна дошка', None, '2ab15ac2-c08f-45f4-a935-be10e0a6b6e4', 1, '2026-02-01 13:57:42.714983', '2026-02-01 13:57:42.714988')
2026-02-01 15:57:42,716 INFO sqlalchemy.engine.Engine UPDATE users SET team_id=?, updated_at=? WHERE users.id = ?
2026-02-01 15:57:42,716 INFO sqlalchemy.engine.Engine [cached since 143.2s ago] ('2ab15ac2-c08f-45f4-a935-be10e0a6b6e4', '2026-02-01 13:57:42.716321', '755784f9-c9f6-43e9-99ab-cf27b029380c')
2026-02-01 15:57:42,718 INFO sqlalchemy.engine.Engine INSERT INTO columns (id, name, board_id, position, wip_limit, color, created_at, updated_at) VALUES (?, ?, ?, ?, ?, ?, ?, ?), (?, ?, ?, ?, ?, ?, ?, ?), (?, ?, ?, ?, ?, ?, ?, ?), (?, ?, ?, ?, ?, ?, ?, ?)
2026-02-01 15:57:42,718 INFO sqlalchemy.engine.Engine [cached since 143.2s ago (insertmanyvalues) 1/1 (unordered)] ('95f8d7fd-1cba-498f-94a8-5e0d90dfcd84', 'Очікує', '57e806ff-1c9a-4738-97e5-11df3e4610eb', 0, None, None, '2026-02-01 13:57:42.718057', '2026-02-01 13:57:42.718060', 'a0e6fd17-1f1a-4b7c-9466-4a547f676a0a', 'В роботі', '57e806ff-1c9a-4738-97e5-11df3e4610eb', 1, 5, None, '2026-02-01 13:57:42.718066', '2026-02-01 13:57:42.718067', '3c5e110f-0a3d-4190-8779-1ab505a74081', 'На перевірці', '57e806ff-1c9a-4738-97e5-11df3e4610eb', 2, 3, None, '2026-02-01 13:57:42.718071', '2026-02-01 13:57:42.718072', '1481405f-70d6-43a8-a9b5-139efc5a6b0d', 'Завершено', '57e806ff-1c9a-4738-97e5-11df3e4610eb', 3, None, None, '2026-02-01 13:57:42.718077', '2026-02-01 13:57:42.718078')
2026-02-01 15:57:42,719 INFO sqlalchemy.engine.Engine COMMIT
2026-02-01 15:57:42,873 INFO sqlalchemy.engine.Engine BEGIN (implicit)
2026-02-01 15:57:42,873 INFO sqlalchemy.engine.Engine SELECT teams.id, teams.name, teams.description, teams.manager_id, teams.invite_code, teams.created_at, teams.updated_at 
FROM teams 
WHERE teams.id = ?
2026-02-01 15:57:42,873 INFO sqlalchemy.engine.Engine [cached since 143.3s ago] ('2ab15ac2-c08f-45f4-a935-be10e0a6b6e4',)
INFO:     127.0.0.1:52452 - "POST /api/v1/teams HTTP/1.1" 200 OK
2026-02-01 15:57:42,876 INFO sqlalchemy.engine.Engine ROLLBACK
2026-02-01 16:01:53,888 INFO sqlalchemy.engine.Engine BEGIN (implicit)
2026-02-01 16:01:53,888 INFO sqlalchemy.engine.Engine SELECT users.id, users.email, users.password_hash, users.full_name, users.role, users.avatar_url, users.team_id, users.is_active, users.created_at, users.updated_at 
FROM users 
WHERE users.id = ?
2026-02-01 16:01:53,888 INFO sqlalchemy.engine.Engine [cached since 1835s ago] ('755784f9-c9f6-43e9-99ab-cf27b029380c',)
2026-02-01 16:01:53,891 INFO sqlalchemy.engine.Engine INSERT INTO teams (id, name, description, manager_id, invite_code, created_at, updated_at) VALUES (?, ?, ?, ?, ?, ?, ?)
2026-02-01 16:01:53,891 INFO sqlalchemy.engine.Engine [cached since 394.4s ago] ('03364f27-9d54-46fa-9fec-89061f6751b3', 'ttt', None, '755784f9-c9f6-43e9-99ab-cf27b029380c', 'OGqhMpkVW4y6GhEU_JZH8A', '2026-02-01 14:01:53.891041', '2026-02-01 14:01:53.891045')
2026-02-01 16:01:53,893 INFO sqlalchemy.engine.Engine INSERT INTO boards (id, name, description, team_id, is_default, created_at, updated_at) VALUES (?, ?, ?, ?, ?, ?, ?)
2026-02-01 16:01:53,894 INFO sqlalchemy.engine.Engine [cached since 394.4s ago] ('b9130d13-42e4-4f86-a23e-9b15b1396394', 'Основна дошка', None, '03364f27-9d54-46fa-9fec-89061f6751b3', 1, '2026-02-01 14:01:53.893795', '2026-02-01 14:01:53.893799')
2026-02-01 16:01:53,895 INFO sqlalchemy.engine.Engine UPDATE users SET team_id=?, updated_at=? WHERE users.id = ?
2026-02-01 16:01:53,895 INFO sqlalchemy.engine.Engine [cached since 394.4s ago] ('03364f27-9d54-46fa-9fec-89061f6751b3', '2026-02-01 14:01:53.895146', '755784f9-c9f6-43e9-99ab-cf27b029380c')
2026-02-01 16:01:53,897 INFO sqlalchemy.engine.Engine INSERT INTO columns (id, name, board_id, position, wip_limit, color, created_at, updated_at) VALUES (?, ?, ?, ?, ?, ?, ?, ?), (?, ?, ?, ?, ?, ?, ?, ?), (?, ?, ?, ?, ?, ?, ?, ?), (?, ?, ?, ?, ?, ?, ?, ?)
2026-02-01 16:01:53,897 INFO sqlalchemy.engine.Engine [cached since 394.4s ago (insertmanyvalues) 1/1 (unordered)] ('769b2d58-fcf2-4bf1-8a7d-0642ef5175bc', 'Очікує', 'b9130d13-42e4-4f86-a23e-9b15b1396394', 0, None, None, '2026-02-01 14:01:53.897096', '2026-02-01 14:01:53.897099', '0fc8b0ee-9148-4295-b082-b75a0268ef8b', 'В роботі', 'b9130d13-42e4-4f86-a23e-9b15b1396394', 1, 5, None, '2026-02-01 14:01:53.897106', '2026-02-01 14:01:53.897107', '1416e92b-368c-40de-8071-03c326652bcb', 'На перевірці', 'b9130d13-42e4-4f86-a23e-9b15b1396394', 2, 3, None, '2026-02-01 14:01:53.897112', '2026-02-01 14:01:53.897113', '857de04f-47cd-488e-884e-1143f5d4e72e', 'Завершено', 'b9130d13-42e4-4f86-a23e-9b15b1396394', 3, None, None, '2026-02-01 14:01:53.897117', '2026-02-01 14:01:53.897118')
2026-02-01 16:01:53,898 INFO sqlalchemy.engine.Engine COMMIT
2026-02-01 16:01:54,038 INFO sqlalchemy.engine.Engine BEGIN (implicit)
2026-02-01 16:01:54,038 INFO sqlalchemy.engine.Engine SELECT teams.id, teams.name, teams.description, teams.manager_id, teams.invite_code, teams.created_at, teams.updated_at 
FROM teams 
WHERE teams.id = ?
2026-02-01 16:01:54,038 INFO sqlalchemy.engine.Engine [cached since 394.4s ago] ('03364f27-9d54-46fa-9fec-89061f6751b3',)
INFO:     127.0.0.1:51409 - "POST /api/v1/teams HTTP/1.1" 200 OK
2026-02-01 16:01:54,041 INFO sqlalchemy.engine.Engine ROLLBACK
2026-02-01 16:03:29,165 INFO sqlalchemy.engine.Engine BEGIN (implicit)
2026-02-01 16:03:29,166 INFO sqlalchemy.engine.Engine SELECT users.id, users.email, users.password_hash, users.full_name, users.role, users.avatar_url, users.team_id, users.is_active, users.created_at, users.updated_at 
FROM users 
WHERE users.id = ?
2026-02-01 16:03:29,166 INFO sqlalchemy.engine.Engine [cached since 1930s ago] ('755784f9-c9f6-43e9-99ab-cf27b029380c',)
INFO:     127.0.0.1:62415 - "POST /api/v1/auth/logout HTTP/1.1" 200 OK
2026-02-01 16:03:29,168 INFO sqlalchemy.engine.Engine ROLLBACK
INFO:     127.0.0.1:62416 - "POST /api/v1/auth/logout HTTP/1.1" 401 Unauthorized
2026-02-01 16:06:55,093 INFO sqlalchemy.engine.Engine BEGIN (implicit)
2026-02-01 16:06:55,093 INFO sqlalchemy.engine.Engine SELECT users.id, users.email, users.password_hash, users.full_name, users.role, users.avatar_url, users.team_id, users.is_active, users.created_at, users.updated_at 
FROM users 
WHERE users.email = ?
2026-02-01 16:06:55,093 INFO sqlalchemy.engine.Engine [cached since 2136s ago] ('sss@sss.ss',)
INFO:     127.0.0.1:53723 - "POST /api/v1/auth/login HTTP/1.1" 200 OK
2026-02-01 16:06:55,252 INFO sqlalchemy.engine.Engine ROLLBACK
2026-02-01 16:06:55,277 INFO sqlalchemy.engine.Engine BEGIN (implicit)
2026-02-01 16:06:55,278 INFO sqlalchemy.engine.Engine SELECT users.id, users.email, users.password_hash, users.full_name, users.role, users.avatar_url, users.team_id, users.is_active, users.created_at, users.updated_at 
FROM users 
WHERE users.id = ?
2026-02-01 16:06:55,278 INFO sqlalchemy.engine.Engine [cached since 2136s ago] ('755784f9-c9f6-43e9-99ab-cf27b029380c',)
INFO:     127.0.0.1:53723 - "GET /api/v1/users/me HTTP/1.1" 200 OK
2026-02-01 16:06:55,280 INFO sqlalchemy.engine.Engine ROLLBACK
2026-02-01 16:07:00,802 INFO sqlalchemy.engine.Engine BEGIN (implicit)
2026-02-01 16:07:00,802 INFO sqlalchemy.engine.Engine SELECT users.id, users.email, users.password_hash, users.full_name, users.role, users.avatar_url, users.team_id, users.is_active, users.created_at, users.updated_at 
FROM users 
WHERE users.id = ?
2026-02-01 16:07:00,802 INFO sqlalchemy.engine.Engine [cached since 2142s ago] ('755784f9-c9f6-43e9-99ab-cf27b029380c',)
2026-02-01 16:07:00,804 INFO sqlalchemy.engine.Engine INSERT INTO teams (id, name, description, manager_id, invite_code, created_at, updated_at) VALUES (?, ?, ?, ?, ?, ?, ?)
2026-02-01 16:07:00,804 INFO sqlalchemy.engine.Engine [cached since 701.3s ago] ('dfadeffc-e2ef-4749-b91e-5b822d367a1e', 'sss', None, '755784f9-c9f6-43e9-99ab-cf27b029380c', 'wBKALzlmWFVv9ykxxhW2FA', '2026-02-01 14:07:00.804421', '2026-02-01 14:07:00.804424')
2026-02-01 16:07:00,807 INFO sqlalchemy.engine.Engine INSERT INTO boards (id, name, description, team_id, is_default, created_at, updated_at) VALUES (?, ?, ?, ?, ?, ?, ?)
2026-02-01 16:07:00,808 INFO sqlalchemy.engine.Engine [cached since 701.3s ago] ('1b6e8316-868b-4399-9b58-e2c85266c32f', 'Основна дошка', None, 'dfadeffc-e2ef-4749-b91e-5b822d367a1e', 1, '2026-02-01 14:07:00.807811', '2026-02-01 14:07:00.807817')
2026-02-01 16:07:00,809 INFO sqlalchemy.engine.Engine UPDATE users SET team_id=?, updated_at=? WHERE users.id = ?
2026-02-01 16:07:00,809 INFO sqlalchemy.engine.Engine [cached since 701.3s ago] ('dfadeffc-e2ef-4749-b91e-5b822d367a1e', '2026-02-01 14:07:00.809447', '755784f9-c9f6-43e9-99ab-cf27b029380c')
2026-02-01 16:07:00,812 INFO sqlalchemy.engine.Engine INSERT INTO columns (id, name, board_id, position, wip_limit, color, created_at, updated_at) VALUES (?, ?, ?, ?, ?, ?, ?, ?), (?, ?, ?, ?, ?, ?, ?, ?), (?, ?, ?, ?, ?, ?, ?, ?), (?, ?, ?, ?, ?, ?, ?, ?)
2026-02-01 16:07:00,812 INFO sqlalchemy.engine.Engine [cached since 701.3s ago (insertmanyvalues) 1/1 (unordered)] ('f78f0144-38e0-4fe2-9d79-62e234830332', 'Очікує', '1b6e8316-868b-4399-9b58-e2c85266c32f', 0, None, None, '2026-02-01 14:07:00.811841', '2026-02-01 14:07:00.811847', '41affa57-a1e2-426c-9a5e-58bee46cd7b5', 'В роботі', '1b6e8316-868b-4399-9b58-e2c85266c32f', 1, 5, None, '2026-02-01 14:07:00.811861', '2026-02-01 14:07:00.811864', '9278a3be-e4d8-473d-8280-b166c667cb25', 'На перевірці', '1b6e8316-868b-4399-9b58-e2c85266c32f', 2, 3, None, '2026-02-01 14:07:00.811876', '2026-02-01 14:07:00.811878', 'b1c04359-9e98-4a9f-8d5f-1f4531a04540', 'Завершено', '1b6e8316-868b-4399-9b58-e2c85266c32f', 3, None, None, '2026-02-01 14:07:00.811889', '2026-02-01 14:07:00.811891')
2026-02-01 16:07:00,813 INFO sqlalchemy.engine.Engine COMMIT
2026-02-01 16:07:00,948 INFO sqlalchemy.engine.Engine BEGIN (implicit)
2026-02-01 16:07:00,948 INFO sqlalchemy.engine.Engine SELECT teams.id, teams.name, teams.description, teams.manager_id, teams.invite_code, teams.created_at, teams.updated_at 
FROM teams 
WHERE teams.id = ?
2026-02-01 16:07:00,948 INFO sqlalchemy.engine.Engine [cached since 701.3s ago] ('dfadeffc-e2ef-4749-b91e-5b822d367a1e',)
INFO:     127.0.0.1:53725 - "POST /api/v1/teams HTTP/1.1" 200 OK
2026-02-01 16:07:00,951 INFO sqlalchemy.engine.Engine ROLLBACK
2026-02-01 16:08:29,544 INFO sqlalchemy.engine.Engine BEGIN (implicit)
2026-02-01 16:08:29,545 INFO sqlalchemy.engine.Engine SELECT users.id, users.email, users.password_hash, users.full_name, users.role, users.avatar_url, users.team_id, users.is_active, users.created_at, users.updated_at 
FROM users 
WHERE users.id = ?
2026-02-01 16:08:29,545 INFO sqlalchemy.engine.Engine [cached since 2230s ago] ('755784f9-c9f6-43e9-99ab-cf27b029380c',)
2026-02-01 16:08:29,547 INFO sqlalchemy.engine.Engine INSERT INTO teams (id, name, description, manager_id, invite_code, created_at, updated_at) VALUES (?, ?, ?, ?, ?, ?, ?)
2026-02-01 16:08:29,547 INFO sqlalchemy.engine.Engine [cached since 790.1s ago] ('04aac256-4606-4bc4-aeaa-ab8beaeda98e', 'ssss', None, '755784f9-c9f6-43e9-99ab-cf27b029380c', 'RA3_wGuEtlkM37qtr0RvTA', '2026-02-01 14:08:29.547130', '2026-02-01 14:08:29.547134')
2026-02-01 16:08:29,550 INFO sqlalchemy.engine.Engine INSERT INTO boards (id, name, description, team_id, is_default, created_at, updated_at) VALUES (?, ?, ?, ?, ?, ?, ?)
2026-02-01 16:08:29,550 INFO sqlalchemy.engine.Engine [cached since 790.1s ago] ('d35d4c48-0ac8-4303-98a3-f696701a6658', 'Основна дошка', None, '04aac256-4606-4bc4-aeaa-ab8beaeda98e', 1, '2026-02-01 14:08:29.550130', '2026-02-01 14:08:29.550133')
2026-02-01 16:08:29,551 INFO sqlalchemy.engine.Engine UPDATE users SET team_id=?, updated_at=? WHERE users.id = ?
2026-02-01 16:08:29,551 INFO sqlalchemy.engine.Engine [cached since 790.1s ago] ('04aac256-4606-4bc4-aeaa-ab8beaeda98e', '2026-02-01 14:08:29.551627', '755784f9-c9f6-43e9-99ab-cf27b029380c')
2026-02-01 16:08:29,554 INFO sqlalchemy.engine.Engine INSERT INTO columns (id, name, board_id, position, wip_limit, color, created_at, updated_at) VALUES (?, ?, ?, ?, ?, ?, ?, ?), (?, ?, ?, ?, ?, ?, ?, ?), (?, ?, ?, ?, ?, ?, ?, ?), (?, ?, ?, ?, ?, ?, ?, ?)
2026-02-01 16:08:29,554 INFO sqlalchemy.engine.Engine [cached since 790.1s ago (insertmanyvalues) 1/1 (unordered)] ('6b831f1c-d2b3-44dc-80db-7b1904173765', 'Очікує', 'd35d4c48-0ac8-4303-98a3-f696701a6658', 0, None, None, '2026-02-01 14:08:29.553972', '2026-02-01 14:08:29.553978', 'fdd597e2-2d7e-4fc4-acec-919a36fa71f0', 'В роботі', 'd35d4c48-0ac8-4303-98a3-f696701a6658', 1, 5, None, '2026-02-01 14:08:29.553997', '2026-02-01 14:08:29.553999', 'b83ccd92-956f-4445-a00e-66a5cc5f8951', 'На перевірці', 'd35d4c48-0ac8-4303-98a3-f696701a6658', 2, 3, None, '2026-02-01 14:08:29.554006', '2026-02-01 14:08:29.554008', '28173829-5d7c-4930-9c05-43f468afccc9', 'Завершено', 'd35d4c48-0ac8-4303-98a3-f696701a6658', 3, None, None, '2026-02-01 14:08:29.554021', '2026-02-01 14:08:29.554023')
2026-02-01 16:08:29,556 INFO sqlalchemy.engine.Engine COMMIT
2026-02-01 16:08:29,742 INFO sqlalchemy.engine.Engine BEGIN (implicit)
2026-02-01 16:08:29,743 INFO sqlalchemy.engine.Engine SELECT teams.id, teams.name, teams.description, teams.manager_id, teams.invite_code, teams.created_at, teams.updated_at 
FROM teams 
WHERE teams.id = ?
2026-02-01 16:08:29,743 INFO sqlalchemy.engine.Engine [cached since 790.1s ago] ('04aac256-4606-4bc4-aeaa-ab8beaeda98e',)
INFO:     127.0.0.1:53758 - "POST /api/v1/teams HTTP/1.1" 200 OK
2026-02-01 16:08:29,745 INFO sqlalchemy.engine.Engine ROLLBACK
2026-02-01 16:08:29,766 INFO sqlalchemy.engine.Engine BEGIN (implicit)
2026-02-01 16:08:29,767 INFO sqlalchemy.engine.Engine SELECT users.id, users.email, users.password_hash, users.full_name, users.role, users.avatar_url, users.team_id, users.is_active, users.created_at, users.updated_at 
FROM users 
WHERE users.id = ?
2026-02-01 16:08:29,767 INFO sqlalchemy.engine.Engine [cached since 2231s ago] ('755784f9-c9f6-43e9-99ab-cf27b029380c',)
INFO:     127.0.0.1:53758 - "GET /api/v1/users/me HTTP/1.1" 200 OK
2026-02-01 16:08:29,769 INFO sqlalchemy.engine.Engine ROLLBACK
2026-02-01 16:08:29,817 INFO sqlalchemy.engine.Engine BEGIN (implicit)
2026-02-01 16:08:29,817 INFO sqlalchemy.engine.Engine SELECT users.id, users.email, users.password_hash, users.full_name, users.role, users.avatar_url, users.team_id, users.is_active, users.created_at, users.updated_at 
FROM users 
WHERE users.id = ?
2026-02-01 16:08:29,817 INFO sqlalchemy.engine.Engine [cached since 2231s ago] ('755784f9-c9f6-43e9-99ab-cf27b029380c',)
2026-02-01 16:08:29,822 INFO sqlalchemy.engine.Engine SELECT boards.id, boards.name, boards.description, boards.team_id, boards.is_default, boards.created_at, boards.updated_at 
FROM boards 
WHERE boards.team_id = ?
2026-02-01 16:08:29,822 INFO sqlalchemy.engine.Engine [generated in 0.00030s] ('04aac256-4606-4bc4-aeaa-ab8beaeda98e',)
INFO:     127.0.0.1:53758 - "GET /api/v1/boards?team_id=04aac256-4606-4bc4-aeaa-ab8beaeda98e HTTP/1.1" 200 OK
2026-02-01 16:08:29,826 INFO sqlalchemy.engine.Engine ROLLBACK
2026-02-01 16:08:29,875 INFO sqlalchemy.engine.Engine BEGIN (implicit)
2026-02-01 16:08:29,875 INFO sqlalchemy.engine.Engine SELECT users.id, users.email, users.password_hash, users.full_name, users.role, users.avatar_url, users.team_id, users.is_active, users.created_at, users.updated_at 
FROM users 
WHERE users.id = ?
2026-02-01 16:08:29,875 INFO sqlalchemy.engine.Engine [cached since 2231s ago] ('755784f9-c9f6-43e9-99ab-cf27b029380c',)
2026-02-01 16:08:29,880 INFO sqlalchemy.engine.Engine SELECT columns.id, columns.name, columns.board_id, columns.position, columns.wip_limit, columns.color, columns.created_at, columns.updated_at 
FROM columns 
WHERE columns.board_id = ? ORDER BY columns.position
2026-02-01 16:08:29,880 INFO sqlalchemy.engine.Engine [generated in 0.00022s] ('d35d4c48-0ac8-4303-98a3-f696701a6658',)
2026-02-01 16:08:29,888 INFO sqlalchemy.engine.Engine SELECT count(tasks.id) AS count_1 
FROM tasks 
WHERE tasks.column_id = ? AND tasks.is_deleted = 0
2026-02-01 16:08:29,889 INFO sqlalchemy.engine.Engine [generated in 0.00026s] ('6b831f1c-d2b3-44dc-80db-7b1904173765',)
2026-02-01 16:08:29,890 INFO sqlalchemy.engine.Engine SELECT count(tasks.id) AS count_1 
FROM tasks 
WHERE tasks.column_id = ? AND tasks.is_deleted = 0
2026-02-01 16:08:29,890 INFO sqlalchemy.engine.Engine [cached since 0.002146s ago] ('fdd597e2-2d7e-4fc4-acec-919a36fa71f0',)
2026-02-01 16:08:29,892 INFO sqlalchemy.engine.Engine SELECT count(tasks.id) AS count_1 
FROM tasks 
WHERE tasks.column_id = ? AND tasks.is_deleted = 0
2026-02-01 16:08:29,892 INFO sqlalchemy.engine.Engine [cached since 0.003498s ago] ('b83ccd92-956f-4445-a00e-66a5cc5f8951',)
2026-02-01 16:08:29,894 INFO sqlalchemy.engine.Engine SELECT count(tasks.id) AS count_1 
FROM tasks 
WHERE tasks.column_id = ? AND tasks.is_deleted = 0
2026-02-01 16:08:29,894 INFO sqlalchemy.engine.Engine [cached since 0.005712s ago] ('28173829-5d7c-4930-9c05-43f468afccc9',)
INFO:     127.0.0.1:53758 - "GET /api/v1/boards/d35d4c48-0ac8-4303-98a3-f696701a6658/columns HTTP/1.1" 200 OK
2026-02-01 16:08:29,896 INFO sqlalchemy.engine.Engine ROLLBACK
2026-02-01 16:08:29,919 INFO sqlalchemy.engine.Engine BEGIN (implicit)
2026-02-01 16:08:29,919 INFO sqlalchemy.engine.Engine SELECT users.id, users.email, users.password_hash, users.full_name, users.role, users.avatar_url, users.team_id, users.is_active, users.created_at, users.updated_at 
FROM users 
WHERE users.id = ?
2026-02-01 16:08:29,919 INFO sqlalchemy.engine.Engine [cached since 2231s ago] ('755784f9-c9f6-43e9-99ab-cf27b029380c',)
2026-02-01 16:08:29,936 INFO sqlalchemy.engine.Engine SELECT tasks.id, tasks.title, tasks.description, tasks.column_id, tasks.position, tasks.priority, tasks.assignee_id, tasks.creator_id, tasks.deadline, tasks.estimated_hours, tasks.actual_hours, tasks.tags, tasks.is_deleted, tasks.completed_at, tasks.created_at, tasks.updated_at, tasks.version 
FROM tasks 
WHERE tasks.column_id = ? AND tasks.is_deleted = 0 ORDER BY tasks.position
2026-02-01 16:08:29,936 INFO sqlalchemy.engine.Engine [generated in 0.00033s] ('6b831f1c-d2b3-44dc-80db-7b1904173765',)
INFO:     127.0.0.1:53758 - "GET /api/v1/tasks?column_id=6b831f1c-d2b3-44dc-80db-7b1904173765 HTTP/1.1" 200 OK
2026-02-01 16:08:29,940 INFO sqlalchemy.engine.Engine ROLLBACK
2026-02-01 16:08:29,951 INFO sqlalchemy.engine.Engine BEGIN (implicit)
2026-02-01 16:08:29,952 INFO sqlalchemy.engine.Engine SELECT users.id, users.email, users.password_hash, users.full_name, users.role, users.avatar_url, users.team_id, users.is_active, users.created_at, users.updated_at 
FROM users 
WHERE users.id = ?
2026-02-01 16:08:29,952 INFO sqlalchemy.engine.Engine [cached since 2231s ago] ('755784f9-c9f6-43e9-99ab-cf27b029380c',)
2026-02-01 16:08:29,954 INFO sqlalchemy.engine.Engine SELECT tasks.id, tasks.title, tasks.description, tasks.column_id, tasks.position, tasks.priority, tasks.assignee_id, tasks.creator_id, tasks.deadline, tasks.estimated_hours, tasks.actual_hours, tasks.tags, tasks.is_deleted, tasks.completed_at, tasks.created_at, tasks.updated_at, tasks.version 
FROM tasks 
WHERE tasks.column_id = ? AND tasks.is_deleted = 0 ORDER BY tasks.position
2026-02-01 16:08:29,954 INFO sqlalchemy.engine.Engine [cached since 0.01829s ago] ('fdd597e2-2d7e-4fc4-acec-919a36fa71f0',)
INFO:     127.0.0.1:53758 - "GET /api/v1/tasks?column_id=fdd597e2-2d7e-4fc4-acec-919a36fa71f0 HTTP/1.1" 200 OK
2026-02-01 16:08:29,956 INFO sqlalchemy.engine.Engine ROLLBACK
2026-02-01 16:08:30,008 INFO sqlalchemy.engine.Engine BEGIN (implicit)
2026-02-01 16:08:30,009 INFO sqlalchemy.engine.Engine SELECT users.id, users.email, users.password_hash, users.full_name, users.role, users.avatar_url, users.team_id, users.is_active, users.created_at, users.updated_at 
FROM users 
WHERE users.id = ?
2026-02-01 16:08:30,009 INFO sqlalchemy.engine.Engine [cached since 2231s ago] ('755784f9-c9f6-43e9-99ab-cf27b029380c',)
2026-02-01 16:08:30,013 INFO sqlalchemy.engine.Engine SELECT tasks.id, tasks.title, tasks.description, tasks.column_id, tasks.position, tasks.priority, tasks.assignee_id, tasks.creator_id, tasks.deadline, tasks.estimated_hours, tasks.actual_hours, tasks.tags, tasks.is_deleted, tasks.completed_at, tasks.created_at, tasks.updated_at, tasks.version 
FROM tasks 
WHERE tasks.column_id = ? AND tasks.is_deleted = 0 ORDER BY tasks.position
2026-02-01 16:08:30,013 INFO sqlalchemy.engine.Engine [cached since 0.07715s ago] ('b83ccd92-956f-4445-a00e-66a5cc5f8951',)
INFO:     127.0.0.1:53758 - "GET /api/v1/tasks?column_id=b83ccd92-956f-4445-a00e-66a5cc5f8951 HTTP/1.1" 200 OK
2026-02-01 16:08:30,019 INFO sqlalchemy.engine.Engine ROLLBACK
2026-02-01 16:08:30,028 INFO sqlalchemy.engine.Engine BEGIN (implicit)
2026-02-01 16:08:30,029 INFO sqlalchemy.engine.Engine SELECT users.id, users.email, users.password_hash, users.full_name, users.role, users.avatar_url, users.team_id, users.is_active, users.created_at, users.updated_at 
FROM users 
WHERE users.id = ?
2026-02-01 16:08:30,029 INFO sqlalchemy.engine.Engine [cached since 2231s ago] ('755784f9-c9f6-43e9-99ab-cf27b029380c',)
2026-02-01 16:08:30,032 INFO sqlalchemy.engine.Engine SELECT tasks.id, tasks.title, tasks.description, tasks.column_id, tasks.position, tasks.priority, tasks.assignee_id, tasks.creator_id, tasks.deadline, tasks.estimated_hours, tasks.actual_hours, tasks.tags, tasks.is_deleted, tasks.completed_at, tasks.created_at, tasks.updated_at, tasks.version 
FROM tasks 
WHERE tasks.column_id = ? AND tasks.is_deleted = 0 ORDER BY tasks.position
2026-02-01 16:08:30,032 INFO sqlalchemy.engine.Engine [cached since 0.09629s ago] ('28173829-5d7c-4930-9c05-43f468afccc9',)
INFO:     127.0.0.1:53758 - "GET /api/v1/tasks?column_id=28173829-5d7c-4930-9c05-43f468afccc9 HTTP/1.1" 200 OK
2026-02-01 16:08:30,036 INFO sqlalchemy.engine.Engine ROLLBACK
2026-02-01 16:08:36,318 INFO sqlalchemy.engine.Engine BEGIN (implicit)
2026-02-01 16:08:36,318 INFO sqlalchemy.engine.Engine SELECT users.id, users.email, users.password_hash, users.full_name, users.role, users.avatar_url, users.team_id, users.is_active, users.created_at, users.updated_at 
FROM users 
WHERE users.id = ?
2026-02-01 16:08:36,318 INFO sqlalchemy.engine.Engine [cached since 2237s ago] ('755784f9-c9f6-43e9-99ab-cf27b029380c',)
2026-02-01 16:08:36,320 INFO sqlalchemy.engine.Engine INSERT INTO columns (id, name, board_id, position, wip_limit, color, created_at, updated_at) VALUES (?, ?, ?, ?, ?, ?, ?, ?)
2026-02-01 16:08:36,321 INFO sqlalchemy.engine.Engine [generated in 0.00026s] ('96e59beb-c677-4679-b035-e6c4e843ffa3', '222', 'd35d4c48-0ac8-4303-98a3-f696701a6658', 4, None, None, '2026-02-01 14:08:36.320820', '2026-02-01 14:08:36.320823')
2026-02-01 16:08:36,323 INFO sqlalchemy.engine.Engine COMMIT
2026-02-01 16:08:36,475 INFO sqlalchemy.engine.Engine BEGIN (implicit)
2026-02-01 16:08:36,477 INFO sqlalchemy.engine.Engine SELECT columns.id, columns.name, columns.board_id, columns.position, columns.wip_limit, columns.color, columns.created_at, columns.updated_at 
FROM columns 
WHERE columns.id = ?
2026-02-01 16:08:36,477 INFO sqlalchemy.engine.Engine [generated in 0.00033s] ('96e59beb-c677-4679-b035-e6c4e843ffa3',)
INFO:     127.0.0.1:53759 - "POST /api/v1/boards/columns HTTP/1.1" 200 OK
2026-02-01 16:08:36,479 INFO sqlalchemy.engine.Engine ROLLBACK
2026-02-01 16:08:36,500 INFO sqlalchemy.engine.Engine BEGIN (implicit)
2026-02-01 16:08:36,501 INFO sqlalchemy.engine.Engine SELECT users.id, users.email, users.password_hash, users.full_name, users.role, users.avatar_url, users.team_id, users.is_active, users.created_at, users.updated_at 
FROM users 
WHERE users.id = ?
2026-02-01 16:08:36,501 INFO sqlalchemy.engine.Engine [cached since 2237s ago] ('755784f9-c9f6-43e9-99ab-cf27b029380c',)
2026-02-01 16:08:36,503 INFO sqlalchemy.engine.Engine SELECT columns.id, columns.name, columns.board_id, columns.position, columns.wip_limit, columns.color, columns.created_at, columns.updated_at 
FROM columns 
WHERE columns.board_id = ? ORDER BY columns.position
2026-02-01 16:08:36,503 INFO sqlalchemy.engine.Engine [cached since 6.623s ago] ('d35d4c48-0ac8-4303-98a3-f696701a6658',)
2026-02-01 16:08:36,506 INFO sqlalchemy.engine.Engine SELECT count(tasks.id) AS count_1 
FROM tasks 
WHERE tasks.column_id = ? AND tasks.is_deleted = 0
2026-02-01 16:08:36,506 INFO sqlalchemy.engine.Engine [cached since 6.617s ago] ('6b831f1c-d2b3-44dc-80db-7b1904173765',)
2026-02-01 16:08:36,508 INFO sqlalchemy.engine.Engine SELECT count(tasks.id) AS count_1 
FROM tasks 
WHERE tasks.column_id = ? AND tasks.is_deleted = 0
2026-02-01 16:08:36,509 INFO sqlalchemy.engine.Engine [cached since 6.62s ago] ('fdd597e2-2d7e-4fc4-acec-919a36fa71f0',)
2026-02-01 16:08:36,510 INFO sqlalchemy.engine.Engine SELECT count(tasks.id) AS count_1 
FROM tasks 
WHERE tasks.column_id = ? AND tasks.is_deleted = 0
2026-02-01 16:08:36,511 INFO sqlalchemy.engine.Engine [cached since 6.622s ago] ('b83ccd92-956f-4445-a00e-66a5cc5f8951',)
2026-02-01 16:08:36,513 INFO sqlalchemy.engine.Engine SELECT count(tasks.id) AS count_1 
FROM tasks 
WHERE tasks.column_id = ? AND tasks.is_deleted = 0
2026-02-01 16:08:36,513 INFO sqlalchemy.engine.Engine [cached since 6.624s ago] ('28173829-5d7c-4930-9c05-43f468afccc9',)
2026-02-01 16:08:36,515 INFO sqlalchemy.engine.Engine SELECT count(tasks.id) AS count_1 
FROM tasks 
WHERE tasks.column_id = ? AND tasks.is_deleted = 0
2026-02-01 16:08:36,515 INFO sqlalchemy.engine.Engine [cached since 6.627s ago] ('96e59beb-c677-4679-b035-e6c4e843ffa3',)
INFO:     127.0.0.1:53759 - "GET /api/v1/boards/d35d4c48-0ac8-4303-98a3-f696701a6658/columns HTTP/1.1" 200 OK
2026-02-01 16:08:36,517 INFO sqlalchemy.engine.Engine ROLLBACK
2026-02-01 16:08:36,531 INFO sqlalchemy.engine.Engine BEGIN (implicit)
2026-02-01 16:08:36,532 INFO sqlalchemy.engine.Engine SELECT users.id, users.email, users.password_hash, users.full_name, users.role, users.avatar_url, users.team_id, users.is_active, users.created_at, users.updated_at 
FROM users 
WHERE users.id = ?
2026-02-01 16:08:36,532 INFO sqlalchemy.engine.Engine [cached since 2237s ago] ('755784f9-c9f6-43e9-99ab-cf27b029380c',)
2026-02-01 16:08:36,535 INFO sqlalchemy.engine.Engine SELECT tasks.id, tasks.title, tasks.description, tasks.column_id, tasks.position, tasks.priority, tasks.assignee_id, tasks.creator_id, tasks.deadline, tasks.estimated_hours, tasks.actual_hours, tasks.tags, tasks.is_deleted, tasks.completed_at, tasks.created_at, tasks.updated_at, tasks.version 
FROM tasks 
WHERE tasks.column_id = ? AND tasks.is_deleted = 0 ORDER BY tasks.position
2026-02-01 16:08:36,535 INFO sqlalchemy.engine.Engine [cached since 6.599s ago] ('6b831f1c-d2b3-44dc-80db-7b1904173765',)
INFO:     127.0.0.1:53759 - "GET /api/v1/tasks?column_id=6b831f1c-d2b3-44dc-80db-7b1904173765 HTTP/1.1" 200 OK
2026-02-01 16:08:36,537 INFO sqlalchemy.engine.Engine ROLLBACK
2026-02-01 16:08:36,551 INFO sqlalchemy.engine.Engine BEGIN (implicit)
2026-02-01 16:08:36,551 INFO sqlalchemy.engine.Engine SELECT users.id, users.email, users.password_hash, users.full_name, users.role, users.avatar_url, users.team_id, users.is_active, users.created_at, users.updated_at 
FROM users 
WHERE users.id = ?
2026-02-01 16:08:36,551 INFO sqlalchemy.engine.Engine [cached since 2237s ago] ('755784f9-c9f6-43e9-99ab-cf27b029380c',)
2026-02-01 16:08:36,555 INFO sqlalchemy.engine.Engine SELECT tasks.id, tasks.title, tasks.description, tasks.column_id, tasks.position, tasks.priority, tasks.assignee_id, tasks.creator_id, tasks.deadline, tasks.estimated_hours, tasks.actual_hours, tasks.tags, tasks.is_deleted, tasks.completed_at, tasks.created_at, tasks.updated_at, tasks.version 
FROM tasks 
WHERE tasks.column_id = ? AND tasks.is_deleted = 0 ORDER BY tasks.position
2026-02-01 16:08:36,555 INFO sqlalchemy.engine.Engine [cached since 6.619s ago] ('fdd597e2-2d7e-4fc4-acec-919a36fa71f0',)
INFO:     127.0.0.1:53759 - "GET /api/v1/tasks?column_id=fdd597e2-2d7e-4fc4-acec-919a36fa71f0 HTTP/1.1" 200 OK
2026-02-01 16:08:36,559 INFO sqlalchemy.engine.Engine ROLLBACK
2026-02-01 16:08:36,571 INFO sqlalchemy.engine.Engine BEGIN (implicit)
2026-02-01 16:08:36,572 INFO sqlalchemy.engine.Engine SELECT users.id, users.email, users.password_hash, users.full_name, users.role, users.avatar_url, users.team_id, users.is_active, users.created_at, users.updated_at 
FROM users 
WHERE users.id = ?
2026-02-01 16:08:36,572 INFO sqlalchemy.engine.Engine [cached since 2237s ago] ('755784f9-c9f6-43e9-99ab-cf27b029380c',)
2026-02-01 16:08:36,576 INFO sqlalchemy.engine.Engine SELECT tasks.id, tasks.title, tasks.description, tasks.column_id, tasks.position, tasks.priority, tasks.assignee_id, tasks.creator_id, tasks.deadline, tasks.estimated_hours, tasks.actual_hours, tasks.tags, tasks.is_deleted, tasks.completed_at, tasks.created_at, tasks.updated_at, tasks.version 
FROM tasks 
WHERE tasks.column_id = ? AND tasks.is_deleted = 0 ORDER BY tasks.position
2026-02-01 16:08:36,576 INFO sqlalchemy.engine.Engine [cached since 6.64s ago] ('b83ccd92-956f-4445-a00e-66a5cc5f8951',)
INFO:     127.0.0.1:53759 - "GET /api/v1/tasks?column_id=b83ccd92-956f-4445-a00e-66a5cc5f8951 HTTP/1.1" 200 OK
2026-02-01 16:08:36,580 INFO sqlalchemy.engine.Engine ROLLBACK
2026-02-01 16:08:36,631 INFO sqlalchemy.engine.Engine BEGIN (implicit)
2026-02-01 16:08:36,632 INFO sqlalchemy.engine.Engine SELECT users.id, users.email, users.password_hash, users.full_name, users.role, users.avatar_url, users.team_id, users.is_active, users.created_at, users.updated_at 
FROM users 
WHERE users.id = ?
2026-02-01 16:08:36,632 INFO sqlalchemy.engine.Engine [cached since 2237s ago] ('755784f9-c9f6-43e9-99ab-cf27b029380c',)
2026-02-01 16:08:36,634 INFO sqlalchemy.engine.Engine SELECT tasks.id, tasks.title, tasks.description, tasks.column_id, tasks.position, tasks.priority, tasks.assignee_id, tasks.creator_id, tasks.deadline, tasks.estimated_hours, tasks.actual_hours, tasks.tags, tasks.is_deleted, tasks.completed_at, tasks.created_at, tasks.updated_at, tasks.version 
FROM tasks 
WHERE tasks.column_id = ? AND tasks.is_deleted = 0 ORDER BY tasks.position
2026-02-01 16:08:36,634 INFO sqlalchemy.engine.Engine [cached since 6.698s ago] ('28173829-5d7c-4930-9c05-43f468afccc9',)
INFO:     127.0.0.1:53759 - "GET /api/v1/tasks?column_id=28173829-5d7c-4930-9c05-43f468afccc9 HTTP/1.1" 200 OK
2026-02-01 16:08:36,636 INFO sqlalchemy.engine.Engine ROLLBACK
2026-02-01 16:08:36,645 INFO sqlalchemy.engine.Engine BEGIN (implicit)
2026-02-01 16:08:36,645 INFO sqlalchemy.engine.Engine SELECT users.id, users.email, users.password_hash, users.full_name, users.role, users.avatar_url, users.team_id, users.is_active, users.created_at, users.updated_at 
FROM users 
WHERE users.id = ?
2026-02-01 16:08:36,645 INFO sqlalchemy.engine.Engine [cached since 2237s ago] ('755784f9-c9f6-43e9-99ab-cf27b029380c',)
2026-02-01 16:08:36,647 INFO sqlalchemy.engine.Engine SELECT tasks.id, tasks.title, tasks.description, tasks.column_id, tasks.position, tasks.priority, tasks.assignee_id, tasks.creator_id, tasks.deadline, tasks.estimated_hours, tasks.actual_hours, tasks.tags, tasks.is_deleted, tasks.completed_at, tasks.created_at, tasks.updated_at, tasks.version 
FROM tasks 
WHERE tasks.column_id = ? AND tasks.is_deleted = 0 ORDER BY tasks.position
2026-02-01 16:08:36,647 INFO sqlalchemy.engine.Engine [cached since 6.711s ago] ('96e59beb-c677-4679-b035-e6c4e843ffa3',)
INFO:     127.0.0.1:53759 - "GET /api/v1/tasks?column_id=96e59beb-c677-4679-b035-e6c4e843ffa3 HTTP/1.1" 200 OK
2026-02-01 16:08:36,650 INFO sqlalchemy.engine.Engine ROLLBACK
2026-02-01 16:08:38,149 INFO sqlalchemy.engine.Engine BEGIN (implicit)
2026-02-01 16:08:38,150 INFO sqlalchemy.engine.Engine SELECT users.id, users.email, users.password_hash, users.full_name, users.role, users.avatar_url, users.team_id, users.is_active, users.created_at, users.updated_at 
FROM users 
WHERE users.id = ?
2026-02-01 16:08:38,150 INFO sqlalchemy.engine.Engine [cached since 2239s ago] ('755784f9-c9f6-43e9-99ab-cf27b029380c',)
2026-02-01 16:08:38,152 INFO sqlalchemy.engine.Engine SELECT columns.id, columns.name, columns.board_id, columns.position, columns.wip_limit, columns.color, columns.created_at, columns.updated_at 
FROM columns 
WHERE columns.board_id = ? ORDER BY columns.position
2026-02-01 16:08:38,152 INFO sqlalchemy.engine.Engine [cached since 8.272s ago] ('d35d4c48-0ac8-4303-98a3-f696701a6658',)
2026-02-01 16:08:38,153 INFO sqlalchemy.engine.Engine SELECT count(tasks.id) AS count_1 
FROM tasks 
WHERE tasks.column_id = ? AND tasks.is_deleted = 0
2026-02-01 16:08:38,153 INFO sqlalchemy.engine.Engine [cached since 8.265s ago] ('6b831f1c-d2b3-44dc-80db-7b1904173765',)
2026-02-01 16:08:38,155 INFO sqlalchemy.engine.Engine SELECT count(tasks.id) AS count_1 
FROM tasks 
WHERE tasks.column_id = ? AND tasks.is_deleted = 0
2026-02-01 16:08:38,155 INFO sqlalchemy.engine.Engine [cached since 8.267s ago] ('fdd597e2-2d7e-4fc4-acec-919a36fa71f0',)
2026-02-01 16:08:38,156 INFO sqlalchemy.engine.Engine SELECT count(tasks.id) AS count_1 
FROM tasks 
WHERE tasks.column_id = ? AND tasks.is_deleted = 0
2026-02-01 16:08:38,157 INFO sqlalchemy.engine.Engine [cached since 8.268s ago] ('b83ccd92-956f-4445-a00e-66a5cc5f8951',)
2026-02-01 16:08:38,158 INFO sqlalchemy.engine.Engine SELECT count(tasks.id) AS count_1 
FROM tasks 
WHERE tasks.column_id = ? AND tasks.is_deleted = 0
2026-02-01 16:08:38,158 INFO sqlalchemy.engine.Engine [cached since 8.27s ago] ('28173829-5d7c-4930-9c05-43f468afccc9',)
2026-02-01 16:08:38,160 INFO sqlalchemy.engine.Engine SELECT count(tasks.id) AS count_1 
FROM tasks 
WHERE tasks.column_id = ? AND tasks.is_deleted = 0
2026-02-01 16:08:38,160 INFO sqlalchemy.engine.Engine [cached since 8.272s ago] ('96e59beb-c677-4679-b035-e6c4e843ffa3',)
INFO:     127.0.0.1:53759 - "GET /api/v1/boards/d35d4c48-0ac8-4303-98a3-f696701a6658/columns HTTP/1.1" 200 OK
2026-02-01 16:08:38,162 INFO sqlalchemy.engine.Engine ROLLBACK
2026-02-01 16:08:38,176 INFO sqlalchemy.engine.Engine BEGIN (implicit)
2026-02-01 16:08:38,176 INFO sqlalchemy.engine.Engine SELECT users.id, users.email, users.password_hash, users.full_name, users.role, users.avatar_url, users.team_id, users.is_active, users.created_at, users.updated_at 
FROM users 
WHERE users.id = ?
2026-02-01 16:08:38,176 INFO sqlalchemy.engine.Engine [cached since 2239s ago] ('755784f9-c9f6-43e9-99ab-cf27b029380c',)
2026-02-01 16:08:38,178 INFO sqlalchemy.engine.Engine SELECT tasks.id, tasks.title, tasks.description, tasks.column_id, tasks.position, tasks.priority, tasks.assignee_id, tasks.creator_id, tasks.deadline, tasks.estimated_hours, tasks.actual_hours, tasks.tags, tasks.is_deleted, tasks.completed_at, tasks.created_at, tasks.updated_at, tasks.version 
FROM tasks 
WHERE tasks.column_id = ? AND tasks.is_deleted = 0 ORDER BY tasks.position
2026-02-01 16:08:38,178 INFO sqlalchemy.engine.Engine [cached since 8.242s ago] ('6b831f1c-d2b3-44dc-80db-7b1904173765',)
INFO:     127.0.0.1:53759 - "GET /api/v1/tasks?column_id=6b831f1c-d2b3-44dc-80db-7b1904173765 HTTP/1.1" 200 OK
2026-02-01 16:08:38,180 INFO sqlalchemy.engine.Engine ROLLBACK
2026-02-01 16:08:38,240 INFO sqlalchemy.engine.Engine BEGIN (implicit)
2026-02-01 16:08:38,241 INFO sqlalchemy.engine.Engine SELECT users.id, users.email, users.password_hash, users.full_name, users.role, users.avatar_url, users.team_id, users.is_active, users.created_at, users.updated_at 
FROM users 
WHERE users.id = ?
2026-02-01 16:08:38,241 INFO sqlalchemy.engine.Engine [cached since 2239s ago] ('755784f9-c9f6-43e9-99ab-cf27b029380c',)
2026-02-01 16:08:38,243 INFO sqlalchemy.engine.Engine SELECT tasks.id, tasks.title, tasks.description, tasks.column_id, tasks.position, tasks.priority, tasks.assignee_id, tasks.creator_id, tasks.deadline, tasks.estimated_hours, tasks.actual_hours, tasks.tags, tasks.is_deleted, tasks.completed_at, tasks.created_at, tasks.updated_at, tasks.version 
FROM tasks 
WHERE tasks.column_id = ? AND tasks.is_deleted = 0 ORDER BY tasks.position
2026-02-01 16:08:38,244 INFO sqlalchemy.engine.Engine [cached since 8.308s ago] ('fdd597e2-2d7e-4fc4-acec-919a36fa71f0',)
INFO:     127.0.0.1:53759 - "GET /api/v1/tasks?column_id=fdd597e2-2d7e-4fc4-acec-919a36fa71f0 HTTP/1.1" 200 OK
2026-02-01 16:08:38,245 INFO sqlalchemy.engine.Engine ROLLBACK
2026-02-01 16:08:38,261 INFO sqlalchemy.engine.Engine BEGIN (implicit)
2026-02-01 16:08:38,261 INFO sqlalchemy.engine.Engine SELECT users.id, users.email, users.password_hash, users.full_name, users.role, users.avatar_url, users.team_id, users.is_active, users.created_at, users.updated_at 
FROM users 
WHERE users.id = ?
2026-02-01 16:08:38,261 INFO sqlalchemy.engine.Engine [cached since 2239s ago] ('755784f9-c9f6-43e9-99ab-cf27b029380c',)
2026-02-01 16:08:38,266 INFO sqlalchemy.engine.Engine SELECT tasks.id, tasks.title, tasks.description, tasks.column_id, tasks.position, tasks.priority, tasks.assignee_id, tasks.creator_id, tasks.deadline, tasks.estimated_hours, tasks.actual_hours, tasks.tags, tasks.is_deleted, tasks.completed_at, tasks.created_at, tasks.updated_at, tasks.version 
FROM tasks 
WHERE tasks.column_id = ? AND tasks.is_deleted = 0 ORDER BY tasks.position
2026-02-01 16:08:38,266 INFO sqlalchemy.engine.Engine [cached since 8.33s ago] ('b83ccd92-956f-4445-a00e-66a5cc5f8951',)
INFO:     127.0.0.1:53759 - "GET /api/v1/tasks?column_id=b83ccd92-956f-4445-a00e-66a5cc5f8951 HTTP/1.1" 200 OK
2026-02-01 16:08:38,269 INFO sqlalchemy.engine.Engine ROLLBACK
2026-02-01 16:08:38,298 INFO sqlalchemy.engine.Engine BEGIN (implicit)
2026-02-01 16:08:38,298 INFO sqlalchemy.engine.Engine SELECT users.id, users.email, users.password_hash, users.full_name, users.role, users.avatar_url, users.team_id, users.is_active, users.created_at, users.updated_at 
FROM users 
WHERE users.id = ?
2026-02-01 16:08:38,298 INFO sqlalchemy.engine.Engine [cached since 2239s ago] ('755784f9-c9f6-43e9-99ab-cf27b029380c',)
2026-02-01 16:08:38,301 INFO sqlalchemy.engine.Engine SELECT tasks.id, tasks.title, tasks.description, tasks.column_id, tasks.position, tasks.priority, tasks.assignee_id, tasks.creator_id, tasks.deadline, tasks.estimated_hours, tasks.actual_hours, tasks.tags, tasks.is_deleted, tasks.completed_at, tasks.created_at, tasks.updated_at, tasks.version 
FROM tasks 
WHERE tasks.column_id = ? AND tasks.is_deleted = 0 ORDER BY tasks.position
2026-02-01 16:08:38,301 INFO sqlalchemy.engine.Engine [cached since 8.365s ago] ('28173829-5d7c-4930-9c05-43f468afccc9',)
INFO:     127.0.0.1:53759 - "GET /api/v1/tasks?column_id=28173829-5d7c-4930-9c05-43f468afccc9 HTTP/1.1" 200 OK
2026-02-01 16:08:38,303 INFO sqlalchemy.engine.Engine ROLLBACK
2026-02-01 16:08:38,358 INFO sqlalchemy.engine.Engine BEGIN (implicit)
2026-02-01 16:08:38,358 INFO sqlalchemy.engine.Engine SELECT users.id, users.email, users.password_hash, users.full_name, users.role, users.avatar_url, users.team_id, users.is_active, users.created_at, users.updated_at 
FROM users 
WHERE users.id = ?
2026-02-01 16:08:38,358 INFO sqlalchemy.engine.Engine [cached since 2239s ago] ('755784f9-c9f6-43e9-99ab-cf27b029380c',)
2026-02-01 16:08:38,361 INFO sqlalchemy.engine.Engine SELECT tasks.id, tasks.title, tasks.description, tasks.column_id, tasks.position, tasks.priority, tasks.assignee_id, tasks.creator_id, tasks.deadline, tasks.estimated_hours, tasks.actual_hours, tasks.tags, tasks.is_deleted, tasks.completed_at, tasks.created_at, tasks.updated_at, tasks.version 
FROM tasks 
WHERE tasks.column_id = ? AND tasks.is_deleted = 0 ORDER BY tasks.position
2026-02-01 16:08:38,362 INFO sqlalchemy.engine.Engine [cached since 8.426s ago] ('96e59beb-c677-4679-b035-e6c4e843ffa3',)
INFO:     127.0.0.1:53759 - "GET /api/v1/tasks?column_id=96e59beb-c677-4679-b035-e6c4e843ffa3 HTTP/1.1" 200 OK
2026-02-01 16:08:38,363 INFO sqlalchemy.engine.Engine ROLLBACK
2026-02-01 16:08:41,191 INFO sqlalchemy.engine.Engine BEGIN (implicit)
2026-02-01 16:08:41,191 INFO sqlalchemy.engine.Engine SELECT users.id, users.email, users.password_hash, users.full_name, users.role, users.avatar_url, users.team_id, users.is_active, users.created_at, users.updated_at 
FROM users 
WHERE users.id = ?
2026-02-01 16:08:41,191 INFO sqlalchemy.engine.Engine [cached since 2242s ago] ('755784f9-c9f6-43e9-99ab-cf27b029380c',)
2026-02-01 16:08:41,194 INFO sqlalchemy.engine.Engine SELECT boards.id 
FROM boards 
WHERE boards.team_id = ?
2026-02-01 16:08:41,194 INFO sqlalchemy.engine.Engine [generated in 0.00029s] ('04aac256-4606-4bc4-aeaa-ab8beaeda98e',)
2026-02-01 16:08:41,196 INFO sqlalchemy.engine.Engine SELECT columns.id, columns.name, columns.board_id, columns.position, columns.wip_limit, columns.color, columns.created_at, columns.updated_at 
FROM columns 
WHERE columns.board_id IN (?)
2026-02-01 16:08:41,196 INFO sqlalchemy.engine.Engine [generated in 0.00034s] ('d35d4c48-0ac8-4303-98a3-f696701a6658',)
2026-02-01 16:08:41,199 INFO sqlalchemy.engine.Engine SELECT count(tasks.id) AS count_1 
FROM tasks 
WHERE tasks.column_id IN (?, ?, ?, ?, ?) AND tasks.is_deleted = 0
2026-02-01 16:08:41,199 INFO sqlalchemy.engine.Engine [generated in 0.00022s] ('6b831f1c-d2b3-44dc-80db-7b1904173765', 'fdd597e2-2d7e-4fc4-acec-919a36fa71f0', 'b83ccd92-956f-4445-a00e-66a5cc5f8951', '28173829-5d7c-4930-9c05-43f468afccc9', '96e59beb-c677-4679-b035-e6c4e843ffa3')
2026-02-01 16:08:41,201 INFO sqlalchemy.engine.Engine SELECT count(tasks.id) AS count_1 
FROM tasks 
WHERE tasks.column_id IN (?) AND tasks.is_deleted = 0
2026-02-01 16:08:41,201 INFO sqlalchemy.engine.Engine [cached since 0.002652s ago] ('28173829-5d7c-4930-9c05-43f468afccc9',)
2026-02-01 16:08:41,203 INFO sqlalchemy.engine.Engine SELECT count(tasks.id) AS count_1 
FROM tasks 
WHERE tasks.column_id IN (?) AND tasks.is_deleted = 0
2026-02-01 16:08:41,203 INFO sqlalchemy.engine.Engine [cached since 0.004909s ago] ('fdd597e2-2d7e-4fc4-acec-919a36fa71f0',)
2026-02-01 16:08:41,207 INFO sqlalchemy.engine.Engine SELECT count(tasks.id) AS count_1 
FROM tasks 
WHERE tasks.column_id IN (?, ?, ?, ?, ?) AND tasks.is_deleted = 0 AND tasks.deadline < ? AND tasks.completed_at IS NULL
2026-02-01 16:08:41,208 INFO sqlalchemy.engine.Engine [generated in 0.00025s] ('6b831f1c-d2b3-44dc-80db-7b1904173765', 'fdd597e2-2d7e-4fc4-acec-919a36fa71f0', 'b83ccd92-956f-4445-a00e-66a5cc5f8951', '28173829-5d7c-4930-9c05-43f468afccc9', '96e59beb-c677-4679-b035-e6c4e843ffa3', '2026-02-01 14:08:41.205885')
2026-02-01 16:08:41,213 INFO sqlalchemy.engine.Engine SELECT avg(julianday(tasks.completed_at) - julianday(tasks.created_at)) AS avg_1 
FROM tasks 
WHERE tasks.column_id IN (?, ?, ?, ?, ?) AND tasks.completed_at IS NOT NULL
2026-02-01 16:08:41,213 INFO sqlalchemy.engine.Engine [generated in 0.00035s] ('6b831f1c-d2b3-44dc-80db-7b1904173765', 'fdd597e2-2d7e-4fc4-acec-919a36fa71f0', 'b83ccd92-956f-4445-a00e-66a5cc5f8951', '28173829-5d7c-4930-9c05-43f468afccc9', '96e59beb-c677-4679-b035-e6c4e843ffa3')
INFO:     127.0.0.1:53759 - "GET /api/v1/analytics/dashboard?team_id=04aac256-4606-4bc4-aeaa-ab8beaeda98e HTTP/1.1" 200 OK
2026-02-01 16:08:41,215 INFO sqlalchemy.engine.Engine ROLLBACK
2026-02-01 16:08:41,289 INFO sqlalchemy.engine.Engine BEGIN (implicit)
2026-02-01 16:08:41,289 INFO sqlalchemy.engine.Engine SELECT users.id, users.email, users.password_hash, users.full_name, users.role, users.avatar_url, users.team_id, users.is_active, users.created_at, users.updated_at 
FROM users 
WHERE users.id = ?
2026-02-01 16:08:41,289 INFO sqlalchemy.engine.Engine [cached since 2242s ago] ('755784f9-c9f6-43e9-99ab-cf27b029380c',)
2026-02-01 16:08:41,293 INFO sqlalchemy.engine.Engine SELECT users.id, users.email, users.password_hash, users.full_name, users.role, users.avatar_url, users.team_id, users.is_active, users.created_at, users.updated_at 
FROM users 
WHERE users.team_id = ? AND users.is_active = 1
2026-02-01 16:08:41,293 INFO sqlalchemy.engine.Engine [generated in 0.00022s] ('04aac256-4606-4bc4-aeaa-ab8beaeda98e',)
2026-02-01 16:08:41,295 INFO sqlalchemy.engine.Engine SELECT boards.id 
FROM boards 
WHERE boards.team_id = ?
2026-02-01 16:08:41,295 INFO sqlalchemy.engine.Engine [cached since 0.102s ago] ('04aac256-4606-4bc4-aeaa-ab8beaeda98e',)
2026-02-01 16:08:41,297 INFO sqlalchemy.engine.Engine SELECT columns.id 
FROM columns 
WHERE columns.board_id IN (?)
2026-02-01 16:08:41,298 INFO sqlalchemy.engine.Engine [generated in 0.00026s] ('d35d4c48-0ac8-4303-98a3-f696701a6658',)
2026-02-01 16:08:41,301 INFO sqlalchemy.engine.Engine SELECT avg(julianday(tasks.completed_at) - julianday(tasks.created_at)) AS avg_1, count(tasks.id) AS count_1 
FROM tasks 
WHERE tasks.column_id IN (?, ?, ?, ?, ?) AND tasks.assignee_id = ? AND tasks.completed_at IS NOT NULL
2026-02-01 16:08:41,302 INFO sqlalchemy.engine.Engine [generated in 0.00048s] ('6b831f1c-d2b3-44dc-80db-7b1904173765', 'fdd597e2-2d7e-4fc4-acec-919a36fa71f0', 'b83ccd92-956f-4445-a00e-66a5cc5f8951', '28173829-5d7c-4930-9c05-43f468afccc9', '96e59beb-c677-4679-b035-e6c4e843ffa3', '755784f9-c9f6-43e9-99ab-cf27b029380c')
INFO:     127.0.0.1:53759 - "GET /api/v1/analytics/cycle-time?team_id=04aac256-4606-4bc4-aeaa-ab8beaeda98e HTTP/1.1" 200 OK
2026-02-01 16:08:41,323 INFO sqlalchemy.engine.Engine ROLLBACK
2026-02-01 16:08:44,226 INFO sqlalchemy.engine.Engine BEGIN (implicit)
2026-02-01 16:08:44,226 INFO sqlalchemy.engine.Engine SELECT users.id, users.email, users.password_hash, users.full_name, users.role, users.avatar_url, users.team_id, users.is_active, users.created_at, users.updated_at 
FROM users 
WHERE users.id = ?
2026-02-01 16:08:44,226 INFO sqlalchemy.engine.Engine [cached since 2245s ago] ('755784f9-c9f6-43e9-99ab-cf27b029380c',)
2026-02-01 16:08:44,229 INFO sqlalchemy.engine.Engine SELECT boards.id 
FROM boards 
WHERE boards.team_id = ?
2026-02-01 16:08:44,229 INFO sqlalchemy.engine.Engine [cached since 3.036s ago] ('04aac256-4606-4bc4-aeaa-ab8beaeda98e',)
2026-02-01 16:08:44,231 INFO sqlalchemy.engine.Engine SELECT columns.id, columns.name, columns.board_id, columns.position, columns.wip_limit, columns.color, columns.created_at, columns.updated_at 
FROM columns 
WHERE columns.board_id IN (?)
2026-02-01 16:08:44,231 INFO sqlalchemy.engine.Engine [cached since 3.035s ago] ('d35d4c48-0ac8-4303-98a3-f696701a6658',)
2026-02-01 16:08:44,233 INFO sqlalchemy.engine.Engine SELECT count(tasks.id) AS count_1 
FROM tasks 
WHERE tasks.column_id IN (?, ?, ?, ?, ?) AND tasks.is_deleted = 0
2026-02-01 16:08:44,233 INFO sqlalchemy.engine.Engine [cached since 3.035s ago] ('6b831f1c-d2b3-44dc-80db-7b1904173765', 'fdd597e2-2d7e-4fc4-acec-919a36fa71f0', 'b83ccd92-956f-4445-a00e-66a5cc5f8951', '28173829-5d7c-4930-9c05-43f468afccc9', '96e59beb-c677-4679-b035-e6c4e843ffa3')
2026-02-01 16:08:44,235 INFO sqlalchemy.engine.Engine SELECT count(tasks.id) AS count_1 
FROM tasks 
WHERE tasks.column_id IN (?) AND tasks.is_deleted = 0
2026-02-01 16:08:44,235 INFO sqlalchemy.engine.Engine [cached since 3.037s ago] ('28173829-5d7c-4930-9c05-43f468afccc9',)
2026-02-01 16:08:44,237 INFO sqlalchemy.engine.Engine SELECT count(tasks.id) AS count_1 
FROM tasks 
WHERE tasks.column_id IN (?) AND tasks.is_deleted = 0
2026-02-01 16:08:44,237 INFO sqlalchemy.engine.Engine [cached since 3.039s ago] ('fdd597e2-2d7e-4fc4-acec-919a36fa71f0',)
2026-02-01 16:08:44,239 INFO sqlalchemy.engine.Engine SELECT count(tasks.id) AS count_1 
FROM tasks 
WHERE tasks.column_id IN (?, ?, ?, ?, ?) AND tasks.is_deleted = 0 AND tasks.deadline < ? AND tasks.completed_at IS NULL
2026-02-01 16:08:44,239 INFO sqlalchemy.engine.Engine [cached since 3.032s ago] ('6b831f1c-d2b3-44dc-80db-7b1904173765', 'fdd597e2-2d7e-4fc4-acec-919a36fa71f0', 'b83ccd92-956f-4445-a00e-66a5cc5f8951', '28173829-5d7c-4930-9c05-43f468afccc9', '96e59beb-c677-4679-b035-e6c4e843ffa3', '2026-02-01 14:08:44.238646')
2026-02-01 16:08:44,241 INFO sqlalchemy.engine.Engine SELECT avg(julianday(tasks.completed_at) - julianday(tasks.created_at)) AS avg_1 
FROM tasks 
WHERE tasks.column_id IN (?, ?, ?, ?, ?) AND tasks.completed_at IS NOT NULL
2026-02-01 16:08:44,241 INFO sqlalchemy.engine.Engine [cached since 3.029s ago] ('6b831f1c-d2b3-44dc-80db-7b1904173765', 'fdd597e2-2d7e-4fc4-acec-919a36fa71f0', 'b83ccd92-956f-4445-a00e-66a5cc5f8951', '28173829-5d7c-4930-9c05-43f468afccc9', '96e59beb-c677-4679-b035-e6c4e843ffa3')
INFO:     127.0.0.1:53759 - "GET /api/v1/analytics/dashboard?team_id=04aac256-4606-4bc4-aeaa-ab8beaeda98e HTTP/1.1" 200 OK
2026-02-01 16:08:44,243 INFO sqlalchemy.engine.Engine ROLLBACK
2026-02-01 16:08:44,271 INFO sqlalchemy.engine.Engine BEGIN (implicit)
2026-02-01 16:08:44,271 INFO sqlalchemy.engine.Engine SELECT users.id, users.email, users.password_hash, users.full_name, users.role, users.avatar_url, users.team_id, users.is_active, users.created_at, users.updated_at 
FROM users 
WHERE users.id = ?
2026-02-01 16:08:44,271 INFO sqlalchemy.engine.Engine [cached since 2245s ago] ('755784f9-c9f6-43e9-99ab-cf27b029380c',)
2026-02-01 16:08:44,279 INFO sqlalchemy.engine.Engine SELECT users.id, users.email, users.password_hash, users.full_name, users.role, users.avatar_url, users.team_id, users.is_active, users.created_at, users.updated_at 
FROM users 
WHERE users.team_id = ? AND users.is_active = 1
2026-02-01 16:08:44,279 INFO sqlalchemy.engine.Engine [cached since 2.986s ago] ('04aac256-4606-4bc4-aeaa-ab8beaeda98e',)
2026-02-01 16:08:44,281 INFO sqlalchemy.engine.Engine SELECT boards.id 
FROM boards 
WHERE boards.team_id = ?
2026-02-01 16:08:44,282 INFO sqlalchemy.engine.Engine [cached since 3.088s ago] ('04aac256-4606-4bc4-aeaa-ab8beaeda98e',)
2026-02-01 16:08:44,284 INFO sqlalchemy.engine.Engine SELECT columns.id 
FROM columns 
WHERE columns.board_id IN (?)
2026-02-01 16:08:44,285 INFO sqlalchemy.engine.Engine [cached since 2.987s ago] ('d35d4c48-0ac8-4303-98a3-f696701a6658',)
2026-02-01 16:08:44,287 INFO sqlalchemy.engine.Engine SELECT avg(julianday(tasks.completed_at) - julianday(tasks.created_at)) AS avg_1, count(tasks.id) AS count_1 
FROM tasks 
WHERE tasks.column_id IN (?, ?, ?, ?, ?) AND tasks.assignee_id = ? AND tasks.completed_at IS NOT NULL
2026-02-01 16:08:44,287 INFO sqlalchemy.engine.Engine [cached since 2.986s ago] ('6b831f1c-d2b3-44dc-80db-7b1904173765', 'fdd597e2-2d7e-4fc4-acec-919a36fa71f0', 'b83ccd92-956f-4445-a00e-66a5cc5f8951', '28173829-5d7c-4930-9c05-43f468afccc9', '96e59beb-c677-4679-b035-e6c4e843ffa3', '755784f9-c9f6-43e9-99ab-cf27b029380c')
INFO:     127.0.0.1:53759 - "GET /api/v1/analytics/cycle-time?team_id=04aac256-4606-4bc4-aeaa-ab8beaeda98e HTTP/1.1" 200 OK
2026-02-01 16:08:44,289 INFO sqlalchemy.engine.Engine ROLLBACK
2026-02-01 16:10:25,119 INFO sqlalchemy.engine.Engine BEGIN (implicit)
2026-02-01 16:10:25,120 INFO sqlalchemy.engine.Engine SELECT users.id, users.email, users.password_hash, users.full_name, users.role, users.avatar_url, users.team_id, users.is_active, users.created_at, users.updated_at 
FROM users 
WHERE users.id = ?
2026-02-01 16:10:25,120 INFO sqlalchemy.engine.Engine [cached since 2346s ago] ('755784f9-c9f6-43e9-99ab-cf27b029380c',)
2026-02-01 16:10:25,123 INFO sqlalchemy.engine.Engine SELECT boards.id 
FROM boards 
WHERE boards.team_id = ?
2026-02-01 16:10:25,123 INFO sqlalchemy.engine.Engine [cached since 103.9s ago] ('04aac256-4606-4bc4-aeaa-ab8beaeda98e',)
2026-02-01 16:10:25,125 INFO sqlalchemy.engine.Engine SELECT columns.id, columns.name, columns.board_id, columns.position, columns.wip_limit, columns.color, columns.created_at, columns.updated_at 
FROM columns 
WHERE columns.board_id IN (?)
2026-02-01 16:10:25,125 INFO sqlalchemy.engine.Engine [cached since 103.9s ago] ('d35d4c48-0ac8-4303-98a3-f696701a6658',)
2026-02-01 16:10:25,129 INFO sqlalchemy.engine.Engine SELECT count(tasks.id) AS count_1 
FROM tasks 
WHERE tasks.column_id IN (?, ?, ?, ?, ?) AND tasks.is_deleted = 0
2026-02-01 16:10:25,129 INFO sqlalchemy.engine.Engine [cached since 103.9s ago] ('6b831f1c-d2b3-44dc-80db-7b1904173765', 'fdd597e2-2d7e-4fc4-acec-919a36fa71f0', 'b83ccd92-956f-4445-a00e-66a5cc5f8951', '28173829-5d7c-4930-9c05-43f468afccc9', '96e59beb-c677-4679-b035-e6c4e843ffa3')
2026-02-01 16:10:25,132 INFO sqlalchemy.engine.Engine SELECT count(tasks.id) AS count_1 
FROM tasks 
WHERE tasks.column_id IN (?) AND tasks.is_deleted = 0
2026-02-01 16:10:25,132 INFO sqlalchemy.engine.Engine [cached since 103.9s ago] ('28173829-5d7c-4930-9c05-43f468afccc9',)
2026-02-01 16:10:25,135 INFO sqlalchemy.engine.Engine SELECT count(tasks.id) AS count_1 
FROM tasks 
WHERE tasks.column_id IN (?) AND tasks.is_deleted = 0
2026-02-01 16:10:25,135 INFO sqlalchemy.engine.Engine [cached since 103.9s ago] ('fdd597e2-2d7e-4fc4-acec-919a36fa71f0',)
2026-02-01 16:10:25,138 INFO sqlalchemy.engine.Engine SELECT count(tasks.id) AS count_1 
FROM tasks 
WHERE tasks.column_id IN (?, ?, ?, ?, ?) AND tasks.is_deleted = 0 AND tasks.deadline < ? AND tasks.completed_at IS NULL
2026-02-01 16:10:25,139 INFO sqlalchemy.engine.Engine [cached since 103.9s ago] ('6b831f1c-d2b3-44dc-80db-7b1904173765', 'fdd597e2-2d7e-4fc4-acec-919a36fa71f0', 'b83ccd92-956f-4445-a00e-66a5cc5f8951', '28173829-5d7c-4930-9c05-43f468afccc9', '96e59beb-c677-4679-b035-e6c4e843ffa3', '2026-02-01 14:10:25.137908')
2026-02-01 16:10:25,141 INFO sqlalchemy.engine.Engine SELECT avg(julianday(tasks.completed_at) - julianday(tasks.created_at)) AS avg_1 
FROM tasks 
WHERE tasks.column_id IN (?, ?, ?, ?, ?) AND tasks.completed_at IS NOT NULL
2026-02-01 16:10:25,141 INFO sqlalchemy.engine.Engine [cached since 103.9s ago] ('6b831f1c-d2b3-44dc-80db-7b1904173765', 'fdd597e2-2d7e-4fc4-acec-919a36fa71f0', 'b83ccd92-956f-4445-a00e-66a5cc5f8951', '28173829-5d7c-4930-9c05-43f468afccc9', '96e59beb-c677-4679-b035-e6c4e843ffa3')
INFO:     127.0.0.1:53763 - "GET /api/v1/analytics/dashboard?team_id=04aac256-4606-4bc4-aeaa-ab8beaeda98e HTTP/1.1" 200 OK
2026-02-01 16:10:25,143 INFO sqlalchemy.engine.Engine ROLLBACK
2026-02-01 16:10:25,155 INFO sqlalchemy.engine.Engine BEGIN (implicit)
2026-02-01 16:10:25,155 INFO sqlalchemy.engine.Engine SELECT users.id, users.email, users.password_hash, users.full_name, users.role, users.avatar_url, users.team_id, users.is_active, users.created_at, users.updated_at 
FROM users 
WHERE users.id = ?
2026-02-01 16:10:25,155 INFO sqlalchemy.engine.Engine [cached since 2346s ago] ('755784f9-c9f6-43e9-99ab-cf27b029380c',)
2026-02-01 16:10:25,159 INFO sqlalchemy.engine.Engine SELECT users.id, users.email, users.password_hash, users.full_name, users.role, users.avatar_url, users.team_id, users.is_active, users.created_at, users.updated_at 
FROM users 
WHERE users.team_id = ? AND users.is_active = 1
2026-02-01 16:10:25,160 INFO sqlalchemy.engine.Engine [cached since 103.9s ago] ('04aac256-4606-4bc4-aeaa-ab8beaeda98e',)
2026-02-01 16:10:25,162 INFO sqlalchemy.engine.Engine SELECT boards.id 
FROM boards 
WHERE boards.team_id = ?
2026-02-01 16:10:25,162 INFO sqlalchemy.engine.Engine [cached since 104s ago] ('04aac256-4606-4bc4-aeaa-ab8beaeda98e',)
2026-02-01 16:10:25,164 INFO sqlalchemy.engine.Engine SELECT columns.id 
FROM columns 
WHERE columns.board_id IN (?)
2026-02-01 16:10:25,164 INFO sqlalchemy.engine.Engine [cached since 103.9s ago] ('d35d4c48-0ac8-4303-98a3-f696701a6658',)
2026-02-01 16:10:25,169 INFO sqlalchemy.engine.Engine SELECT avg(julianday(tasks.completed_at) - julianday(tasks.created_at)) AS avg_1, count(tasks.id) AS count_1 
FROM tasks 
WHERE tasks.column_id IN (?, ?, ?, ?, ?) AND tasks.assignee_id = ? AND tasks.completed_at IS NOT NULL
2026-02-01 16:10:25,169 INFO sqlalchemy.engine.Engine [cached since 103.9s ago] ('6b831f1c-d2b3-44dc-80db-7b1904173765', 'fdd597e2-2d7e-4fc4-acec-919a36fa71f0', 'b83ccd92-956f-4445-a00e-66a5cc5f8951', '28173829-5d7c-4930-9c05-43f468afccc9', '96e59beb-c677-4679-b035-e6c4e843ffa3', '755784f9-c9f6-43e9-99ab-cf27b029380c')
INFO:     127.0.0.1:53763 - "GET /api/v1/analytics/cycle-time?team_id=04aac256-4606-4bc4-aeaa-ab8beaeda98e HTTP/1.1" 200 OK
2026-02-01 16:10:25,171 INFO sqlalchemy.engine.Engine ROLLBACK
2026-02-01 16:10:35,202 INFO sqlalchemy.engine.Engine BEGIN (implicit)
2026-02-01 16:10:35,203 INFO sqlalchemy.engine.Engine SELECT users.id, users.email, users.password_hash, users.full_name, users.role, users.avatar_url, users.team_id, users.is_active, users.created_at, users.updated_at 
FROM users 
WHERE users.id = ?
2026-02-01 16:10:35,203 INFO sqlalchemy.engine.Engine [cached since 2356s ago] ('755784f9-c9f6-43e9-99ab-cf27b029380c',)
2026-02-01 16:10:35,205 INFO sqlalchemy.engine.Engine INSERT INTO teams (id, name, description, manager_id, invite_code, created_at, updated_at) VALUES (?, ?, ?, ?, ?, ?, ?)
2026-02-01 16:10:35,206 INFO sqlalchemy.engine.Engine [cached since 915.7s ago] ('22e75028-d2ea-47ca-bb55-82ecb873d034', 'fff', None, '755784f9-c9f6-43e9-99ab-cf27b029380c', 'hJeLp6OniHoj6FBSFZdnhg', '2026-02-01 14:10:35.205874', '2026-02-01 14:10:35.205879')
2026-02-01 16:10:35,208 INFO sqlalchemy.engine.Engine INSERT INTO boards (id, name, description, team_id, is_default, created_at, updated_at) VALUES (?, ?, ?, ?, ?, ?, ?)
2026-02-01 16:10:35,208 INFO sqlalchemy.engine.Engine [cached since 915.7s ago] ('db70135d-aae4-46df-80d6-c8645160091a', 'Основна дошка', None, '22e75028-d2ea-47ca-bb55-82ecb873d034', 1, '2026-02-01 14:10:35.208644', '2026-02-01 14:10:35.208648')
2026-02-01 16:10:35,209 INFO sqlalchemy.engine.Engine UPDATE users SET team_id=?, updated_at=? WHERE users.id = ?
2026-02-01 16:10:35,209 INFO sqlalchemy.engine.Engine [cached since 915.7s ago] ('22e75028-d2ea-47ca-bb55-82ecb873d034', '2026-02-01 14:10:35.209665', '755784f9-c9f6-43e9-99ab-cf27b029380c')
2026-02-01 16:10:35,211 INFO sqlalchemy.engine.Engine INSERT INTO columns (id, name, board_id, position, wip_limit, color, created_at, updated_at) VALUES (?, ?, ?, ?, ?, ?, ?, ?), (?, ?, ?, ?, ?, ?, ?, ?), (?, ?, ?, ?, ?, ?, ?, ?), (?, ?, ?, ?, ?, ?, ?, ?)
2026-02-01 16:10:35,211 INFO sqlalchemy.engine.Engine [cached since 915.7s ago (insertmanyvalues) 1/1 (unordered)] ('d98e4416-4750-4c50-af5f-77e804274bde', 'Очікує', 'db70135d-aae4-46df-80d6-c8645160091a', 0, None, None, '2026-02-01 14:10:35.211311', '2026-02-01 14:10:35.211315', 'db030b57-b9c9-4996-8f30-74ad7f04f648', 'В роботі', 'db70135d-aae4-46df-80d6-c8645160091a', 1, 5, None, '2026-02-01 14:10:35.211324', '2026-02-01 14:10:35.211325', 'd2dd1863-b9d3-4f70-8ffc-e0b443c40593', 'На перевірці', 'db70135d-aae4-46df-80d6-c8645160091a', 2, 3, None, '2026-02-01 14:10:35.211330', '2026-02-01 14:10:35.211331', 'de72d504-19ea-4dbd-a1fb-47b6a17167c9', 'Завершено', 'db70135d-aae4-46df-80d6-c8645160091a', 3, None, None, '2026-02-01 14:10:35.211335', '2026-02-01 14:10:35.211336')
2026-02-01 16:10:35,212 INFO sqlalchemy.engine.Engine COMMIT
2026-02-01 16:10:35,380 INFO sqlalchemy.engine.Engine BEGIN (implicit)
2026-02-01 16:10:35,380 INFO sqlalchemy.engine.Engine SELECT teams.id, teams.name, teams.description, teams.manager_id, teams.invite_code, teams.created_at, teams.updated_at 
FROM teams 
WHERE teams.id = ?
2026-02-01 16:10:35,380 INFO sqlalchemy.engine.Engine [cached since 915.8s ago] ('22e75028-d2ea-47ca-bb55-82ecb873d034',)
INFO:     127.0.0.1:53764 - "POST /api/v1/teams HTTP/1.1" 200 OK
2026-02-01 16:10:35,383 INFO sqlalchemy.engine.Engine ROLLBACK
2026-02-01 16:10:35,403 INFO sqlalchemy.engine.Engine BEGIN (implicit)
2026-02-01 16:10:35,403 INFO sqlalchemy.engine.Engine SELECT users.id, users.email, users.password_hash, users.full_name, users.role, users.avatar_url, users.team_id, users.is_active, users.created_at, users.updated_at 
FROM users 
WHERE users.id = ?
2026-02-01 16:10:35,403 INFO sqlalchemy.engine.Engine [cached since 2356s ago] ('755784f9-c9f6-43e9-99ab-cf27b029380c',)
INFO:     127.0.0.1:53764 - "GET /api/v1/users/me HTTP/1.1" 200 OK
2026-02-01 16:10:35,405 INFO sqlalchemy.engine.Engine ROLLBACK
2026-02-01 16:10:35,434 INFO sqlalchemy.engine.Engine BEGIN (implicit)
2026-02-01 16:10:35,434 INFO sqlalchemy.engine.Engine SELECT users.id, users.email, users.password_hash, users.full_name, users.role, users.avatar_url, users.team_id, users.is_active, users.created_at, users.updated_at 
FROM users 
WHERE users.id = ?
2026-02-01 16:10:35,435 INFO sqlalchemy.engine.Engine [cached since 2356s ago] ('755784f9-c9f6-43e9-99ab-cf27b029380c',)
2026-02-01 16:10:35,436 INFO sqlalchemy.engine.Engine SELECT boards.id, boards.name, boards.description, boards.team_id, boards.is_default, boards.created_at, boards.updated_at 
FROM boards 
WHERE boards.team_id = ?
2026-02-01 16:10:35,436 INFO sqlalchemy.engine.Engine [cached since 125.6s ago] ('22e75028-d2ea-47ca-bb55-82ecb873d034',)
INFO:     127.0.0.1:53764 - "GET /api/v1/boards?team_id=22e75028-d2ea-47ca-bb55-82ecb873d034 HTTP/1.1" 200 OK
2026-02-01 16:10:35,438 INFO sqlalchemy.engine.Engine ROLLBACK
2026-02-01 16:10:35,474 INFO sqlalchemy.engine.Engine BEGIN (implicit)
2026-02-01 16:10:35,474 INFO sqlalchemy.engine.Engine SELECT users.id, users.email, users.password_hash, users.full_name, users.role, users.avatar_url, users.team_id, users.is_active, users.created_at, users.updated_at 
FROM users 
WHERE users.id = ?
2026-02-01 16:10:35,474 INFO sqlalchemy.engine.Engine [cached since 2356s ago] ('755784f9-c9f6-43e9-99ab-cf27b029380c',)
2026-02-01 16:10:35,476 INFO sqlalchemy.engine.Engine SELECT columns.id, columns.name, columns.board_id, columns.position, columns.wip_limit, columns.color, columns.created_at, columns.updated_at 
FROM columns 
WHERE columns.board_id = ? ORDER BY columns.position
2026-02-01 16:10:35,476 INFO sqlalchemy.engine.Engine [cached since 125.6s ago] ('db70135d-aae4-46df-80d6-c8645160091a',)
2026-02-01 16:10:35,478 INFO sqlalchemy.engine.Engine SELECT count(tasks.id) AS count_1 
FROM tasks 
WHERE tasks.column_id = ? AND tasks.is_deleted = 0
2026-02-01 16:10:35,478 INFO sqlalchemy.engine.Engine [cached since 125.6s ago] ('d98e4416-4750-4c50-af5f-77e804274bde',)
2026-02-01 16:10:35,480 INFO sqlalchemy.engine.Engine SELECT count(tasks.id) AS count_1 
FROM tasks 
WHERE tasks.column_id = ? AND tasks.is_deleted = 0
2026-02-01 16:10:35,480 INFO sqlalchemy.engine.Engine [cached since 125.6s ago] ('db030b57-b9c9-4996-8f30-74ad7f04f648',)
2026-02-01 16:10:35,482 INFO sqlalchemy.engine.Engine SELECT count(tasks.id) AS count_1 
FROM tasks 
WHERE tasks.column_id = ? AND tasks.is_deleted = 0
2026-02-01 16:10:35,482 INFO sqlalchemy.engine.Engine [cached since 125.6s ago] ('d2dd1863-b9d3-4f70-8ffc-e0b443c40593',)
2026-02-01 16:10:35,484 INFO sqlalchemy.engine.Engine SELECT count(tasks.id) AS count_1 
FROM tasks 
WHERE tasks.column_id = ? AND tasks.is_deleted = 0
2026-02-01 16:10:35,484 INFO sqlalchemy.engine.Engine [cached since 125.6s ago] ('de72d504-19ea-4dbd-a1fb-47b6a17167c9',)
INFO:     127.0.0.1:53764 - "GET /api/v1/boards/db70135d-aae4-46df-80d6-c8645160091a/columns HTTP/1.1" 200 OK
2026-02-01 16:10:35,485 INFO sqlalchemy.engine.Engine ROLLBACK
2026-02-01 16:10:35,537 INFO sqlalchemy.engine.Engine BEGIN (implicit)
2026-02-01 16:10:35,537 INFO sqlalchemy.engine.Engine SELECT users.id, users.email, users.password_hash, users.full_name, users.role, users.avatar_url, users.team_id, users.is_active, users.created_at, users.updated_at 
FROM users 
WHERE users.id = ?
2026-02-01 16:10:35,537 INFO sqlalchemy.engine.Engine [cached since 2356s ago] ('755784f9-c9f6-43e9-99ab-cf27b029380c',)
2026-02-01 16:10:35,540 INFO sqlalchemy.engine.Engine SELECT tasks.id, tasks.title, tasks.description, tasks.column_id, tasks.position, tasks.priority, tasks.assignee_id, tasks.creator_id, tasks.deadline, tasks.estimated_hours, tasks.actual_hours, tasks.tags, tasks.is_deleted, tasks.completed_at, tasks.created_at, tasks.updated_at, tasks.version 
FROM tasks 
WHERE tasks.column_id = ? AND tasks.is_deleted = 0 ORDER BY tasks.position
2026-02-01 16:10:35,540 INFO sqlalchemy.engine.Engine [cached since 125.6s ago] ('d98e4416-4750-4c50-af5f-77e804274bde',)
INFO:     127.0.0.1:53764 - "GET /api/v1/tasks?column_id=d98e4416-4750-4c50-af5f-77e804274bde HTTP/1.1" 200 OK
2026-02-01 16:10:35,542 INFO sqlalchemy.engine.Engine ROLLBACK
2026-02-01 16:10:35,550 INFO sqlalchemy.engine.Engine BEGIN (implicit)
2026-02-01 16:10:35,550 INFO sqlalchemy.engine.Engine SELECT users.id, users.email, users.password_hash, users.full_name, users.role, users.avatar_url, users.team_id, users.is_active, users.created_at, users.updated_at 
FROM users 
WHERE users.id = ?
2026-02-01 16:10:35,550 INFO sqlalchemy.engine.Engine [cached since 2356s ago] ('755784f9-c9f6-43e9-99ab-cf27b029380c',)
2026-02-01 16:10:35,553 INFO sqlalchemy.engine.Engine SELECT tasks.id, tasks.title, tasks.description, tasks.column_id, tasks.position, tasks.priority, tasks.assignee_id, tasks.creator_id, tasks.deadline, tasks.estimated_hours, tasks.actual_hours, tasks.tags, tasks.is_deleted, tasks.completed_at, tasks.created_at, tasks.updated_at, tasks.version 
FROM tasks 
WHERE tasks.column_id = ? AND tasks.is_deleted = 0 ORDER BY tasks.position
2026-02-01 16:10:35,553 INFO sqlalchemy.engine.Engine [cached since 125.6s ago] ('db030b57-b9c9-4996-8f30-74ad7f04f648',)
INFO:     127.0.0.1:53764 - "GET /api/v1/tasks?column_id=db030b57-b9c9-4996-8f30-74ad7f04f648 HTTP/1.1" 200 OK
2026-02-01 16:10:35,555 INFO sqlalchemy.engine.Engine ROLLBACK
2026-02-01 16:10:35,564 INFO sqlalchemy.engine.Engine BEGIN (implicit)
2026-02-01 16:10:35,564 INFO sqlalchemy.engine.Engine SELECT users.id, users.email, users.password_hash, users.full_name, users.role, users.avatar_url, users.team_id, users.is_active, users.created_at, users.updated_at 
FROM users 
WHERE users.id = ?
2026-02-01 16:10:35,564 INFO sqlalchemy.engine.Engine [cached since 2356s ago] ('755784f9-c9f6-43e9-99ab-cf27b029380c',)
2026-02-01 16:10:35,567 INFO sqlalchemy.engine.Engine SELECT tasks.id, tasks.title, tasks.description, tasks.column_id, tasks.position, tasks.priority, tasks.assignee_id, tasks.creator_id, tasks.deadline, tasks.estimated_hours, tasks.actual_hours, tasks.tags, tasks.is_deleted, tasks.completed_at, tasks.created_at, tasks.updated_at, tasks.version 
FROM tasks 
WHERE tasks.column_id = ? AND tasks.is_deleted = 0 ORDER BY tasks.position
2026-02-01 16:10:35,567 INFO sqlalchemy.engine.Engine [cached since 125.6s ago] ('d2dd1863-b9d3-4f70-8ffc-e0b443c40593',)
INFO:     127.0.0.1:53764 - "GET /api/v1/tasks?column_id=d2dd1863-b9d3-4f70-8ffc-e0b443c40593 HTTP/1.1" 200 OK
2026-02-01 16:10:35,569 INFO sqlalchemy.engine.Engine ROLLBACK
2026-02-01 16:10:35,617 INFO sqlalchemy.engine.Engine BEGIN (implicit)
2026-02-01 16:10:35,618 INFO sqlalchemy.engine.Engine SELECT users.id, users.email, users.password_hash, users.full_name, users.role, users.avatar_url, users.team_id, users.is_active, users.created_at, users.updated_at 
FROM users 
WHERE users.id = ?
2026-02-01 16:10:35,618 INFO sqlalchemy.engine.Engine [cached since 2356s ago] ('755784f9-c9f6-43e9-99ab-cf27b029380c',)
2026-02-01 16:10:35,621 INFO sqlalchemy.engine.Engine SELECT tasks.id, tasks.title, tasks.description, tasks.column_id, tasks.position, tasks.priority, tasks.assignee_id, tasks.creator_id, tasks.deadline, tasks.estimated_hours, tasks.actual_hours, tasks.tags, tasks.is_deleted, tasks.completed_at, tasks.created_at, tasks.updated_at, tasks.version 
FROM tasks 
WHERE tasks.column_id = ? AND tasks.is_deleted = 0 ORDER BY tasks.position
2026-02-01 16:10:35,621 INFO sqlalchemy.engine.Engine [cached since 125.7s ago] ('de72d504-19ea-4dbd-a1fb-47b6a17167c9',)
INFO:     127.0.0.1:53764 - "GET /api/v1/tasks?column_id=de72d504-19ea-4dbd-a1fb-47b6a17167c9 HTTP/1.1" 200 OK
2026-02-01 16:10:35,623 INFO sqlalchemy.engine.Engine ROLLBACK
2026-02-01 16:10:43,538 INFO sqlalchemy.engine.Engine BEGIN (implicit)
2026-02-01 16:10:43,538 INFO sqlalchemy.engine.Engine SELECT users.id, users.email, users.password_hash, users.full_name, users.role, users.avatar_url, users.team_id, users.is_active, users.created_at, users.updated_at 
FROM users 
WHERE users.id = ?
2026-02-01 16:10:43,538 INFO sqlalchemy.engine.Engine [cached since 2364s ago] ('755784f9-c9f6-43e9-99ab-cf27b029380c',)
2026-02-01 16:10:43,540 INFO sqlalchemy.engine.Engine INSERT INTO columns (id, name, board_id, position, wip_limit, color, created_at, updated_at) VALUES (?, ?, ?, ?, ?, ?, ?, ?)
2026-02-01 16:10:43,541 INFO sqlalchemy.engine.Engine [cached since 127.2s ago] ('0e66e9a9-d8bb-4a3f-be21-a9eab5317027', 'rrr', 'db70135d-aae4-46df-80d6-c8645160091a', 4, None, None, '2026-02-01 14:10:43.540829', '2026-02-01 14:10:43.540833')
2026-02-01 16:10:43,543 INFO sqlalchemy.engine.Engine COMMIT
2026-02-01 16:10:43,729 INFO sqlalchemy.engine.Engine BEGIN (implicit)
2026-02-01 16:10:43,730 INFO sqlalchemy.engine.Engine SELECT columns.id, columns.name, columns.board_id, columns.position, columns.wip_limit, columns.color, columns.created_at, columns.updated_at 
FROM columns 
WHERE columns.id = ?
2026-02-01 16:10:43,730 INFO sqlalchemy.engine.Engine [cached since 127.3s ago] ('0e66e9a9-d8bb-4a3f-be21-a9eab5317027',)
INFO:     127.0.0.1:53765 - "POST /api/v1/boards/columns HTTP/1.1" 200 OK
2026-02-01 16:10:43,733 INFO sqlalchemy.engine.Engine ROLLBACK
2026-02-01 16:10:43,743 INFO sqlalchemy.engine.Engine BEGIN (implicit)
2026-02-01 16:10:43,743 INFO sqlalchemy.engine.Engine SELECT users.id, users.email, users.password_hash, users.full_name, users.role, users.avatar_url, users.team_id, users.is_active, users.created_at, users.updated_at 
FROM users 
WHERE users.id = ?
2026-02-01 16:10:43,744 INFO sqlalchemy.engine.Engine [cached since 2365s ago] ('755784f9-c9f6-43e9-99ab-cf27b029380c',)
2026-02-01 16:10:43,746 INFO sqlalchemy.engine.Engine SELECT columns.id, columns.name, columns.board_id, columns.position, columns.wip_limit, columns.color, columns.created_at, columns.updated_at 
FROM columns 
WHERE columns.board_id = ? ORDER BY columns.position
2026-02-01 16:10:43,746 INFO sqlalchemy.engine.Engine [cached since 133.9s ago] ('db70135d-aae4-46df-80d6-c8645160091a',)
2026-02-01 16:10:43,748 INFO sqlalchemy.engine.Engine SELECT count(tasks.id) AS count_1 
FROM tasks 
WHERE tasks.column_id = ? AND tasks.is_deleted = 0
2026-02-01 16:10:43,748 INFO sqlalchemy.engine.Engine [cached since 133.9s ago] ('d98e4416-4750-4c50-af5f-77e804274bde',)
2026-02-01 16:10:43,750 INFO sqlalchemy.engine.Engine SELECT count(tasks.id) AS count_1 
FROM tasks 
WHERE tasks.column_id = ? AND tasks.is_deleted = 0
2026-02-01 16:10:43,750 INFO sqlalchemy.engine.Engine [cached since 133.9s ago] ('db030b57-b9c9-4996-8f30-74ad7f04f648',)
2026-02-01 16:10:43,752 INFO sqlalchemy.engine.Engine SELECT count(tasks.id) AS count_1 
FROM tasks 
WHERE tasks.column_id = ? AND tasks.is_deleted = 0
2026-02-01 16:10:43,753 INFO sqlalchemy.engine.Engine [cached since 133.9s ago] ('d2dd1863-b9d3-4f70-8ffc-e0b443c40593',)
2026-02-01 16:10:43,755 INFO sqlalchemy.engine.Engine SELECT count(tasks.id) AS count_1 
FROM tasks 
WHERE tasks.column_id = ? AND tasks.is_deleted = 0
2026-02-01 16:10:43,755 INFO sqlalchemy.engine.Engine [cached since 133.9s ago] ('de72d504-19ea-4dbd-a1fb-47b6a17167c9',)
2026-02-01 16:10:43,757 INFO sqlalchemy.engine.Engine SELECT count(tasks.id) AS count_1 
FROM tasks 
WHERE tasks.column_id = ? AND tasks.is_deleted = 0
2026-02-01 16:10:43,757 INFO sqlalchemy.engine.Engine [cached since 133.9s ago] ('0e66e9a9-d8bb-4a3f-be21-a9eab5317027',)
INFO:     127.0.0.1:53765 - "GET /api/v1/boards/db70135d-aae4-46df-80d6-c8645160091a/columns HTTP/1.1" 200 OK
2026-02-01 16:10:43,759 INFO sqlalchemy.engine.Engine ROLLBACK
2026-02-01 16:10:43,773 INFO sqlalchemy.engine.Engine BEGIN (implicit)
2026-02-01 16:10:43,773 INFO sqlalchemy.engine.Engine SELECT users.id, users.email, users.password_hash, users.full_name, users.role, users.avatar_url, users.team_id, users.is_active, users.created_at, users.updated_at 
FROM users 
WHERE users.id = ?
2026-02-01 16:10:43,773 INFO sqlalchemy.engine.Engine [cached since 2365s ago] ('755784f9-c9f6-43e9-99ab-cf27b029380c',)
2026-02-01 16:10:43,776 INFO sqlalchemy.engine.Engine SELECT tasks.id, tasks.title, tasks.description, tasks.column_id, tasks.position, tasks.priority, tasks.assignee_id, tasks.creator_id, tasks.deadline, tasks.estimated_hours, tasks.actual_hours, tasks.tags, tasks.is_deleted, tasks.completed_at, tasks.created_at, tasks.updated_at, tasks.version 
FROM tasks 
WHERE tasks.column_id = ? AND tasks.is_deleted = 0 ORDER BY tasks.position
2026-02-01 16:10:43,776 INFO sqlalchemy.engine.Engine [cached since 133.8s ago] ('d98e4416-4750-4c50-af5f-77e804274bde',)
INFO:     127.0.0.1:53765 - "GET /api/v1/tasks?column_id=d98e4416-4750-4c50-af5f-77e804274bde HTTP/1.1" 200 OK
2026-02-01 16:10:43,778 INFO sqlalchemy.engine.Engine ROLLBACK
2026-02-01 16:10:43,787 INFO sqlalchemy.engine.Engine BEGIN (implicit)
2026-02-01 16:10:43,788 INFO sqlalchemy.engine.Engine SELECT users.id, users.email, users.password_hash, users.full_name, users.role, users.avatar_url, users.team_id, users.is_active, users.created_at, users.updated_at 
FROM users 
WHERE users.id = ?
2026-02-01 16:10:43,788 INFO sqlalchemy.engine.Engine [cached since 2365s ago] ('755784f9-c9f6-43e9-99ab-cf27b029380c',)
2026-02-01 16:10:43,790 INFO sqlalchemy.engine.Engine SELECT tasks.id, tasks.title, tasks.description, tasks.column_id, tasks.position, tasks.priority, tasks.assignee_id, tasks.creator_id, tasks.deadline, tasks.estimated_hours, tasks.actual_hours, tasks.tags, tasks.is_deleted, tasks.completed_at, tasks.created_at, tasks.updated_at, tasks.version 
FROM tasks 
WHERE tasks.column_id = ? AND tasks.is_deleted = 0 ORDER BY tasks.position
2026-02-01 16:10:43,790 INFO sqlalchemy.engine.Engine [cached since 133.9s ago] ('db030b57-b9c9-4996-8f30-74ad7f04f648',)
INFO:     127.0.0.1:53765 - "GET /api/v1/tasks?column_id=db030b57-b9c9-4996-8f30-74ad7f04f648 HTTP/1.1" 200 OK
2026-02-01 16:10:43,792 INFO sqlalchemy.engine.Engine ROLLBACK
2026-02-01 16:10:43,845 INFO sqlalchemy.engine.Engine BEGIN (implicit)
2026-02-01 16:10:43,845 INFO sqlalchemy.engine.Engine SELECT users.id, users.email, users.password_hash, users.full_name, users.role, users.avatar_url, users.team_id, users.is_active, users.created_at, users.updated_at 
FROM users 
WHERE users.id = ?
2026-02-01 16:10:43,846 INFO sqlalchemy.engine.Engine [cached since 2365s ago] ('755784f9-c9f6-43e9-99ab-cf27b029380c',)
2026-02-01 16:10:43,848 INFO sqlalchemy.engine.Engine SELECT tasks.id, tasks.title, tasks.description, tasks.column_id, tasks.position, tasks.priority, tasks.assignee_id, tasks.creator_id, tasks.deadline, tasks.estimated_hours, tasks.actual_hours, tasks.tags, tasks.is_deleted, tasks.completed_at, tasks.created_at, tasks.updated_at, tasks.version 
FROM tasks 
WHERE tasks.column_id = ? AND tasks.is_deleted = 0 ORDER BY tasks.position
2026-02-01 16:10:43,848 INFO sqlalchemy.engine.Engine [cached since 133.9s ago] ('d2dd1863-b9d3-4f70-8ffc-e0b443c40593',)
INFO:     127.0.0.1:53765 - "GET /api/v1/tasks?column_id=d2dd1863-b9d3-4f70-8ffc-e0b443c40593 HTTP/1.1" 200 OK
2026-02-01 16:10:43,850 INFO sqlalchemy.engine.Engine ROLLBACK
2026-02-01 16:10:43,858 INFO sqlalchemy.engine.Engine BEGIN (implicit)
2026-02-01 16:10:43,859 INFO sqlalchemy.engine.Engine SELECT users.id, users.email, users.password_hash, users.full_name, users.role, users.avatar_url, users.team_id, users.is_active, users.created_at, users.updated_at 
FROM users 
WHERE users.id = ?
2026-02-01 16:10:43,859 INFO sqlalchemy.engine.Engine [cached since 2365s ago] ('755784f9-c9f6-43e9-99ab-cf27b029380c',)
2026-02-01 16:10:43,862 INFO sqlalchemy.engine.Engine SELECT tasks.id, tasks.title, tasks.description, tasks.column_id, tasks.position, tasks.priority, tasks.assignee_id, tasks.creator_id, tasks.deadline, tasks.estimated_hours, tasks.actual_hours, tasks.tags, tasks.is_deleted, tasks.completed_at, tasks.created_at, tasks.updated_at, tasks.version 
FROM tasks 
WHERE tasks.column_id = ? AND tasks.is_deleted = 0 ORDER BY tasks.position
2026-02-01 16:10:43,862 INFO sqlalchemy.engine.Engine [cached since 133.9s ago] ('de72d504-19ea-4dbd-a1fb-47b6a17167c9',)
INFO:     127.0.0.1:53765 - "GET /api/v1/tasks?column_id=de72d504-19ea-4dbd-a1fb-47b6a17167c9 HTTP/1.1" 200 OK
2026-02-01 16:10:43,863 INFO sqlalchemy.engine.Engine ROLLBACK
2026-02-01 16:10:43,873 INFO sqlalchemy.engine.Engine BEGIN (implicit)
2026-02-01 16:10:43,874 INFO sqlalchemy.engine.Engine SELECT users.id, users.email, users.password_hash, users.full_name, users.role, users.avatar_url, users.team_id, users.is_active, users.created_at, users.updated_at 
FROM users 
WHERE users.id = ?
2026-02-01 16:10:43,874 INFO sqlalchemy.engine.Engine [cached since 2365s ago] ('755784f9-c9f6-43e9-99ab-cf27b029380c',)
2026-02-01 16:10:43,877 INFO sqlalchemy.engine.Engine SELECT tasks.id, tasks.title, tasks.description, tasks.column_id, tasks.position, tasks.priority, tasks.assignee_id, tasks.creator_id, tasks.deadline, tasks.estimated_hours, tasks.actual_hours, tasks.tags, tasks.is_deleted, tasks.completed_at, tasks.created_at, tasks.updated_at, tasks.version 
FROM tasks 
WHERE tasks.column_id = ? AND tasks.is_deleted = 0 ORDER BY tasks.position
2026-02-01 16:10:43,877 INFO sqlalchemy.engine.Engine [cached since 133.9s ago] ('0e66e9a9-d8bb-4a3f-be21-a9eab5317027',)
INFO:     127.0.0.1:53765 - "GET /api/v1/tasks?column_id=0e66e9a9-d8bb-4a3f-be21-a9eab5317027 HTTP/1.1" 200 OK
2026-02-01 16:10:43,880 INFO sqlalchemy.engine.Engine ROLLBACK
2026-02-01 16:10:49,784 INFO sqlalchemy.engine.Engine BEGIN (implicit)
2026-02-01 16:10:49,784 INFO sqlalchemy.engine.Engine SELECT users.id, users.email, users.password_hash, users.full_name, users.role, users.avatar_url, users.team_id, users.is_active, users.created_at, users.updated_at 
FROM users 
WHERE users.id = ?
2026-02-01 16:10:49,784 INFO sqlalchemy.engine.Engine [cached since 2371s ago] ('755784f9-c9f6-43e9-99ab-cf27b029380c',)
2026-02-01 16:10:49,787 INFO sqlalchemy.engine.Engine SELECT columns.id, columns.name, columns.board_id, columns.position, columns.wip_limit, columns.color, columns.created_at, columns.updated_at 
FROM columns 
WHERE columns.board_id = ? ORDER BY columns.position
2026-02-01 16:10:49,787 INFO sqlalchemy.engine.Engine [cached since 139.9s ago] ('db70135d-aae4-46df-80d6-c8645160091a',)
2026-02-01 16:10:49,789 INFO sqlalchemy.engine.Engine SELECT count(tasks.id) AS count_1 
FROM tasks 
WHERE tasks.column_id = ? AND tasks.is_deleted = 0
2026-02-01 16:10:49,790 INFO sqlalchemy.engine.Engine [cached since 139.9s ago] ('d98e4416-4750-4c50-af5f-77e804274bde',)
2026-02-01 16:10:49,792 INFO sqlalchemy.engine.Engine SELECT count(tasks.id) AS count_1 
FROM tasks 
WHERE tasks.column_id = ? AND tasks.is_deleted = 0
2026-02-01 16:10:49,792 INFO sqlalchemy.engine.Engine [cached since 139.9s ago] ('db030b57-b9c9-4996-8f30-74ad7f04f648',)
2026-02-01 16:10:49,794 INFO sqlalchemy.engine.Engine SELECT count(tasks.id) AS count_1 
FROM tasks 
WHERE tasks.column_id = ? AND tasks.is_deleted = 0
2026-02-01 16:10:49,794 INFO sqlalchemy.engine.Engine [cached since 139.9s ago] ('d2dd1863-b9d3-4f70-8ffc-e0b443c40593',)
2026-02-01 16:10:49,796 INFO sqlalchemy.engine.Engine SELECT count(tasks.id) AS count_1 
FROM tasks 
WHERE tasks.column_id = ? AND tasks.is_deleted = 0
2026-02-01 16:10:49,796 INFO sqlalchemy.engine.Engine [cached since 139.9s ago] ('de72d504-19ea-4dbd-a1fb-47b6a17167c9',)
2026-02-01 16:10:49,797 INFO sqlalchemy.engine.Engine SELECT count(tasks.id) AS count_1 
FROM tasks 
WHERE tasks.column_id = ? AND tasks.is_deleted = 0
2026-02-01 16:10:49,798 INFO sqlalchemy.engine.Engine [cached since 139.9s ago] ('0e66e9a9-d8bb-4a3f-be21-a9eab5317027',)
INFO:     127.0.0.1:53766 - "GET /api/v1/boards/db70135d-aae4-46df-80d6-c8645160091a/columns HTTP/1.1" 200 OK
2026-02-01 16:10:49,800 INFO sqlalchemy.engine.Engine ROLLBACK
2026-02-01 16:10:49,840 INFO sqlalchemy.engine.Engine BEGIN (implicit)
2026-02-01 16:10:49,841 INFO sqlalchemy.engine.Engine SELECT users.id, users.email, users.password_hash, users.full_name, users.role, users.avatar_url, users.team_id, users.is_active, users.created_at, users.updated_at 
FROM users 
WHERE users.id = ?
2026-02-01 16:10:49,841 INFO sqlalchemy.engine.Engine [cached since 2371s ago] ('755784f9-c9f6-43e9-99ab-cf27b029380c',)
2026-02-01 16:10:49,844 INFO sqlalchemy.engine.Engine SELECT tasks.id, tasks.title, tasks.description, tasks.column_id, tasks.position, tasks.priority, tasks.assignee_id, tasks.creator_id, tasks.deadline, tasks.estimated_hours, tasks.actual_hours, tasks.tags, tasks.is_deleted, tasks.completed_at, tasks.created_at, tasks.updated_at, tasks.version 
FROM tasks 
WHERE tasks.column_id = ? AND tasks.is_deleted = 0 ORDER BY tasks.position
2026-02-01 16:10:49,844 INFO sqlalchemy.engine.Engine [cached since 139.9s ago] ('d98e4416-4750-4c50-af5f-77e804274bde',)
INFO:     127.0.0.1:53766 - "GET /api/v1/tasks?column_id=d98e4416-4750-4c50-af5f-77e804274bde HTTP/1.1" 200 OK
2026-02-01 16:10:49,846 INFO sqlalchemy.engine.Engine ROLLBACK
2026-02-01 16:10:49,896 INFO sqlalchemy.engine.Engine BEGIN (implicit)
2026-02-01 16:10:49,896 INFO sqlalchemy.engine.Engine SELECT users.id, users.email, users.password_hash, users.full_name, users.role, users.avatar_url, users.team_id, users.is_active, users.created_at, users.updated_at 
FROM users 
WHERE users.id = ?
2026-02-01 16:10:49,897 INFO sqlalchemy.engine.Engine [cached since 2371s ago] ('755784f9-c9f6-43e9-99ab-cf27b029380c',)
2026-02-01 16:10:49,899 INFO sqlalchemy.engine.Engine SELECT tasks.id, tasks.title, tasks.description, tasks.column_id, tasks.position, tasks.priority, tasks.assignee_id, tasks.creator_id, tasks.deadline, tasks.estimated_hours, tasks.actual_hours, tasks.tags, tasks.is_deleted, tasks.completed_at, tasks.created_at, tasks.updated_at, tasks.version 
FROM tasks 
WHERE tasks.column_id = ? AND tasks.is_deleted = 0 ORDER BY tasks.position
2026-02-01 16:10:49,899 INFO sqlalchemy.engine.Engine [cached since 140s ago] ('db030b57-b9c9-4996-8f30-74ad7f04f648',)
INFO:     127.0.0.1:53766 - "GET /api/v1/tasks?column_id=db030b57-b9c9-4996-8f30-74ad7f04f648 HTTP/1.1" 200 OK
2026-02-01 16:10:49,902 INFO sqlalchemy.engine.Engine ROLLBACK
2026-02-01 16:10:49,980 INFO sqlalchemy.engine.Engine BEGIN (implicit)
2026-02-01 16:10:49,981 INFO sqlalchemy.engine.Engine SELECT users.id, users.email, users.password_hash, users.full_name, users.role, users.avatar_url, users.team_id, users.is_active, users.created_at, users.updated_at 
FROM users 
WHERE users.id = ?
2026-02-01 16:10:49,981 INFO sqlalchemy.engine.Engine [cached since 2371s ago] ('755784f9-c9f6-43e9-99ab-cf27b029380c',)
2026-02-01 16:10:49,984 INFO sqlalchemy.engine.Engine SELECT tasks.id, tasks.title, tasks.description, tasks.column_id, tasks.position, tasks.priority, tasks.assignee_id, tasks.creator_id, tasks.deadline, tasks.estimated_hours, tasks.actual_hours, tasks.tags, tasks.is_deleted, tasks.completed_at, tasks.created_at, tasks.updated_at, tasks.version 
FROM tasks 
WHERE tasks.column_id = ? AND tasks.is_deleted = 0 ORDER BY tasks.position
2026-02-01 16:10:49,984 INFO sqlalchemy.engine.Engine [cached since 140s ago] ('d2dd1863-b9d3-4f70-8ffc-e0b443c40593',)
INFO:     127.0.0.1:53766 - "GET /api/v1/tasks?column_id=d2dd1863-b9d3-4f70-8ffc-e0b443c40593 HTTP/1.1" 200 OK
2026-02-01 16:10:49,986 INFO sqlalchemy.engine.Engine ROLLBACK
2026-02-01 16:10:50,050 INFO sqlalchemy.engine.Engine BEGIN (implicit)
2026-02-01 16:10:50,051 INFO sqlalchemy.engine.Engine SELECT users.id, users.email, users.password_hash, users.full_name, users.role, users.avatar_url, users.team_id, users.is_active, users.created_at, users.updated_at 
FROM users 
WHERE users.id = ?
2026-02-01 16:10:50,051 INFO sqlalchemy.engine.Engine [cached since 2371s ago] ('755784f9-c9f6-43e9-99ab-cf27b029380c',)
2026-02-01 16:10:50,055 INFO sqlalchemy.engine.Engine SELECT tasks.id, tasks.title, tasks.description, tasks.column_id, tasks.position, tasks.priority, tasks.assignee_id, tasks.creator_id, tasks.deadline, tasks.estimated_hours, tasks.actual_hours, tasks.tags, tasks.is_deleted, tasks.completed_at, tasks.created_at, tasks.updated_at, tasks.version 
FROM tasks 
WHERE tasks.column_id = ? AND tasks.is_deleted = 0 ORDER BY tasks.position
2026-02-01 16:10:50,055 INFO sqlalchemy.engine.Engine [cached since 140.1s ago] ('de72d504-19ea-4dbd-a1fb-47b6a17167c9',)
INFO:     127.0.0.1:53766 - "GET /api/v1/tasks?column_id=de72d504-19ea-4dbd-a1fb-47b6a17167c9 HTTP/1.1" 200 OK
2026-02-01 16:10:50,057 INFO sqlalchemy.engine.Engine ROLLBACK
2026-02-01 16:10:50,115 INFO sqlalchemy.engine.Engine BEGIN (implicit)
2026-02-01 16:10:50,115 INFO sqlalchemy.engine.Engine SELECT users.id, users.email, users.password_hash, users.full_name, users.role, users.avatar_url, users.team_id, users.is_active, users.created_at, users.updated_at 
FROM users 
WHERE users.id = ?
2026-02-01 16:10:50,116 INFO sqlalchemy.engine.Engine [cached since 2371s ago] ('755784f9-c9f6-43e9-99ab-cf27b029380c',)
2026-02-01 16:10:50,118 INFO sqlalchemy.engine.Engine SELECT tasks.id, tasks.title, tasks.description, tasks.column_id, tasks.position, tasks.priority, tasks.assignee_id, tasks.creator_id, tasks.deadline, tasks.estimated_hours, tasks.actual_hours, tasks.tags, tasks.is_deleted, tasks.completed_at, tasks.created_at, tasks.updated_at, tasks.version 
FROM tasks 
WHERE tasks.column_id = ? AND tasks.is_deleted = 0 ORDER BY tasks.position
2026-02-01 16:10:50,118 INFO sqlalchemy.engine.Engine [cached since 140.2s ago] ('0e66e9a9-d8bb-4a3f-be21-a9eab5317027',)
INFO:     127.0.0.1:53766 - "GET /api/v1/tasks?column_id=0e66e9a9-d8bb-4a3f-be21-a9eab5317027 HTTP/1.1" 200 OK
2026-02-01 16:10:50,121 INFO sqlalchemy.engine.Engine ROLLBACK
2026-02-01 16:22:47,652 INFO sqlalchemy.engine.Engine BEGIN (implicit)
2026-02-01 16:22:47,653 INFO sqlalchemy.engine.Engine SELECT users.id, users.email, users.password_hash, users.full_name, users.role, users.avatar_url, users.team_id, users.is_active, users.created_at, users.updated_at 
FROM users 
WHERE users.id = ?
2026-02-01 16:22:47,653 INFO sqlalchemy.engine.Engine [cached since 3088s ago] ('755784f9-c9f6-43e9-99ab-cf27b029380c',)
2026-02-01 16:22:47,655 INFO sqlalchemy.engine.Engine INSERT INTO teams (id, name, description, manager_id, invite_code, created_at, updated_at) VALUES (?, ?, ?, ?, ?, ?, ?)
2026-02-01 16:22:47,655 INFO sqlalchemy.engine.Engine [cached since 1648s ago] ('8328a301-f938-4198-8039-d9629aab195b', 'ttt', None, '755784f9-c9f6-43e9-99ab-cf27b029380c', '5cTrXc_sWBf6iQLoPFxoLQ', '2026-02-01 14:22:47.655254', '2026-02-01 14:22:47.655257')
2026-02-01 16:22:47,658 INFO sqlalchemy.engine.Engine INSERT INTO boards (id, name, description, team_id, is_default, created_at, updated_at) VALUES (?, ?, ?, ?, ?, ?, ?)
2026-02-01 16:22:47,658 INFO sqlalchemy.engine.Engine [cached since 1648s ago] ('26b51e5e-a756-4cdb-aee5-a2820594963f', 'Основна дошка', None, '8328a301-f938-4198-8039-d9629aab195b', 1, '2026-02-01 14:22:47.658000', '2026-02-01 14:22:47.658004')
2026-02-01 16:22:47,659 INFO sqlalchemy.engine.Engine UPDATE users SET team_id=?, updated_at=? WHERE users.id = ?
2026-02-01 16:22:47,659 INFO sqlalchemy.engine.Engine [cached since 1648s ago] ('8328a301-f938-4198-8039-d9629aab195b', '2026-02-01 14:22:47.659290', '755784f9-c9f6-43e9-99ab-cf27b029380c')
2026-02-01 16:22:47,661 INFO sqlalchemy.engine.Engine INSERT INTO columns (id, name, board_id, position, wip_limit, color, created_at, updated_at) VALUES (?, ?, ?, ?, ?, ?, ?, ?), (?, ?, ?, ?, ?, ?, ?, ?), (?, ?, ?, ?, ?, ?, ?, ?), (?, ?, ?, ?, ?, ?, ?, ?)
2026-02-01 16:22:47,661 INFO sqlalchemy.engine.Engine [cached since 1648s ago (insertmanyvalues) 1/1 (unordered)] ('6948804b-ebd1-416e-9b1b-2e7d979df36a', 'Очікує', '26b51e5e-a756-4cdb-aee5-a2820594963f', 0, None, None, '2026-02-01 14:22:47.661222', '2026-02-01 14:22:47.661225', 'c8ba51a3-6558-4657-978c-f5ccd9d0ae03', 'В роботі', '26b51e5e-a756-4cdb-aee5-a2820594963f', 1, 5, None, '2026-02-01 14:22:47.661232', '2026-02-01 14:22:47.661233', '992bdba1-9586-4476-ba97-c4b36c9f42c3', 'На перевірці', '26b51e5e-a756-4cdb-aee5-a2820594963f', 2, 3, None, '2026-02-01 14:22:47.661238', '2026-02-01 14:22:47.661239', 'beb404f1-4f3b-4568-a45b-219bc0d55d2a', 'Завершено', '26b51e5e-a756-4cdb-aee5-a2820594963f', 3, None, None, '2026-02-01 14:22:47.661243', '2026-02-01 14:22:47.661244')
2026-02-01 16:22:47,662 INFO sqlalchemy.engine.Engine COMMIT
2026-02-01 16:22:47,825 INFO sqlalchemy.engine.Engine BEGIN (implicit)
2026-02-01 16:22:47,825 INFO sqlalchemy.engine.Engine SELECT teams.id, teams.name, teams.description, teams.manager_id, teams.invite_code, teams.created_at, teams.updated_at 
FROM teams 
WHERE teams.id = ?
2026-02-01 16:22:47,826 INFO sqlalchemy.engine.Engine [cached since 1648s ago] ('8328a301-f938-4198-8039-d9629aab195b',)
INFO:     127.0.0.1:52372 - "POST /api/v1/teams HTTP/1.1" 200 OK
2026-02-01 16:22:47,830 INFO sqlalchemy.engine.Engine ROLLBACK
2026-02-01 16:22:47,854 INFO sqlalchemy.engine.Engine BEGIN (implicit)
2026-02-01 16:22:47,855 INFO sqlalchemy.engine.Engine SELECT users.id, users.email, users.password_hash, users.full_name, users.role, users.avatar_url, users.team_id, users.is_active, users.created_at, users.updated_at 
FROM users 
WHERE users.id = ?
2026-02-01 16:22:47,855 INFO sqlalchemy.engine.Engine [cached since 3089s ago] ('755784f9-c9f6-43e9-99ab-cf27b029380c',)
INFO:     127.0.0.1:52372 - "GET /api/v1/users/me HTTP/1.1" 200 OK
2026-02-01 16:22:47,858 INFO sqlalchemy.engine.Engine ROLLBACK
2026-02-01 16:22:47,924 INFO sqlalchemy.engine.Engine BEGIN (implicit)
2026-02-01 16:22:47,925 INFO sqlalchemy.engine.Engine SELECT users.id, users.email, users.password_hash, users.full_name, users.role, users.avatar_url, users.team_id, users.is_active, users.created_at, users.updated_at 
FROM users 
WHERE users.id = ?
2026-02-01 16:22:47,925 INFO sqlalchemy.engine.Engine [cached since 3089s ago] ('755784f9-c9f6-43e9-99ab-cf27b029380c',)
2026-02-01 16:22:47,927 INFO sqlalchemy.engine.Engine SELECT boards.id, boards.name, boards.description, boards.team_id, boards.is_default, boards.created_at, boards.updated_at 
FROM boards 
WHERE boards.team_id = ?
2026-02-01 16:22:47,927 INFO sqlalchemy.engine.Engine [cached since 858.1s ago] ('8328a301-f938-4198-8039-d9629aab195b',)
INFO:     127.0.0.1:52372 - "GET /api/v1/boards?team_id=8328a301-f938-4198-8039-d9629aab195b HTTP/1.1" 200 OK
2026-02-01 16:22:47,930 INFO sqlalchemy.engine.Engine ROLLBACK
2026-02-01 16:22:47,931 INFO sqlalchemy.engine.Engine BEGIN (implicit)
2026-02-01 16:22:47,931 INFO sqlalchemy.engine.Engine SELECT users.id, users.email, users.password_hash, users.full_name, users.role, users.avatar_url, users.team_id, users.is_active, users.created_at, users.updated_at 
FROM users 
WHERE users.id = ?
2026-02-01 16:22:47,932 INFO sqlalchemy.engine.Engine [cached since 3089s ago] ('755784f9-c9f6-43e9-99ab-cf27b029380c',)
2026-02-01 16:22:47,933 INFO sqlalchemy.engine.Engine SELECT boards.id, boards.name, boards.description, boards.team_id, boards.is_default, boards.created_at, boards.updated_at 
FROM boards 
WHERE boards.team_id = ?
2026-02-01 16:22:47,933 INFO sqlalchemy.engine.Engine [cached since 858.1s ago] ('8328a301-f938-4198-8039-d9629aab195b',)
INFO:     127.0.0.1:52373 - "GET /api/v1/boards?team_id=8328a301-f938-4198-8039-d9629aab195b HTTP/1.1" 200 OK
2026-02-01 16:22:47,935 INFO sqlalchemy.engine.Engine ROLLBACK
2026-02-01 16:22:47,958 INFO sqlalchemy.engine.Engine BEGIN (implicit)
2026-02-01 16:22:47,959 INFO sqlalchemy.engine.Engine SELECT users.id, users.email, users.password_hash, users.full_name, users.role, users.avatar_url, users.team_id, users.is_active, users.created_at, users.updated_at 
FROM users 
WHERE users.id = ?
2026-02-01 16:22:47,960 INFO sqlalchemy.engine.Engine [cached since 3089s ago] ('755784f9-c9f6-43e9-99ab-cf27b029380c',)
2026-02-01 16:22:47,970 INFO sqlalchemy.engine.Engine SELECT columns.id, columns.name, columns.board_id, columns.position, columns.wip_limit, columns.color, columns.created_at, columns.updated_at 
FROM columns 
WHERE columns.board_id = ? ORDER BY columns.position
2026-02-01 16:22:47,970 INFO sqlalchemy.engine.Engine [cached since 858.1s ago] ('26b51e5e-a756-4cdb-aee5-a2820594963f',)
2026-02-01 16:22:47,972 INFO sqlalchemy.engine.Engine BEGIN (implicit)
2026-02-01 16:22:47,973 INFO sqlalchemy.engine.Engine SELECT users.id, users.email, users.password_hash, users.full_name, users.role, users.avatar_url, users.team_id, users.is_active, users.created_at, users.updated_at 
FROM users 
WHERE users.id = ?
2026-02-01 16:22:47,973 INFO sqlalchemy.engine.Engine [cached since 3089s ago] ('755784f9-c9f6-43e9-99ab-cf27b029380c',)
2026-02-01 16:22:47,976 INFO sqlalchemy.engine.Engine SELECT count(tasks.id) AS count_1 
FROM tasks 
WHERE tasks.column_id = ? AND tasks.is_deleted = 0
2026-02-01 16:22:47,976 INFO sqlalchemy.engine.Engine [cached since 858.1s ago] ('6948804b-ebd1-416e-9b1b-2e7d979df36a',)
2026-02-01 16:22:47,979 INFO sqlalchemy.engine.Engine SELECT columns.id, columns.name, columns.board_id, columns.position, columns.wip_limit, columns.color, columns.created_at, columns.updated_at 
FROM columns 
WHERE columns.board_id = ? ORDER BY columns.position
2026-02-01 16:22:47,979 INFO sqlalchemy.engine.Engine [cached since 858.1s ago] ('26b51e5e-a756-4cdb-aee5-a2820594963f',)
2026-02-01 16:22:47,981 INFO sqlalchemy.engine.Engine SELECT count(tasks.id) AS count_1 
FROM tasks 
WHERE tasks.column_id = ? AND tasks.is_deleted = 0
2026-02-01 16:22:47,981 INFO sqlalchemy.engine.Engine [cached since 858.1s ago] ('c8ba51a3-6558-4657-978c-f5ccd9d0ae03',)
2026-02-01 16:22:47,982 INFO sqlalchemy.engine.Engine SELECT count(tasks.id) AS count_1 
FROM tasks 
WHERE tasks.column_id = ? AND tasks.is_deleted = 0
2026-02-01 16:22:47,983 INFO sqlalchemy.engine.Engine [cached since 858.1s ago] ('6948804b-ebd1-416e-9b1b-2e7d979df36a',)
2026-02-01 16:22:47,984 INFO sqlalchemy.engine.Engine SELECT count(tasks.id) AS count_1 
FROM tasks 
WHERE tasks.column_id = ? AND tasks.is_deleted = 0
2026-02-01 16:22:47,984 INFO sqlalchemy.engine.Engine [cached since 858.1s ago] ('992bdba1-9586-4476-ba97-c4b36c9f42c3',)
2026-02-01 16:22:47,985 INFO sqlalchemy.engine.Engine SELECT count(tasks.id) AS count_1 
FROM tasks 
WHERE tasks.column_id = ? AND tasks.is_deleted = 0
2026-02-01 16:22:47,985 INFO sqlalchemy.engine.Engine [cached since 858.1s ago] ('c8ba51a3-6558-4657-978c-f5ccd9d0ae03',)
2026-02-01 16:22:47,987 INFO sqlalchemy.engine.Engine SELECT count(tasks.id) AS count_1 
FROM tasks 
WHERE tasks.column_id = ? AND tasks.is_deleted = 0
2026-02-01 16:22:47,987 INFO sqlalchemy.engine.Engine [cached since 858.1s ago] ('beb404f1-4f3b-4568-a45b-219bc0d55d2a',)
2026-02-01 16:22:47,989 INFO sqlalchemy.engine.Engine SELECT count(tasks.id) AS count_1 
FROM tasks 
WHERE tasks.column_id = ? AND tasks.is_deleted = 0
2026-02-01 16:22:47,989 INFO sqlalchemy.engine.Engine [cached since 858.1s ago] ('992bdba1-9586-4476-ba97-c4b36c9f42c3',)
INFO:     127.0.0.1:52372 - "GET /api/v1/boards/26b51e5e-a756-4cdb-aee5-a2820594963f/columns HTTP/1.1" 200 OK
2026-02-01 16:22:47,990 INFO sqlalchemy.engine.Engine ROLLBACK
2026-02-01 16:22:47,993 INFO sqlalchemy.engine.Engine SELECT count(tasks.id) AS count_1 
FROM tasks 
WHERE tasks.column_id = ? AND tasks.is_deleted = 0
2026-02-01 16:22:47,993 INFO sqlalchemy.engine.Engine [cached since 858.1s ago] ('beb404f1-4f3b-4568-a45b-219bc0d55d2a',)
INFO:     127.0.0.1:52373 - "GET /api/v1/boards/26b51e5e-a756-4cdb-aee5-a2820594963f/columns HTTP/1.1" 200 OK
2026-02-01 16:22:47,995 INFO sqlalchemy.engine.Engine ROLLBACK
2026-02-01 16:22:48,008 INFO sqlalchemy.engine.Engine BEGIN (implicit)
2026-02-01 16:22:48,008 INFO sqlalchemy.engine.Engine SELECT users.id, users.email, users.password_hash, users.full_name, users.role, users.avatar_url, users.team_id, users.is_active, users.created_at, users.updated_at 
FROM users 
WHERE users.id = ?
2026-02-01 16:22:48,009 INFO sqlalchemy.engine.Engine [cached since 3089s ago] ('755784f9-c9f6-43e9-99ab-cf27b029380c',)
2026-02-01 16:22:48,010 INFO sqlalchemy.engine.Engine BEGIN (implicit)
2026-02-01 16:22:48,010 INFO sqlalchemy.engine.Engine SELECT users.id, users.email, users.password_hash, users.full_name, users.role, users.avatar_url, users.team_id, users.is_active, users.created_at, users.updated_at 
FROM users 
WHERE users.id = ?
2026-02-01 16:22:48,010 INFO sqlalchemy.engine.Engine [cached since 3089s ago] ('755784f9-c9f6-43e9-99ab-cf27b029380c',)
2026-02-01 16:22:48,011 INFO sqlalchemy.engine.Engine SELECT tasks.id, tasks.title, tasks.description, tasks.column_id, tasks.position, tasks.priority, tasks.assignee_id, tasks.creator_id, tasks.deadline, tasks.estimated_hours, tasks.actual_hours, tasks.tags, tasks.is_deleted, tasks.completed_at, tasks.created_at, tasks.updated_at, tasks.version 
FROM tasks 
WHERE tasks.column_id = ? AND tasks.is_deleted = 0 ORDER BY tasks.position
2026-02-01 16:22:48,011 INFO sqlalchemy.engine.Engine [cached since 858.1s ago] ('6948804b-ebd1-416e-9b1b-2e7d979df36a',)
2026-02-01 16:22:48,013 INFO sqlalchemy.engine.Engine SELECT tasks.id, tasks.title, tasks.description, tasks.column_id, tasks.position, tasks.priority, tasks.assignee_id, tasks.creator_id, tasks.deadline, tasks.estimated_hours, tasks.actual_hours, tasks.tags, tasks.is_deleted, tasks.completed_at, tasks.created_at, tasks.updated_at, tasks.version 
FROM tasks 
WHERE tasks.column_id = ? AND tasks.is_deleted = 0 ORDER BY tasks.position
2026-02-01 16:22:48,013 INFO sqlalchemy.engine.Engine [cached since 858.1s ago] ('6948804b-ebd1-416e-9b1b-2e7d979df36a',)
INFO:     127.0.0.1:52372 - "GET /api/v1/tasks?column_id=6948804b-ebd1-416e-9b1b-2e7d979df36a HTTP/1.1" 200 OK
2026-02-01 16:22:48,014 INFO sqlalchemy.engine.Engine ROLLBACK
INFO:     127.0.0.1:52373 - "GET /api/v1/tasks?column_id=6948804b-ebd1-416e-9b1b-2e7d979df36a HTTP/1.1" 200 OK
2026-02-01 16:22:48,015 INFO sqlalchemy.engine.Engine ROLLBACK
2026-02-01 16:22:48,024 INFO sqlalchemy.engine.Engine BEGIN (implicit)
2026-02-01 16:22:48,024 INFO sqlalchemy.engine.Engine SELECT users.id, users.email, users.password_hash, users.full_name, users.role, users.avatar_url, users.team_id, users.is_active, users.created_at, users.updated_at 
FROM users 
WHERE users.id = ?
2026-02-01 16:22:48,025 INFO sqlalchemy.engine.Engine [cached since 3089s ago] ('755784f9-c9f6-43e9-99ab-cf27b029380c',)
2026-02-01 16:22:48,026 INFO sqlalchemy.engine.Engine SELECT tasks.id, tasks.title, tasks.description, tasks.column_id, tasks.position, tasks.priority, tasks.assignee_id, tasks.creator_id, tasks.deadline, tasks.estimated_hours, tasks.actual_hours, tasks.tags, tasks.is_deleted, tasks.completed_at, tasks.created_at, tasks.updated_at, tasks.version 
FROM tasks 
WHERE tasks.column_id = ? AND tasks.is_deleted = 0 ORDER BY tasks.position
2026-02-01 16:22:48,026 INFO sqlalchemy.engine.Engine [cached since 858.1s ago] ('c8ba51a3-6558-4657-978c-f5ccd9d0ae03',)
INFO:     127.0.0.1:52373 - "GET /api/v1/tasks?column_id=c8ba51a3-6558-4657-978c-f5ccd9d0ae03 HTTP/1.1" 200 OK
2026-02-01 16:22:48,028 INFO sqlalchemy.engine.Engine ROLLBACK
2026-02-01 16:22:48,072 INFO sqlalchemy.engine.Engine BEGIN (implicit)
2026-02-01 16:22:48,074 INFO sqlalchemy.engine.Engine SELECT users.id, users.email, users.password_hash, users.full_name, users.role, users.avatar_url, users.team_id, users.is_active, users.created_at, users.updated_at 
FROM users 
WHERE users.id = ?
2026-02-01 16:22:48,074 INFO sqlalchemy.engine.Engine [cached since 3089s ago] ('755784f9-c9f6-43e9-99ab-cf27b029380c',)
2026-02-01 16:22:48,085 INFO sqlalchemy.engine.Engine SELECT tasks.id, tasks.title, tasks.description, tasks.column_id, tasks.position, tasks.priority, tasks.assignee_id, tasks.creator_id, tasks.deadline, tasks.estimated_hours, tasks.actual_hours, tasks.tags, tasks.is_deleted, tasks.completed_at, tasks.created_at, tasks.updated_at, tasks.version 
FROM tasks 
WHERE tasks.column_id = ? AND tasks.is_deleted = 0 ORDER BY tasks.position
2026-02-01 16:22:48,085 INFO sqlalchemy.engine.Engine [cached since 858.1s ago] ('c8ba51a3-6558-4657-978c-f5ccd9d0ae03',)
2026-02-01 16:22:48,091 INFO sqlalchemy.engine.Engine BEGIN (implicit)
2026-02-01 16:22:48,092 INFO sqlalchemy.engine.Engine SELECT users.id, users.email, users.password_hash, users.full_name, users.role, users.avatar_url, users.team_id, users.is_active, users.created_at, users.updated_at 
FROM users 
WHERE users.id = ?
2026-02-01 16:22:48,092 INFO sqlalchemy.engine.Engine [cached since 3089s ago] ('755784f9-c9f6-43e9-99ab-cf27b029380c',)
INFO:     127.0.0.1:52372 - "GET /api/v1/tasks?column_id=c8ba51a3-6558-4657-978c-f5ccd9d0ae03 HTTP/1.1" 200 OK
2026-02-01 16:22:48,095 INFO sqlalchemy.engine.Engine ROLLBACK
2026-02-01 16:22:48,100 INFO sqlalchemy.engine.Engine SELECT tasks.id, tasks.title, tasks.description, tasks.column_id, tasks.position, tasks.priority, tasks.assignee_id, tasks.creator_id, tasks.deadline, tasks.estimated_hours, tasks.actual_hours, tasks.tags, tasks.is_deleted, tasks.completed_at, tasks.created_at, tasks.updated_at, tasks.version 
FROM tasks 
WHERE tasks.column_id = ? AND tasks.is_deleted = 0 ORDER BY tasks.position
2026-02-01 16:22:48,100 INFO sqlalchemy.engine.Engine [cached since 858.2s ago] ('992bdba1-9586-4476-ba97-c4b36c9f42c3',)
INFO:     127.0.0.1:52373 - "GET /api/v1/tasks?column_id=992bdba1-9586-4476-ba97-c4b36c9f42c3 HTTP/1.1" 200 OK
2026-02-01 16:22:48,103 INFO sqlalchemy.engine.Engine ROLLBACK
2026-02-01 16:22:48,110 INFO sqlalchemy.engine.Engine BEGIN (implicit)
2026-02-01 16:22:48,110 INFO sqlalchemy.engine.Engine SELECT users.id, users.email, users.password_hash, users.full_name, users.role, users.avatar_url, users.team_id, users.is_active, users.created_at, users.updated_at 
FROM users 
WHERE users.id = ?
2026-02-01 16:22:48,110 INFO sqlalchemy.engine.Engine [cached since 3089s ago] ('755784f9-c9f6-43e9-99ab-cf27b029380c',)
2026-02-01 16:22:48,113 INFO sqlalchemy.engine.Engine SELECT tasks.id, tasks.title, tasks.description, tasks.column_id, tasks.position, tasks.priority, tasks.assignee_id, tasks.creator_id, tasks.deadline, tasks.estimated_hours, tasks.actual_hours, tasks.tags, tasks.is_deleted, tasks.completed_at, tasks.created_at, tasks.updated_at, tasks.version 
FROM tasks 
WHERE tasks.column_id = ? AND tasks.is_deleted = 0 ORDER BY tasks.position
2026-02-01 16:22:48,113 INFO sqlalchemy.engine.Engine [cached since 858.2s ago] ('992bdba1-9586-4476-ba97-c4b36c9f42c3',)
INFO:     127.0.0.1:52372 - "GET /api/v1/tasks?column_id=992bdba1-9586-4476-ba97-c4b36c9f42c3 HTTP/1.1" 200 OK
2026-02-01 16:22:48,114 INFO sqlalchemy.engine.Engine ROLLBACK
2026-02-01 16:22:48,116 INFO sqlalchemy.engine.Engine BEGIN (implicit)
2026-02-01 16:22:48,116 INFO sqlalchemy.engine.Engine SELECT users.id, users.email, users.password_hash, users.full_name, users.role, users.avatar_url, users.team_id, users.is_active, users.created_at, users.updated_at 
FROM users 
WHERE users.id = ?
2026-02-01 16:22:48,117 INFO sqlalchemy.engine.Engine [cached since 3089s ago] ('755784f9-c9f6-43e9-99ab-cf27b029380c',)
2026-02-01 16:22:48,119 INFO sqlalchemy.engine.Engine SELECT tasks.id, tasks.title, tasks.description, tasks.column_id, tasks.position, tasks.priority, tasks.assignee_id, tasks.creator_id, tasks.deadline, tasks.estimated_hours, tasks.actual_hours, tasks.tags, tasks.is_deleted, tasks.completed_at, tasks.created_at, tasks.updated_at, tasks.version 
FROM tasks 
WHERE tasks.column_id = ? AND tasks.is_deleted = 0 ORDER BY tasks.position
2026-02-01 16:22:48,119 INFO sqlalchemy.engine.Engine [cached since 858.2s ago] ('beb404f1-4f3b-4568-a45b-219bc0d55d2a',)
INFO:     127.0.0.1:52373 - "GET /api/v1/tasks?column_id=beb404f1-4f3b-4568-a45b-219bc0d55d2a HTTP/1.1" 200 OK
2026-02-01 16:22:48,121 INFO sqlalchemy.engine.Engine ROLLBACK
2026-02-01 16:22:48,124 INFO sqlalchemy.engine.Engine BEGIN (implicit)
2026-02-01 16:22:48,124 INFO sqlalchemy.engine.Engine SELECT users.id, users.email, users.password_hash, users.full_name, users.role, users.avatar_url, users.team_id, users.is_active, users.created_at, users.updated_at 
FROM users 
WHERE users.id = ?
2026-02-01 16:22:48,124 INFO sqlalchemy.engine.Engine [cached since 3089s ago] ('755784f9-c9f6-43e9-99ab-cf27b029380c',)
2026-02-01 16:22:48,126 INFO sqlalchemy.engine.Engine SELECT tasks.id, tasks.title, tasks.description, tasks.column_id, tasks.position, tasks.priority, tasks.assignee_id, tasks.creator_id, tasks.deadline, tasks.estimated_hours, tasks.actual_hours, tasks.tags, tasks.is_deleted, tasks.completed_at, tasks.created_at, tasks.updated_at, tasks.version 
FROM tasks 
WHERE tasks.column_id = ? AND tasks.is_deleted = 0 ORDER BY tasks.position
2026-02-01 16:22:48,126 INFO sqlalchemy.engine.Engine [cached since 858.2s ago] ('beb404f1-4f3b-4568-a45b-219bc0d55d2a',)
INFO:     127.0.0.1:52372 - "GET /api/v1/tasks?column_id=beb404f1-4f3b-4568-a45b-219bc0d55d2a HTTP/1.1" 200 OK
2026-02-01 16:22:48,127 INFO sqlalchemy.engine.Engine ROLLBACK
INFO:     127.0.0.1:57026 - "GET /docs HTTP/1.1" 200 OK
INFO:     127.0.0.1:57026 - "GET /openapi.json HTTP/1.1" 200 OK
INFO:     127.0.0.1:50013 - "GET / HTTP/1.1" 200 OK
INFO:     127.0.0.1:51601 - "GET /api/v1/teams/8328a301-f938-4198-8039-d9629aab195b HTTP/1.1" 401 Unauthorized
INFO:     127.0.0.1:51601 - "GET /api/v1/boards?team_id=8328a301-f938-4198-8039-d9629aab195b HTTP/1.1" 401 Unauthorized
INFO:     127.0.0.1:51601 - "GET /api/v1/teams/8328a301-f938-4198-8039-d9629aab195b HTTP/1.1" 401 Unauthorized
INFO:     127.0.0.1:51601 - "GET /api/v1/boards?team_id=8328a301-f938-4198-8039-d9629aab195b HTTP/1.1" 401 Unauthorized
INFO:     127.0.0.1:51605 - "POST /api/v1/boards HTTP/1.1" 401 Unauthorized
INFO:     127.0.0.1:51606 - "GET /api/v1/analytics/dashboard?team_id=8328a301-f938-4198-8039-d9629aab195b HTTP/1.1" 401 Unauthorized
INFO:     127.0.0.1:51606 - "GET /api/v1/analytics/velocity?team_id=8328a301-f938-4198-8039-d9629aab195b&weeks=8 HTTP/1.1" 401 Unauthorized
INFO:     127.0.0.1:51606 - "GET /api/v1/analytics/cycle-time?team_id=8328a301-f938-4198-8039-d9629aab195b HTTP/1.1" 401 Unauthorized
INFO:     127.0.0.1:51606 - "GET /api/v1/analytics/dashboard?team_id=8328a301-f938-4198-8039-d9629aab195b HTTP/1.1" 401 Unauthorized
INFO:     127.0.0.1:51606 - "GET /api/v1/analytics/velocity?team_id=8328a301-f938-4198-8039-d9629aab195b&weeks=8 HTTP/1.1" 401 Unauthorized
INFO:     127.0.0.1:51606 - "GET /api/v1/analytics/cycle-time?team_id=8328a301-f938-4198-8039-d9629aab195b HTTP/1.1" 401 Unauthorized
INFO:     127.0.0.1:54386 - "GET /api/v1/analytics/dashboard?team_id=8328a301-f938-4198-8039-d9629aab195b HTTP/1.1" 401 Unauthorized
INFO:     127.0.0.1:54386 - "GET /api/v1/analytics/velocity?team_id=8328a301-f938-4198-8039-d9629aab195b&weeks=8 HTTP/1.1" 401 Unauthorized
INFO:     127.0.0.1:54386 - "GET /api/v1/analytics/cycle-time?team_id=8328a301-f938-4198-8039-d9629aab195b HTTP/1.1" 401 Unauthorized
INFO:     127.0.0.1:54386 - "GET /api/v1/analytics/dashboard?team_id=8328a301-f938-4198-8039-d9629aab195b HTTP/1.1" 401 Unauthorized
INFO:     127.0.0.1:54386 - "GET /api/v1/analytics/velocity?team_id=8328a301-f938-4198-8039-d9629aab195b&weeks=8 HTTP/1.1" 401 Unauthorized
INFO:     127.0.0.1:54386 - "GET /api/v1/analytics/cycle-time?team_id=8328a301-f938-4198-8039-d9629aab195b HTTP/1.1" 401 Unauthorized
INFO:     127.0.0.1:54386 - "GET /api/v1/analytics/dashboard?team_id=8328a301-f938-4198-8039-d9629aab195b HTTP/1.1" 401 Unauthorized
INFO:     127.0.0.1:54386 - "GET /api/v1/analytics/velocity?team_id=8328a301-f938-4198-8039-d9629aab195b&weeks=8 HTTP/1.1" 401 Unauthorized
INFO:     127.0.0.1:54386 - "GET /api/v1/analytics/cycle-time?team_id=8328a301-f938-4198-8039-d9629aab195b HTTP/1.1" 401 Unauthorized
INFO:     127.0.0.1:54388 - "POST /api/v1/teams/invite/qr HTTP/1.1" 401 Unauthorized
INFO:     127.0.0.1:54388 - "POST /api/v1/teams/invite/qr HTTP/1.1" 401 Unauthorized
INFO:     127.0.0.1:54388 - "GET /api/v1/teams/8328a301-f938-4198-8039-d9629aab195b HTTP/1.1" 401 Unauthorized
INFO:     127.0.0.1:54388 - "GET /api/v1/boards?team_id=8328a301-f938-4198-8039-d9629aab195b HTTP/1.1" 401 Unauthorized
INFO:     127.0.0.1:54388 - "GET /api/v1/teams/8328a301-f938-4198-8039-d9629aab195b HTTP/1.1" 401 Unauthorized
INFO:     127.0.0.1:54388 - "GET /api/v1/boards?team_id=8328a301-f938-4198-8039-d9629aab195b HTTP/1.1" 401 Unauthorized
INFO:     127.0.0.1:54388 - "POST /api/v1/auth/logout HTTP/1.1" 401 Unauthorized
INFO:     127.0.0.1:54388 - "GET /api/v1/teams/8328a301-f938-4198-8039-d9629aab195b HTTP/1.1" 401 Unauthorized
INFO:     127.0.0.1:54388 - "GET /api/v1/boards?team_id=8328a301-f938-4198-8039-d9629aab195b HTTP/1.1" 401 Unauthorized
2026-02-01 17:13:40,785 INFO sqlalchemy.engine.Engine BEGIN (implicit)
2026-02-01 17:13:40,787 INFO sqlalchemy.engine.Engine SELECT users.id, users.email, users.password_hash, users.full_name, users.role, users.avatar_url, users.team_id, users.is_active, users.created_at, users.updated_at 
FROM users 
WHERE users.email = ?
2026-02-01 17:13:40,788 INFO sqlalchemy.engine.Engine [cached since 6142s ago] ('sss@sss.ss',)
INFO:     127.0.0.1:57630 - "POST /api/v1/auth/login HTTP/1.1" 200 OK
2026-02-01 17:13:40,900 INFO sqlalchemy.engine.Engine ROLLBACK
2026-02-01 17:13:40,924 INFO sqlalchemy.engine.Engine BEGIN (implicit)
2026-02-01 17:13:40,925 INFO sqlalchemy.engine.Engine SELECT users.id, users.email, users.password_hash, users.full_name, users.role, users.avatar_url, users.team_id, users.is_active, users.created_at, users.updated_at 
FROM users 
WHERE users.id = ?
2026-02-01 17:13:40,925 INFO sqlalchemy.engine.Engine [cached since 6142s ago] ('755784f9-c9f6-43e9-99ab-cf27b029380c',)
INFO:     127.0.0.1:57630 - "GET /api/v1/users/me HTTP/1.1" 200 OK
2026-02-01 17:13:40,928 INFO sqlalchemy.engine.Engine ROLLBACK
2026-02-01 17:13:47,494 INFO sqlalchemy.engine.Engine BEGIN (implicit)
2026-02-01 17:13:47,494 INFO sqlalchemy.engine.Engine SELECT users.id, users.email, users.password_hash, users.full_name, users.role, users.avatar_url, users.team_id, users.is_active, users.created_at, users.updated_at 
FROM users 
WHERE users.id = ?
2026-02-01 17:13:47,494 INFO sqlalchemy.engine.Engine [cached since 6148s ago] ('755784f9-c9f6-43e9-99ab-cf27b029380c',)
2026-02-01 17:13:47,501 INFO sqlalchemy.engine.Engine INSERT INTO teams (id, name, description, manager_id, invite_code, created_at, updated_at) VALUES (?, ?, ?, ?, ?, ?, ?)
2026-02-01 17:13:47,501 INFO sqlalchemy.engine.Engine [cached since 4708s ago] ('ee2b0ac7-47ec-4b84-913e-cfc892ce0bb6', 'rrr', None, '755784f9-c9f6-43e9-99ab-cf27b029380c', 'QAm5nY-fnX7vgTKuZgP4Kw', '2026-02-01 15:13:47.501287', '2026-02-01 15:13:47.501292')
2026-02-01 17:13:47,506 INFO sqlalchemy.engine.Engine INSERT INTO boards (id, name, description, team_id, is_default, created_at, updated_at) VALUES (?, ?, ?, ?, ?, ?, ?)
2026-02-01 17:13:47,506 INFO sqlalchemy.engine.Engine [cached since 4708s ago] ('d284c47c-7887-4664-b5c1-ce86835acddb', 'Основна дошка', None, 'ee2b0ac7-47ec-4b84-913e-cfc892ce0bb6', 1, '2026-02-01 15:13:47.506014', '2026-02-01 15:13:47.506019')
2026-02-01 17:13:47,508 INFO sqlalchemy.engine.Engine UPDATE users SET team_id=?, updated_at=? WHERE users.id = ?
2026-02-01 17:13:47,508 INFO sqlalchemy.engine.Engine [cached since 4708s ago] ('ee2b0ac7-47ec-4b84-913e-cfc892ce0bb6', '2026-02-01 15:13:47.508453', '755784f9-c9f6-43e9-99ab-cf27b029380c')
2026-02-01 17:13:47,512 INFO sqlalchemy.engine.Engine INSERT INTO columns (id, name, board_id, position, wip_limit, color, created_at, updated_at) VALUES (?, ?, ?, ?, ?, ?, ?, ?), (?, ?, ?, ?, ?, ?, ?, ?), (?, ?, ?, ?, ?, ?, ?, ?), (?, ?, ?, ?, ?, ?, ?, ?)
2026-02-01 17:13:47,513 INFO sqlalchemy.engine.Engine [cached since 4708s ago (insertmanyvalues) 1/1 (unordered)] ('61b35809-e629-409c-91db-08f7f428dcff', 'Очікує', 'd284c47c-7887-4664-b5c1-ce86835acddb', 0, None, None, '2026-02-01 15:13:47.512531', '2026-02-01 15:13:47.512536', '9e4dff02-6c29-426c-a11e-05216890a52f', 'В роботі', 'd284c47c-7887-4664-b5c1-ce86835acddb', 1, 5, None, '2026-02-01 15:13:47.512548', '2026-02-01 15:13:47.512550', '9c84c781-c935-4974-9e6c-7504c4d83b80', 'На перевірці', 'd284c47c-7887-4664-b5c1-ce86835acddb', 2, 3, None, '2026-02-01 15:13:47.512558', '2026-02-01 15:13:47.512560', '46a0e8a7-cae7-4f40-aff1-e65a55d3fd9e', 'Завершено', 'd284c47c-7887-4664-b5c1-ce86835acddb', 3, None, None, '2026-02-01 15:13:47.512567', '2026-02-01 15:13:47.512569')
2026-02-01 17:13:47,515 INFO sqlalchemy.engine.Engine COMMIT
2026-02-01 17:13:47,662 INFO sqlalchemy.engine.Engine BEGIN (implicit)
2026-02-01 17:13:47,663 INFO sqlalchemy.engine.Engine SELECT teams.id, teams.name, teams.description, teams.manager_id, teams.invite_code, teams.created_at, teams.updated_at 
FROM teams 
WHERE teams.id = ?
2026-02-01 17:13:47,663 INFO sqlalchemy.engine.Engine [cached since 4708s ago] ('ee2b0ac7-47ec-4b84-913e-cfc892ce0bb6',)
INFO:     127.0.0.1:57631 - "POST /api/v1/teams HTTP/1.1" 200 OK
2026-02-01 17:13:47,665 INFO sqlalchemy.engine.Engine ROLLBACK
2026-02-01 17:13:47,686 INFO sqlalchemy.engine.Engine BEGIN (implicit)
2026-02-01 17:13:47,686 INFO sqlalchemy.engine.Engine SELECT users.id, users.email, users.password_hash, users.full_name, users.role, users.avatar_url, users.team_id, users.is_active, users.created_at, users.updated_at 
FROM users 
WHERE users.id = ?
2026-02-01 17:13:47,687 INFO sqlalchemy.engine.Engine [cached since 6149s ago] ('755784f9-c9f6-43e9-99ab-cf27b029380c',)
INFO:     127.0.0.1:57631 - "GET /api/v1/users/me HTTP/1.1" 200 OK
2026-02-01 17:13:47,689 INFO sqlalchemy.engine.Engine ROLLBACK
2026-02-01 17:13:47,730 INFO sqlalchemy.engine.Engine BEGIN (implicit)
2026-02-01 17:13:47,731 INFO sqlalchemy.engine.Engine SELECT users.id, users.email, users.password_hash, users.full_name, users.role, users.avatar_url, users.team_id, users.is_active, users.created_at, users.updated_at 
FROM users 
WHERE users.id = ?
2026-02-01 17:13:47,731 INFO sqlalchemy.engine.Engine [cached since 6149s ago] ('755784f9-c9f6-43e9-99ab-cf27b029380c',)
2026-02-01 17:13:47,738 INFO sqlalchemy.engine.Engine SELECT teams.id, teams.name, teams.description, teams.manager_id, teams.invite_code, teams.created_at, teams.updated_at 
FROM teams 
WHERE teams.id = ?
2026-02-01 17:13:47,738 INFO sqlalchemy.engine.Engine [generated in 0.00050s] ('8328a301-f938-4198-8039-d9629aab195b',)
2026-02-01 17:13:47,746 INFO sqlalchemy.engine.Engine SELECT users.team_id AS users_team_id, users.id AS users_id, users.email AS users_email, users.password_hash AS users_password_hash, users.full_name AS users_full_name, users.role AS users_role, users.avatar_url AS users_avatar_url, users.is_active AS users_is_active, users.created_at AS users_created_at, users.updated_at AS users_updated_at 
FROM users 
WHERE users.team_id IN (?)
2026-02-01 17:13:47,746 INFO sqlalchemy.engine.Engine [generated in 0.00048s] ('8328a301-f938-4198-8039-d9629aab195b',)
2026-02-01 17:13:47,748 INFO sqlalchemy.engine.Engine BEGIN (implicit)
2026-02-01 17:13:47,749 INFO sqlalchemy.engine.Engine SELECT users.id, users.email, users.password_hash, users.full_name, users.role, users.avatar_url, users.team_id, users.is_active, users.created_at, users.updated_at 
FROM users 
WHERE users.id = ?
2026-02-01 17:13:47,749 INFO sqlalchemy.engine.Engine [cached since 6149s ago] ('755784f9-c9f6-43e9-99ab-cf27b029380c',)
INFO:     127.0.0.1:57631 - "GET /api/v1/teams/8328a301-f938-4198-8039-d9629aab195b HTTP/1.1" 200 OK
2026-02-01 17:13:47,751 INFO sqlalchemy.engine.Engine ROLLBACK
2026-02-01 17:13:47,753 INFO sqlalchemy.engine.Engine SELECT boards.id, boards.name, boards.description, boards.team_id, boards.is_default, boards.created_at, boards.updated_at 
FROM boards 
WHERE boards.team_id = ?
2026-02-01 17:13:47,753 INFO sqlalchemy.engine.Engine [cached since 3918s ago] ('ee2b0ac7-47ec-4b84-913e-cfc892ce0bb6',)
INFO:     127.0.0.1:57632 - "GET /api/v1/boards?team_id=ee2b0ac7-47ec-4b84-913e-cfc892ce0bb6 HTTP/1.1" 200 OK
2026-02-01 17:13:47,755 INFO sqlalchemy.engine.Engine ROLLBACK
2026-02-01 17:13:47,771 INFO sqlalchemy.engine.Engine BEGIN (implicit)
2026-02-01 17:13:47,771 INFO sqlalchemy.engine.Engine SELECT users.id, users.email, users.password_hash, users.full_name, users.role, users.avatar_url, users.team_id, users.is_active, users.created_at, users.updated_at 
FROM users 
WHERE users.id = ?
2026-02-01 17:13:47,771 INFO sqlalchemy.engine.Engine [cached since 6149s ago] ('755784f9-c9f6-43e9-99ab-cf27b029380c',)
2026-02-01 17:13:47,773 INFO sqlalchemy.engine.Engine SELECT boards.id, boards.name, boards.description, boards.team_id, boards.is_default, boards.created_at, boards.updated_at 
FROM boards 
WHERE boards.team_id = ?
2026-02-01 17:13:47,773 INFO sqlalchemy.engine.Engine [cached since 3918s ago] ('8328a301-f938-4198-8039-d9629aab195b',)
INFO:     127.0.0.1:57631 - "GET /api/v1/boards?team_id=8328a301-f938-4198-8039-d9629aab195b HTTP/1.1" 200 OK
2026-02-01 17:13:47,775 INFO sqlalchemy.engine.Engine ROLLBACK
2026-02-01 17:13:47,780 INFO sqlalchemy.engine.Engine BEGIN (implicit)
2026-02-01 17:13:47,781 INFO sqlalchemy.engine.Engine SELECT users.id, users.email, users.password_hash, users.full_name, users.role, users.avatar_url, users.team_id, users.is_active, users.created_at, users.updated_at 
FROM users 
WHERE users.id = ?
2026-02-01 17:13:47,781 INFO sqlalchemy.engine.Engine [cached since 6149s ago] ('755784f9-c9f6-43e9-99ab-cf27b029380c',)
2026-02-01 17:13:47,783 INFO sqlalchemy.engine.Engine SELECT columns.id, columns.name, columns.board_id, columns.position, columns.wip_limit, columns.color, columns.created_at, columns.updated_at 
FROM columns 
WHERE columns.board_id = ? ORDER BY columns.position
2026-02-01 17:13:47,783 INFO sqlalchemy.engine.Engine [cached since 3918s ago] ('d284c47c-7887-4664-b5c1-ce86835acddb',)
2026-02-01 17:13:47,786 INFO sqlalchemy.engine.Engine SELECT count(tasks.id) AS count_1 
FROM tasks 
WHERE tasks.column_id = ? AND tasks.is_deleted = 0
2026-02-01 17:13:47,786 INFO sqlalchemy.engine.Engine [cached since 3918s ago] ('61b35809-e629-409c-91db-08f7f428dcff',)
2026-02-01 17:13:47,787 INFO sqlalchemy.engine.Engine SELECT count(tasks.id) AS count_1 
FROM tasks 
WHERE tasks.column_id = ? AND tasks.is_deleted = 0
2026-02-01 17:13:47,787 INFO sqlalchemy.engine.Engine [cached since 3918s ago] ('9e4dff02-6c29-426c-a11e-05216890a52f',)
2026-02-01 17:13:47,789 INFO sqlalchemy.engine.Engine SELECT count(tasks.id) AS count_1 
FROM tasks 
WHERE tasks.column_id = ? AND tasks.is_deleted = 0
2026-02-01 17:13:47,789 INFO sqlalchemy.engine.Engine [cached since 3918s ago] ('9c84c781-c935-4974-9e6c-7504c4d83b80',)
2026-02-01 17:13:47,790 INFO sqlalchemy.engine.Engine SELECT count(tasks.id) AS count_1 
FROM tasks 
WHERE tasks.column_id = ? AND tasks.is_deleted = 0
2026-02-01 17:13:47,790 INFO sqlalchemy.engine.Engine [cached since 3918s ago] ('46a0e8a7-cae7-4f40-aff1-e65a55d3fd9e',)
INFO:     127.0.0.1:57632 - "GET /api/v1/boards/d284c47c-7887-4664-b5c1-ce86835acddb/columns HTTP/1.1" 200 OK
2026-02-01 17:13:47,792 INFO sqlalchemy.engine.Engine ROLLBACK
2026-02-01 17:13:47,802 INFO sqlalchemy.engine.Engine BEGIN (implicit)
2026-02-01 17:13:47,803 INFO sqlalchemy.engine.Engine SELECT users.id, users.email, users.password_hash, users.full_name, users.role, users.avatar_url, users.team_id, users.is_active, users.created_at, users.updated_at 
FROM users 
WHERE users.id = ?
2026-02-01 17:13:47,803 INFO sqlalchemy.engine.Engine [cached since 6149s ago] ('755784f9-c9f6-43e9-99ab-cf27b029380c',)
2026-02-01 17:13:47,805 INFO sqlalchemy.engine.Engine SELECT columns.id, columns.name, columns.board_id, columns.position, columns.wip_limit, columns.color, columns.created_at, columns.updated_at 
FROM columns 
WHERE columns.board_id = ? ORDER BY columns.position
2026-02-01 17:13:47,805 INFO sqlalchemy.engine.Engine [cached since 3918s ago] ('26b51e5e-a756-4cdb-aee5-a2820594963f',)
2026-02-01 17:13:47,807 INFO sqlalchemy.engine.Engine SELECT count(tasks.id) AS count_1 
FROM tasks 
WHERE tasks.column_id = ? AND tasks.is_deleted = 0
2026-02-01 17:13:47,807 INFO sqlalchemy.engine.Engine [cached since 3918s ago] ('6948804b-ebd1-416e-9b1b-2e7d979df36a',)
2026-02-01 17:13:47,809 INFO sqlalchemy.engine.Engine SELECT count(tasks.id) AS count_1 
FROM tasks 
WHERE tasks.column_id = ? AND tasks.is_deleted = 0
2026-02-01 17:13:47,809 INFO sqlalchemy.engine.Engine [cached since 3918s ago] ('c8ba51a3-6558-4657-978c-f5ccd9d0ae03',)
2026-02-01 17:13:47,811 INFO sqlalchemy.engine.Engine BEGIN (implicit)
2026-02-01 17:13:47,811 INFO sqlalchemy.engine.Engine SELECT users.id, users.email, users.password_hash, users.full_name, users.role, users.avatar_url, users.team_id, users.is_active, users.created_at, users.updated_at 
FROM users 
WHERE users.id = ?
2026-02-01 17:13:47,811 INFO sqlalchemy.engine.Engine [cached since 6149s ago] ('755784f9-c9f6-43e9-99ab-cf27b029380c',)
2026-02-01 17:13:47,813 INFO sqlalchemy.engine.Engine SELECT count(tasks.id) AS count_1 
FROM tasks 
WHERE tasks.column_id = ? AND tasks.is_deleted = 0
2026-02-01 17:13:47,813 INFO sqlalchemy.engine.Engine [cached since 3918s ago] ('992bdba1-9586-4476-ba97-c4b36c9f42c3',)
2026-02-01 17:13:47,815 INFO sqlalchemy.engine.Engine SELECT tasks.id, tasks.title, tasks.description, tasks.column_id, tasks.position, tasks.priority, tasks.assignee_id, tasks.creator_id, tasks.deadline, tasks.estimated_hours, tasks.actual_hours, tasks.tags, tasks.is_deleted, tasks.completed_at, tasks.created_at, tasks.updated_at, tasks.version 
FROM tasks 
WHERE tasks.column_id = ? AND tasks.is_deleted = 0 ORDER BY tasks.position
2026-02-01 17:13:47,815 INFO sqlalchemy.engine.Engine [cached since 3918s ago] ('61b35809-e629-409c-91db-08f7f428dcff',)
2026-02-01 17:13:47,817 INFO sqlalchemy.engine.Engine SELECT count(tasks.id) AS count_1 
FROM tasks 
WHERE tasks.column_id = ? AND tasks.is_deleted = 0
2026-02-01 17:13:47,817 INFO sqlalchemy.engine.Engine [cached since 3918s ago] ('beb404f1-4f3b-4568-a45b-219bc0d55d2a',)
INFO:     127.0.0.1:57632 - "GET /api/v1/tasks?column_id=61b35809-e629-409c-91db-08f7f428dcff HTTP/1.1" 200 OK
2026-02-01 17:13:47,819 INFO sqlalchemy.engine.Engine ROLLBACK
INFO:     127.0.0.1:57631 - "GET /api/v1/boards/26b51e5e-a756-4cdb-aee5-a2820594963f/columns HTTP/1.1" 200 OK
2026-02-01 17:13:47,821 INFO sqlalchemy.engine.Engine ROLLBACK
2026-02-01 17:13:47,830 INFO sqlalchemy.engine.Engine BEGIN (implicit)
2026-02-01 17:13:47,830 INFO sqlalchemy.engine.Engine SELECT users.id, users.email, users.password_hash, users.full_name, users.role, users.avatar_url, users.team_id, users.is_active, users.created_at, users.updated_at 
FROM users 
WHERE users.id = ?
2026-02-01 17:13:47,830 INFO sqlalchemy.engine.Engine [cached since 6149s ago] ('755784f9-c9f6-43e9-99ab-cf27b029380c',)
2026-02-01 17:13:47,832 INFO sqlalchemy.engine.Engine SELECT tasks.id, tasks.title, tasks.description, tasks.column_id, tasks.position, tasks.priority, tasks.assignee_id, tasks.creator_id, tasks.deadline, tasks.estimated_hours, tasks.actual_hours, tasks.tags, tasks.is_deleted, tasks.completed_at, tasks.created_at, tasks.updated_at, tasks.version 
FROM tasks 
WHERE tasks.column_id = ? AND tasks.is_deleted = 0 ORDER BY tasks.position
2026-02-01 17:13:47,832 INFO sqlalchemy.engine.Engine [cached since 3918s ago] ('9e4dff02-6c29-426c-a11e-05216890a52f',)
INFO:     127.0.0.1:57632 - "GET /api/v1/tasks?column_id=9e4dff02-6c29-426c-a11e-05216890a52f HTTP/1.1" 200 OK
2026-02-01 17:13:47,834 INFO sqlalchemy.engine.Engine ROLLBACK
2026-02-01 17:13:47,876 INFO sqlalchemy.engine.Engine BEGIN (implicit)
2026-02-01 17:13:47,877 INFO sqlalchemy.engine.Engine SELECT users.id, users.email, users.password_hash, users.full_name, users.role, users.avatar_url, users.team_id, users.is_active, users.created_at, users.updated_at 
FROM users 
WHERE users.id = ?
2026-02-01 17:13:47,877 INFO sqlalchemy.engine.Engine [cached since 6149s ago] ('755784f9-c9f6-43e9-99ab-cf27b029380c',)
2026-02-01 17:13:47,880 INFO sqlalchemy.engine.Engine SELECT tasks.id, tasks.title, tasks.description, tasks.column_id, tasks.position, tasks.priority, tasks.assignee_id, tasks.creator_id, tasks.deadline, tasks.estimated_hours, tasks.actual_hours, tasks.tags, tasks.is_deleted, tasks.completed_at, tasks.created_at, tasks.updated_at, tasks.version 
FROM tasks 
WHERE tasks.column_id = ? AND tasks.is_deleted = 0 ORDER BY tasks.position
2026-02-01 17:13:47,880 INFO sqlalchemy.engine.Engine [cached since 3918s ago] ('6948804b-ebd1-416e-9b1b-2e7d979df36a',)
INFO:     127.0.0.1:57631 - "GET /api/v1/tasks?column_id=6948804b-ebd1-416e-9b1b-2e7d979df36a HTTP/1.1" 200 OK
2026-02-01 17:13:47,882 INFO sqlalchemy.engine.Engine ROLLBACK
2026-02-01 17:13:47,885 INFO sqlalchemy.engine.Engine BEGIN (implicit)
2026-02-01 17:13:47,885 INFO sqlalchemy.engine.Engine SELECT users.id, users.email, users.password_hash, users.full_name, users.role, users.avatar_url, users.team_id, users.is_active, users.created_at, users.updated_at 
FROM users 
WHERE users.id = ?
2026-02-01 17:13:47,885 INFO sqlalchemy.engine.Engine [cached since 6149s ago] ('755784f9-c9f6-43e9-99ab-cf27b029380c',)
2026-02-01 17:13:47,888 INFO sqlalchemy.engine.Engine SELECT tasks.id, tasks.title, tasks.description, tasks.column_id, tasks.position, tasks.priority, tasks.assignee_id, tasks.creator_id, tasks.deadline, tasks.estimated_hours, tasks.actual_hours, tasks.tags, tasks.is_deleted, tasks.completed_at, tasks.created_at, tasks.updated_at, tasks.version 
FROM tasks 
WHERE tasks.column_id = ? AND tasks.is_deleted = 0 ORDER BY tasks.position
2026-02-01 17:13:47,889 INFO sqlalchemy.engine.Engine [cached since 3918s ago] ('9c84c781-c935-4974-9e6c-7504c4d83b80',)
2026-02-01 17:13:47,891 INFO sqlalchemy.engine.Engine BEGIN (implicit)
2026-02-01 17:13:47,892 INFO sqlalchemy.engine.Engine SELECT users.id, users.email, users.password_hash, users.full_name, users.role, users.avatar_url, users.team_id, users.is_active, users.created_at, users.updated_at 
FROM users 
WHERE users.id = ?
2026-02-01 17:13:47,892 INFO sqlalchemy.engine.Engine [cached since 6149s ago] ('755784f9-c9f6-43e9-99ab-cf27b029380c',)
INFO:     127.0.0.1:57632 - "GET /api/v1/tasks?column_id=9c84c781-c935-4974-9e6c-7504c4d83b80 HTTP/1.1" 200 OK
2026-02-01 17:13:47,893 INFO sqlalchemy.engine.Engine ROLLBACK
2026-02-01 17:13:47,896 INFO sqlalchemy.engine.Engine SELECT tasks.id, tasks.title, tasks.description, tasks.column_id, tasks.position, tasks.priority, tasks.assignee_id, tasks.creator_id, tasks.deadline, tasks.estimated_hours, tasks.actual_hours, tasks.tags, tasks.is_deleted, tasks.completed_at, tasks.created_at, tasks.updated_at, tasks.version 
FROM tasks 
WHERE tasks.column_id = ? AND tasks.is_deleted = 0 ORDER BY tasks.position
2026-02-01 17:13:47,896 INFO sqlalchemy.engine.Engine [cached since 3918s ago] ('c8ba51a3-6558-4657-978c-f5ccd9d0ae03',)
INFO:     127.0.0.1:57631 - "GET /api/v1/tasks?column_id=c8ba51a3-6558-4657-978c-f5ccd9d0ae03 HTTP/1.1" 200 OK
2026-02-01 17:13:47,899 INFO sqlalchemy.engine.Engine ROLLBACK
2026-02-01 17:13:47,902 INFO sqlalchemy.engine.Engine BEGIN (implicit)
2026-02-01 17:13:47,902 INFO sqlalchemy.engine.Engine SELECT users.id, users.email, users.password_hash, users.full_name, users.role, users.avatar_url, users.team_id, users.is_active, users.created_at, users.updated_at 
FROM users 
WHERE users.id = ?
2026-02-01 17:13:47,903 INFO sqlalchemy.engine.Engine [cached since 6149s ago] ('755784f9-c9f6-43e9-99ab-cf27b029380c',)
2026-02-01 17:13:47,905 INFO sqlalchemy.engine.Engine SELECT tasks.id, tasks.title, tasks.description, tasks.column_id, tasks.position, tasks.priority, tasks.assignee_id, tasks.creator_id, tasks.deadline, tasks.estimated_hours, tasks.actual_hours, tasks.tags, tasks.is_deleted, tasks.completed_at, tasks.created_at, tasks.updated_at, tasks.version 
FROM tasks 
WHERE tasks.column_id = ? AND tasks.is_deleted = 0 ORDER BY tasks.position
2026-02-01 17:13:47,905 INFO sqlalchemy.engine.Engine [cached since 3918s ago] ('46a0e8a7-cae7-4f40-aff1-e65a55d3fd9e',)
INFO:     127.0.0.1:57632 - "GET /api/v1/tasks?column_id=46a0e8a7-cae7-4f40-aff1-e65a55d3fd9e HTTP/1.1" 200 OK
2026-02-01 17:13:47,908 INFO sqlalchemy.engine.Engine ROLLBACK
2026-02-01 17:13:47,916 INFO sqlalchemy.engine.Engine BEGIN (implicit)
2026-02-01 17:13:47,916 INFO sqlalchemy.engine.Engine SELECT users.id, users.email, users.password_hash, users.full_name, users.role, users.avatar_url, users.team_id, users.is_active, users.created_at, users.updated_at 
FROM users 
WHERE users.id = ?
2026-02-01 17:13:47,916 INFO sqlalchemy.engine.Engine [cached since 6149s ago] ('755784f9-c9f6-43e9-99ab-cf27b029380c',)
2026-02-01 17:13:47,919 INFO sqlalchemy.engine.Engine SELECT tasks.id, tasks.title, tasks.description, tasks.column_id, tasks.position, tasks.priority, tasks.assignee_id, tasks.creator_id, tasks.deadline, tasks.estimated_hours, tasks.actual_hours, tasks.tags, tasks.is_deleted, tasks.completed_at, tasks.created_at, tasks.updated_at, tasks.version 
FROM tasks 
WHERE tasks.column_id = ? AND tasks.is_deleted = 0 ORDER BY tasks.position
2026-02-01 17:13:47,919 INFO sqlalchemy.engine.Engine [cached since 3918s ago] ('992bdba1-9586-4476-ba97-c4b36c9f42c3',)
INFO:     127.0.0.1:57631 - "GET /api/v1/tasks?column_id=992bdba1-9586-4476-ba97-c4b36c9f42c3 HTTP/1.1" 200 OK
2026-02-01 17:13:47,922 INFO sqlalchemy.engine.Engine ROLLBACK
2026-02-01 17:13:48,058 INFO sqlalchemy.engine.Engine BEGIN (implicit)
2026-02-01 17:13:48,059 INFO sqlalchemy.engine.Engine SELECT users.id, users.email, users.password_hash, users.full_name, users.role, users.avatar_url, users.team_id, users.is_active, users.created_at, users.updated_at 
FROM users 
WHERE users.id = ?
2026-02-01 17:13:48,059 INFO sqlalchemy.engine.Engine [cached since 6149s ago] ('755784f9-c9f6-43e9-99ab-cf27b029380c',)
2026-02-01 17:13:48,061 INFO sqlalchemy.engine.Engine SELECT tasks.id, tasks.title, tasks.description, tasks.column_id, tasks.position, tasks.priority, tasks.assignee_id, tasks.creator_id, tasks.deadline, tasks.estimated_hours, tasks.actual_hours, tasks.tags, tasks.is_deleted, tasks.completed_at, tasks.created_at, tasks.updated_at, tasks.version 
FROM tasks 
WHERE tasks.column_id = ? AND tasks.is_deleted = 0 ORDER BY tasks.position
2026-02-01 17:13:48,061 INFO sqlalchemy.engine.Engine [cached since 3918s ago] ('beb404f1-4f3b-4568-a45b-219bc0d55d2a',)
INFO:     127.0.0.1:57631 - "GET /api/v1/tasks?column_id=beb404f1-4f3b-4568-a45b-219bc0d55d2a HTTP/1.1" 200 OK
2026-02-01 17:13:48,063 INFO sqlalchemy.engine.Engine ROLLBACK
2026-02-01 17:14:12,211 INFO sqlalchemy.engine.Engine BEGIN (implicit)
2026-02-01 17:14:12,212 INFO sqlalchemy.engine.Engine SELECT users.id, users.email, users.password_hash, users.full_name, users.role, users.avatar_url, users.team_id, users.is_active, users.created_at, users.updated_at 
FROM users 
WHERE users.id = ?
2026-02-01 17:14:12,212 INFO sqlalchemy.engine.Engine [cached since 6173s ago] ('755784f9-c9f6-43e9-99ab-cf27b029380c',)
2026-02-01 17:14:12,214 INFO sqlalchemy.engine.Engine SELECT boards.id 
FROM boards 
WHERE boards.team_id = ?
2026-02-01 17:14:12,214 INFO sqlalchemy.engine.Engine [cached since 3931s ago] ('ee2b0ac7-47ec-4b84-913e-cfc892ce0bb6',)
2026-02-01 17:14:12,216 INFO sqlalchemy.engine.Engine SELECT columns.id, columns.name, columns.board_id, columns.position, columns.wip_limit, columns.color, columns.created_at, columns.updated_at 
FROM columns 
WHERE columns.board_id IN (?)
2026-02-01 17:14:12,216 INFO sqlalchemy.engine.Engine [cached since 3931s ago] ('d284c47c-7887-4664-b5c1-ce86835acddb',)
2026-02-01 17:14:12,217 INFO sqlalchemy.engine.Engine SELECT count(tasks.id) AS count_1 
FROM tasks 
WHERE tasks.column_id IN (?, ?, ?, ?) AND tasks.is_deleted = 0
2026-02-01 17:14:12,217 INFO sqlalchemy.engine.Engine [cached since 3931s ago] ('61b35809-e629-409c-91db-08f7f428dcff', '9e4dff02-6c29-426c-a11e-05216890a52f', '9c84c781-c935-4974-9e6c-7504c4d83b80', '46a0e8a7-cae7-4f40-aff1-e65a55d3fd9e')
2026-02-01 17:14:12,219 INFO sqlalchemy.engine.Engine SELECT count(tasks.id) AS count_1 
FROM tasks 
WHERE tasks.column_id IN (?) AND tasks.is_deleted = 0
2026-02-01 17:14:12,219 INFO sqlalchemy.engine.Engine [cached since 3931s ago] ('46a0e8a7-cae7-4f40-aff1-e65a55d3fd9e',)
2026-02-01 17:14:12,222 INFO sqlalchemy.engine.Engine SELECT count(tasks.id) AS count_1 
FROM tasks 
WHERE tasks.column_id IN (?) AND tasks.is_deleted = 0
2026-02-01 17:14:12,222 INFO sqlalchemy.engine.Engine [cached since 3931s ago] ('9e4dff02-6c29-426c-a11e-05216890a52f',)
2026-02-01 17:14:12,224 INFO sqlalchemy.engine.Engine SELECT count(tasks.id) AS count_1 
FROM tasks 
WHERE tasks.column_id IN (?, ?, ?, ?) AND tasks.is_deleted = 0 AND tasks.deadline < ? AND tasks.completed_at IS NULL
2026-02-01 17:14:12,225 INFO sqlalchemy.engine.Engine [cached since 3931s ago] ('61b35809-e629-409c-91db-08f7f428dcff', '9e4dff02-6c29-426c-a11e-05216890a52f', '9c84c781-c935-4974-9e6c-7504c4d83b80', '46a0e8a7-cae7-4f40-aff1-e65a55d3fd9e', '2026-02-01 15:14:12.223780')
2026-02-01 17:14:12,227 INFO sqlalchemy.engine.Engine SELECT avg(julianday(tasks.completed_at) - julianday(tasks.created_at)) AS avg_1 
FROM tasks 
WHERE tasks.column_id IN (?, ?, ?, ?) AND tasks.completed_at IS NOT NULL
2026-02-01 17:14:12,227 INFO sqlalchemy.engine.Engine [cached since 3931s ago] ('61b35809-e629-409c-91db-08f7f428dcff', '9e4dff02-6c29-426c-a11e-05216890a52f', '9c84c781-c935-4974-9e6c-7504c4d83b80', '46a0e8a7-cae7-4f40-aff1-e65a55d3fd9e')
INFO:     127.0.0.1:57636 - "GET /api/v1/analytics/dashboard?team_id=ee2b0ac7-47ec-4b84-913e-cfc892ce0bb6 HTTP/1.1" 200 OK
2026-02-01 17:14:12,229 INFO sqlalchemy.engine.Engine ROLLBACK
2026-02-01 17:14:12,238 INFO sqlalchemy.engine.Engine BEGIN (implicit)
2026-02-01 17:14:12,238 INFO sqlalchemy.engine.Engine SELECT users.id, users.email, users.password_hash, users.full_name, users.role, users.avatar_url, users.team_id, users.is_active, users.created_at, users.updated_at 
FROM users 
WHERE users.id = ?
2026-02-01 17:14:12,238 INFO sqlalchemy.engine.Engine [cached since 6173s ago] ('755784f9-c9f6-43e9-99ab-cf27b029380c',)
2026-02-01 17:14:12,240 INFO sqlalchemy.engine.Engine SELECT boards.id 
FROM boards 
WHERE boards.team_id = ?
2026-02-01 17:14:12,240 INFO sqlalchemy.engine.Engine [cached since 3931s ago] ('ee2b0ac7-47ec-4b84-913e-cfc892ce0bb6',)
2026-02-01 17:14:12,242 INFO sqlalchemy.engine.Engine SELECT columns.id 
FROM columns 
WHERE columns.board_id IN (?)
2026-02-01 17:14:12,242 INFO sqlalchemy.engine.Engine [cached since 3931s ago] ('d284c47c-7887-4664-b5c1-ce86835acddb',)
2026-02-01 17:14:12,246 INFO sqlalchemy.engine.Engine SELECT count(tasks.id) AS count_1 
FROM tasks 
WHERE tasks.column_id IN (?, ?, ?, ?) AND tasks.completed_at >= ? AND tasks.completed_at < ?
2026-02-01 17:14:12,246 INFO sqlalchemy.engine.Engine [generated in 0.00051s] ('61b35809-e629-409c-91db-08f7f428dcff', '9e4dff02-6c29-426c-a11e-05216890a52f', '9c84c781-c935-4974-9e6c-7504c4d83b80', '46a0e8a7-cae7-4f40-aff1-e65a55d3fd9e', '2025-12-07 15:14:12.244084', '2025-12-14 15:14:12.244084')
2026-02-01 17:14:12,280 INFO sqlalchemy.engine.Engine SELECT count(tasks.id) AS count_1 
FROM tasks 
WHERE tasks.column_id IN (?, ?, ?, ?) AND tasks.completed_at >= ? AND tasks.completed_at < ?
2026-02-01 17:14:12,280 INFO sqlalchemy.engine.Engine [cached since 0.03458s ago] ('61b35809-e629-409c-91db-08f7f428dcff', '9e4dff02-6c29-426c-a11e-05216890a52f', '9c84c781-c935-4974-9e6c-7504c4d83b80', '46a0e8a7-cae7-4f40-aff1-e65a55d3fd9e', '2025-12-14 15:14:12.244084', '2025-12-21 15:14:12.244084')
2026-02-01 17:14:12,282 INFO sqlalchemy.engine.Engine SELECT count(tasks.id) AS count_1 
FROM tasks 
WHERE tasks.column_id IN (?, ?, ?, ?) AND tasks.completed_at >= ? AND tasks.completed_at < ?
2026-02-01 17:14:12,282 INFO sqlalchemy.engine.Engine [cached since 0.03637s ago] ('61b35809-e629-409c-91db-08f7f428dcff', '9e4dff02-6c29-426c-a11e-05216890a52f', '9c84c781-c935-4974-9e6c-7504c4d83b80', '46a0e8a7-cae7-4f40-aff1-e65a55d3fd9e', '2025-12-21 15:14:12.244084', '2025-12-28 15:14:12.244084')
2026-02-01 17:14:12,284 INFO sqlalchemy.engine.Engine SELECT count(tasks.id) AS count_1 
FROM tasks 
WHERE tasks.column_id IN (?, ?, ?, ?) AND tasks.completed_at >= ? AND tasks.completed_at < ?
2026-02-01 17:14:12,284 INFO sqlalchemy.engine.Engine [cached since 0.03825s ago] ('61b35809-e629-409c-91db-08f7f428dcff', '9e4dff02-6c29-426c-a11e-05216890a52f', '9c84c781-c935-4974-9e6c-7504c4d83b80', '46a0e8a7-cae7-4f40-aff1-e65a55d3fd9e', '2025-12-28 15:14:12.244084', '2026-01-04 15:14:12.244084')
2026-02-01 17:14:12,286 INFO sqlalchemy.engine.Engine SELECT count(tasks.id) AS count_1 
FROM tasks 
WHERE tasks.column_id IN (?, ?, ?, ?) AND tasks.completed_at >= ? AND tasks.completed_at < ?
2026-02-01 17:14:12,286 INFO sqlalchemy.engine.Engine [cached since 0.03997s ago] ('61b35809-e629-409c-91db-08f7f428dcff', '9e4dff02-6c29-426c-a11e-05216890a52f', '9c84c781-c935-4974-9e6c-7504c4d83b80', '46a0e8a7-cae7-4f40-aff1-e65a55d3fd9e', '2026-01-04 15:14:12.244084', '2026-01-11 15:14:12.244084')
2026-02-01 17:14:12,288 INFO sqlalchemy.engine.Engine SELECT count(tasks.id) AS count_1 
FROM tasks 
WHERE tasks.column_id IN (?, ?, ?, ?) AND tasks.completed_at >= ? AND tasks.completed_at < ?
2026-02-01 17:14:12,288 INFO sqlalchemy.engine.Engine [cached since 0.04218s ago] ('61b35809-e629-409c-91db-08f7f428dcff', '9e4dff02-6c29-426c-a11e-05216890a52f', '9c84c781-c935-4974-9e6c-7504c4d83b80', '46a0e8a7-cae7-4f40-aff1-e65a55d3fd9e', '2026-01-11 15:14:12.244084', '2026-01-18 15:14:12.244084')
2026-02-01 17:14:12,291 INFO sqlalchemy.engine.Engine SELECT count(tasks.id) AS count_1 
FROM tasks 
WHERE tasks.column_id IN (?, ?, ?, ?) AND tasks.completed_at >= ? AND tasks.completed_at < ?
2026-02-01 17:14:12,291 INFO sqlalchemy.engine.Engine [cached since 0.04491s ago] ('61b35809-e629-409c-91db-08f7f428dcff', '9e4dff02-6c29-426c-a11e-05216890a52f', '9c84c781-c935-4974-9e6c-7504c4d83b80', '46a0e8a7-cae7-4f40-aff1-e65a55d3fd9e', '2026-01-18 15:14:12.244084', '2026-01-25 15:14:12.244084')
2026-02-01 17:14:12,292 INFO sqlalchemy.engine.Engine SELECT count(tasks.id) AS count_1 
FROM tasks 
WHERE tasks.column_id IN (?, ?, ?, ?) AND tasks.completed_at >= ? AND tasks.completed_at < ?
2026-02-01 17:14:12,293 INFO sqlalchemy.engine.Engine [cached since 0.04683s ago] ('61b35809-e629-409c-91db-08f7f428dcff', '9e4dff02-6c29-426c-a11e-05216890a52f', '9c84c781-c935-4974-9e6c-7504c4d83b80', '46a0e8a7-cae7-4f40-aff1-e65a55d3fd9e', '2026-01-25 15:14:12.244084', '2026-02-01 15:14:12.244084')
INFO:     127.0.0.1:57636 - "GET /api/v1/analytics/velocity?team_id=ee2b0ac7-47ec-4b84-913e-cfc892ce0bb6&weeks=8 HTTP/1.1" 200 OK
2026-02-01 17:14:12,299 INFO sqlalchemy.engine.Engine ROLLBACK
2026-02-01 17:14:12,310 INFO sqlalchemy.engine.Engine BEGIN (implicit)
2026-02-01 17:14:12,311 INFO sqlalchemy.engine.Engine SELECT users.id, users.email, users.password_hash, users.full_name, users.role, users.avatar_url, users.team_id, users.is_active, users.created_at, users.updated_at 
FROM users 
WHERE users.id = ?
2026-02-01 17:14:12,311 INFO sqlalchemy.engine.Engine [cached since 6173s ago] ('755784f9-c9f6-43e9-99ab-cf27b029380c',)
2026-02-01 17:14:12,313 INFO sqlalchemy.engine.Engine SELECT users.id, users.email, users.password_hash, users.full_name, users.role, users.avatar_url, users.team_id, users.is_active, users.created_at, users.updated_at 
FROM users 
WHERE users.team_id = ? AND users.is_active = 1
2026-02-01 17:14:12,313 INFO sqlalchemy.engine.Engine [cached since 3931s ago] ('ee2b0ac7-47ec-4b84-913e-cfc892ce0bb6',)
2026-02-01 17:14:12,315 INFO sqlalchemy.engine.Engine SELECT boards.id 
FROM boards 
WHERE boards.team_id = ?
2026-02-01 17:14:12,315 INFO sqlalchemy.engine.Engine [cached since 3931s ago] ('ee2b0ac7-47ec-4b84-913e-cfc892ce0bb6',)
2026-02-01 17:14:12,317 INFO sqlalchemy.engine.Engine SELECT columns.id 
FROM columns 
WHERE columns.board_id IN (?)
2026-02-01 17:14:12,317 INFO sqlalchemy.engine.Engine [cached since 3931s ago] ('d284c47c-7887-4664-b5c1-ce86835acddb',)
2026-02-01 17:14:12,319 INFO sqlalchemy.engine.Engine SELECT avg(julianday(tasks.completed_at) - julianday(tasks.created_at)) AS avg_1, count(tasks.id) AS count_1 
FROM tasks 
WHERE tasks.column_id IN (?, ?, ?, ?) AND tasks.assignee_id = ? AND tasks.completed_at IS NOT NULL
2026-02-01 17:14:12,319 INFO sqlalchemy.engine.Engine [cached since 3931s ago] ('61b35809-e629-409c-91db-08f7f428dcff', '9e4dff02-6c29-426c-a11e-05216890a52f', '9c84c781-c935-4974-9e6c-7504c4d83b80', '46a0e8a7-cae7-4f40-aff1-e65a55d3fd9e', '755784f9-c9f6-43e9-99ab-cf27b029380c')
INFO:     127.0.0.1:57636 - "GET /api/v1/analytics/cycle-time?team_id=ee2b0ac7-47ec-4b84-913e-cfc892ce0bb6 HTTP/1.1" 200 OK
2026-02-01 17:14:12,321 INFO sqlalchemy.engine.Engine ROLLBACK
2026-02-01 17:14:24,774 INFO sqlalchemy.engine.Engine BEGIN (implicit)
2026-02-01 17:14:24,774 INFO sqlalchemy.engine.Engine SELECT users.id, users.email, users.password_hash, users.full_name, users.role, users.avatar_url, users.team_id, users.is_active, users.created_at, users.updated_at 
FROM users 
WHERE users.id = ?
2026-02-01 17:14:24,774 INFO sqlalchemy.engine.Engine [cached since 6186s ago] ('755784f9-c9f6-43e9-99ab-cf27b029380c',)
2026-02-01 17:14:24,776 INFO sqlalchemy.engine.Engine SELECT columns.id, columns.name, columns.board_id, columns.position, columns.wip_limit, columns.color, columns.created_at, columns.updated_at 
FROM columns 
WHERE columns.board_id = ? ORDER BY columns.position
2026-02-01 17:14:24,776 INFO sqlalchemy.engine.Engine [cached since 3955s ago] ('26b51e5e-a756-4cdb-aee5-a2820594963f',)
2026-02-01 17:14:24,778 INFO sqlalchemy.engine.Engine SELECT count(tasks.id) AS count_1 
FROM tasks 
WHERE tasks.column_id = ? AND tasks.is_deleted = 0
2026-02-01 17:14:24,778 INFO sqlalchemy.engine.Engine [cached since 3955s ago] ('6948804b-ebd1-416e-9b1b-2e7d979df36a',)
2026-02-01 17:14:24,780 INFO sqlalchemy.engine.Engine SELECT count(tasks.id) AS count_1 
FROM tasks 
WHERE tasks.column_id = ? AND tasks.is_deleted = 0
2026-02-01 17:14:24,780 INFO sqlalchemy.engine.Engine [cached since 3955s ago] ('c8ba51a3-6558-4657-978c-f5ccd9d0ae03',)
2026-02-01 17:14:24,781 INFO sqlalchemy.engine.Engine SELECT count(tasks.id) AS count_1 
FROM tasks 
WHERE tasks.column_id = ? AND tasks.is_deleted = 0
2026-02-01 17:14:24,781 INFO sqlalchemy.engine.Engine [cached since 3955s ago] ('992bdba1-9586-4476-ba97-c4b36c9f42c3',)
2026-02-01 17:14:24,783 INFO sqlalchemy.engine.Engine SELECT count(tasks.id) AS count_1 
FROM tasks 
WHERE tasks.column_id = ? AND tasks.is_deleted = 0
2026-02-01 17:14:24,783 INFO sqlalchemy.engine.Engine [cached since 3955s ago] ('beb404f1-4f3b-4568-a45b-219bc0d55d2a',)
INFO:     127.0.0.1:57637 - "GET /api/v1/boards/26b51e5e-a756-4cdb-aee5-a2820594963f/columns HTTP/1.1" 200 OK
2026-02-01 17:14:24,785 INFO sqlalchemy.engine.Engine ROLLBACK
2026-02-01 17:14:24,799 INFO sqlalchemy.engine.Engine BEGIN (implicit)
2026-02-01 17:14:24,799 INFO sqlalchemy.engine.Engine SELECT users.id, users.email, users.password_hash, users.full_name, users.role, users.avatar_url, users.team_id, users.is_active, users.created_at, users.updated_at 
FROM users 
WHERE users.id = ?
2026-02-01 17:14:24,799 INFO sqlalchemy.engine.Engine [cached since 6186s ago] ('755784f9-c9f6-43e9-99ab-cf27b029380c',)
2026-02-01 17:14:24,802 INFO sqlalchemy.engine.Engine SELECT tasks.id, tasks.title, tasks.description, tasks.column_id, tasks.position, tasks.priority, tasks.assignee_id, tasks.creator_id, tasks.deadline, tasks.estimated_hours, tasks.actual_hours, tasks.tags, tasks.is_deleted, tasks.completed_at, tasks.created_at, tasks.updated_at, tasks.version 
FROM tasks 
WHERE tasks.column_id = ? AND tasks.is_deleted = 0 ORDER BY tasks.position
2026-02-01 17:14:24,802 INFO sqlalchemy.engine.Engine [cached since 3955s ago] ('6948804b-ebd1-416e-9b1b-2e7d979df36a',)
INFO:     127.0.0.1:57637 - "GET /api/v1/tasks?column_id=6948804b-ebd1-416e-9b1b-2e7d979df36a HTTP/1.1" 200 OK
2026-02-01 17:14:24,804 INFO sqlalchemy.engine.Engine ROLLBACK
2026-02-01 17:14:24,815 INFO sqlalchemy.engine.Engine BEGIN (implicit)
2026-02-01 17:14:24,815 INFO sqlalchemy.engine.Engine SELECT users.id, users.email, users.password_hash, users.full_name, users.role, users.avatar_url, users.team_id, users.is_active, users.created_at, users.updated_at 
FROM users 
WHERE users.id = ?
2026-02-01 17:14:24,815 INFO sqlalchemy.engine.Engine [cached since 6186s ago] ('755784f9-c9f6-43e9-99ab-cf27b029380c',)
2026-02-01 17:14:24,818 INFO sqlalchemy.engine.Engine SELECT tasks.id, tasks.title, tasks.description, tasks.column_id, tasks.position, tasks.priority, tasks.assignee_id, tasks.creator_id, tasks.deadline, tasks.estimated_hours, tasks.actual_hours, tasks.tags, tasks.is_deleted, tasks.completed_at, tasks.created_at, tasks.updated_at, tasks.version 
FROM tasks 
WHERE tasks.column_id = ? AND tasks.is_deleted = 0 ORDER BY tasks.position
2026-02-01 17:14:24,818 INFO sqlalchemy.engine.Engine [cached since 3955s ago] ('c8ba51a3-6558-4657-978c-f5ccd9d0ae03',)
INFO:     127.0.0.1:57637 - "GET /api/v1/tasks?column_id=c8ba51a3-6558-4657-978c-f5ccd9d0ae03 HTTP/1.1" 200 OK
2026-02-01 17:14:24,821 INFO sqlalchemy.engine.Engine ROLLBACK
2026-02-01 17:14:24,832 INFO sqlalchemy.engine.Engine BEGIN (implicit)
2026-02-01 17:14:24,833 INFO sqlalchemy.engine.Engine SELECT users.id, users.email, users.password_hash, users.full_name, users.role, users.avatar_url, users.team_id, users.is_active, users.created_at, users.updated_at 
FROM users 
WHERE users.id = ?
2026-02-01 17:14:24,833 INFO sqlalchemy.engine.Engine [cached since 6186s ago] ('755784f9-c9f6-43e9-99ab-cf27b029380c',)
2026-02-01 17:14:24,835 INFO sqlalchemy.engine.Engine SELECT tasks.id, tasks.title, tasks.description, tasks.column_id, tasks.position, tasks.priority, tasks.assignee_id, tasks.creator_id, tasks.deadline, tasks.estimated_hours, tasks.actual_hours, tasks.tags, tasks.is_deleted, tasks.completed_at, tasks.created_at, tasks.updated_at, tasks.version 
FROM tasks 
WHERE tasks.column_id = ? AND tasks.is_deleted = 0 ORDER BY tasks.position
2026-02-01 17:14:24,835 INFO sqlalchemy.engine.Engine [cached since 3955s ago] ('992bdba1-9586-4476-ba97-c4b36c9f42c3',)
INFO:     127.0.0.1:57637 - "GET /api/v1/tasks?column_id=992bdba1-9586-4476-ba97-c4b36c9f42c3 HTTP/1.1" 200 OK
2026-02-01 17:14:24,838 INFO sqlalchemy.engine.Engine ROLLBACK
2026-02-01 17:14:24,894 INFO sqlalchemy.engine.Engine BEGIN (implicit)
2026-02-01 17:14:24,894 INFO sqlalchemy.engine.Engine SELECT users.id, users.email, users.password_hash, users.full_name, users.role, users.avatar_url, users.team_id, users.is_active, users.created_at, users.updated_at 
FROM users 
WHERE users.id = ?
2026-02-01 17:14:24,895 INFO sqlalchemy.engine.Engine [cached since 6186s ago] ('755784f9-c9f6-43e9-99ab-cf27b029380c',)
2026-02-01 17:14:24,901 INFO sqlalchemy.engine.Engine SELECT tasks.id, tasks.title, tasks.description, tasks.column_id, tasks.position, tasks.priority, tasks.assignee_id, tasks.creator_id, tasks.deadline, tasks.estimated_hours, tasks.actual_hours, tasks.tags, tasks.is_deleted, tasks.completed_at, tasks.created_at, tasks.updated_at, tasks.version 
FROM tasks 
WHERE tasks.column_id = ? AND tasks.is_deleted = 0 ORDER BY tasks.position
2026-02-01 17:14:24,901 INFO sqlalchemy.engine.Engine [cached since 3955s ago] ('beb404f1-4f3b-4568-a45b-219bc0d55d2a',)
INFO:     127.0.0.1:57637 - "GET /api/v1/tasks?column_id=beb404f1-4f3b-4568-a45b-219bc0d55d2a HTTP/1.1" 200 OK
2026-02-01 17:14:24,904 INFO sqlalchemy.engine.Engine ROLLBACK
2026-02-01 17:14:24,942 INFO sqlalchemy.engine.Engine BEGIN (implicit)
2026-02-01 17:14:24,943 INFO sqlalchemy.engine.Engine SELECT users.id, users.email, users.password_hash, users.full_name, users.role, users.avatar_url, users.team_id, users.is_active, users.created_at, users.updated_at 
FROM users 
WHERE users.id = ?
2026-02-01 17:14:24,943 INFO sqlalchemy.engine.Engine [cached since 6186s ago] ('755784f9-c9f6-43e9-99ab-cf27b029380c',)
2026-02-01 17:14:24,945 INFO sqlalchemy.engine.Engine SELECT boards.id, boards.name, boards.description, boards.team_id, boards.is_default, boards.created_at, boards.updated_at 
FROM boards 
WHERE boards.team_id = ?
2026-02-01 17:14:24,946 INFO sqlalchemy.engine.Engine [cached since 3955s ago] ('ee2b0ac7-47ec-4b84-913e-cfc892ce0bb6',)
INFO:     127.0.0.1:57637 - "GET /api/v1/boards?team_id=ee2b0ac7-47ec-4b84-913e-cfc892ce0bb6 HTTP/1.1" 200 OK
2026-02-01 17:14:24,948 INFO sqlalchemy.engine.Engine ROLLBACK
2026-02-01 17:14:24,977 INFO sqlalchemy.engine.Engine BEGIN (implicit)
2026-02-01 17:14:24,977 INFO sqlalchemy.engine.Engine SELECT users.id, users.email, users.password_hash, users.full_name, users.role, users.avatar_url, users.team_id, users.is_active, users.created_at, users.updated_at 
FROM users 
WHERE users.id = ?
2026-02-01 17:14:24,977 INFO sqlalchemy.engine.Engine [cached since 6186s ago] ('755784f9-c9f6-43e9-99ab-cf27b029380c',)
2026-02-01 17:14:24,979 INFO sqlalchemy.engine.Engine SELECT columns.id, columns.name, columns.board_id, columns.position, columns.wip_limit, columns.color, columns.created_at, columns.updated_at 
FROM columns 
WHERE columns.board_id = ? ORDER BY columns.position
2026-02-01 17:14:24,979 INFO sqlalchemy.engine.Engine [cached since 3955s ago] ('d284c47c-7887-4664-b5c1-ce86835acddb',)
2026-02-01 17:14:24,981 INFO sqlalchemy.engine.Engine SELECT count(tasks.id) AS count_1 
FROM tasks 
WHERE tasks.column_id = ? AND tasks.is_deleted = 0
2026-02-01 17:14:24,981 INFO sqlalchemy.engine.Engine [cached since 3955s ago] ('61b35809-e629-409c-91db-08f7f428dcff',)
2026-02-01 17:14:24,982 INFO sqlalchemy.engine.Engine SELECT count(tasks.id) AS count_1 
FROM tasks 
WHERE tasks.column_id = ? AND tasks.is_deleted = 0
2026-02-01 17:14:24,982 INFO sqlalchemy.engine.Engine [cached since 3955s ago] ('9e4dff02-6c29-426c-a11e-05216890a52f',)
2026-02-01 17:14:24,983 INFO sqlalchemy.engine.Engine SELECT count(tasks.id) AS count_1 
FROM tasks 
WHERE tasks.column_id = ? AND tasks.is_deleted = 0
2026-02-01 17:14:24,984 INFO sqlalchemy.engine.Engine [cached since 3955s ago] ('9c84c781-c935-4974-9e6c-7504c4d83b80',)
2026-02-01 17:14:24,985 INFO sqlalchemy.engine.Engine SELECT count(tasks.id) AS count_1 
FROM tasks 
WHERE tasks.column_id = ? AND tasks.is_deleted = 0
2026-02-01 17:14:24,985 INFO sqlalchemy.engine.Engine [cached since 3955s ago] ('46a0e8a7-cae7-4f40-aff1-e65a55d3fd9e',)
INFO:     127.0.0.1:57637 - "GET /api/v1/boards/d284c47c-7887-4664-b5c1-ce86835acddb/columns HTTP/1.1" 200 OK
2026-02-01 17:14:24,986 INFO sqlalchemy.engine.Engine ROLLBACK
2026-02-01 17:14:25,040 INFO sqlalchemy.engine.Engine BEGIN (implicit)
2026-02-01 17:14:25,040 INFO sqlalchemy.engine.Engine SELECT users.id, users.email, users.password_hash, users.full_name, users.role, users.avatar_url, users.team_id, users.is_active, users.created_at, users.updated_at 
FROM users 
WHERE users.id = ?
2026-02-01 17:14:25,040 INFO sqlalchemy.engine.Engine [cached since 6186s ago] ('755784f9-c9f6-43e9-99ab-cf27b029380c',)
2026-02-01 17:14:25,042 INFO sqlalchemy.engine.Engine SELECT tasks.id, tasks.title, tasks.description, tasks.column_id, tasks.position, tasks.priority, tasks.assignee_id, tasks.creator_id, tasks.deadline, tasks.estimated_hours, tasks.actual_hours, tasks.tags, tasks.is_deleted, tasks.completed_at, tasks.created_at, tasks.updated_at, tasks.version 
FROM tasks 
WHERE tasks.column_id = ? AND tasks.is_deleted = 0 ORDER BY tasks.position
2026-02-01 17:14:25,042 INFO sqlalchemy.engine.Engine [cached since 3955s ago] ('61b35809-e629-409c-91db-08f7f428dcff',)
INFO:     127.0.0.1:57637 - "GET /api/v1/tasks?column_id=61b35809-e629-409c-91db-08f7f428dcff HTTP/1.1" 200 OK
2026-02-01 17:14:25,044 INFO sqlalchemy.engine.Engine ROLLBACK
2026-02-01 17:14:25,052 INFO sqlalchemy.engine.Engine BEGIN (implicit)
2026-02-01 17:14:25,052 INFO sqlalchemy.engine.Engine SELECT users.id, users.email, users.password_hash, users.full_name, users.role, users.avatar_url, users.team_id, users.is_active, users.created_at, users.updated_at 
FROM users 
WHERE users.id = ?
2026-02-01 17:14:25,052 INFO sqlalchemy.engine.Engine [cached since 6186s ago] ('755784f9-c9f6-43e9-99ab-cf27b029380c',)
2026-02-01 17:14:25,055 INFO sqlalchemy.engine.Engine SELECT tasks.id, tasks.title, tasks.description, tasks.column_id, tasks.position, tasks.priority, tasks.assignee_id, tasks.creator_id, tasks.deadline, tasks.estimated_hours, tasks.actual_hours, tasks.tags, tasks.is_deleted, tasks.completed_at, tasks.created_at, tasks.updated_at, tasks.version 
FROM tasks 
WHERE tasks.column_id = ? AND tasks.is_deleted = 0 ORDER BY tasks.position
2026-02-01 17:14:25,055 INFO sqlalchemy.engine.Engine [cached since 3955s ago] ('9e4dff02-6c29-426c-a11e-05216890a52f',)
INFO:     127.0.0.1:57637 - "GET /api/v1/tasks?column_id=9e4dff02-6c29-426c-a11e-05216890a52f HTTP/1.1" 200 OK
2026-02-01 17:14:25,057 INFO sqlalchemy.engine.Engine ROLLBACK
2026-02-01 17:14:25,065 INFO sqlalchemy.engine.Engine BEGIN (implicit)
2026-02-01 17:14:25,065 INFO sqlalchemy.engine.Engine SELECT users.id, users.email, users.password_hash, users.full_name, users.role, users.avatar_url, users.team_id, users.is_active, users.created_at, users.updated_at 
FROM users 
WHERE users.id = ?
2026-02-01 17:14:25,065 INFO sqlalchemy.engine.Engine [cached since 6186s ago] ('755784f9-c9f6-43e9-99ab-cf27b029380c',)
2026-02-01 17:14:25,068 INFO sqlalchemy.engine.Engine SELECT tasks.id, tasks.title, tasks.description, tasks.column_id, tasks.position, tasks.priority, tasks.assignee_id, tasks.creator_id, tasks.deadline, tasks.estimated_hours, tasks.actual_hours, tasks.tags, tasks.is_deleted, tasks.completed_at, tasks.created_at, tasks.updated_at, tasks.version 
FROM tasks 
WHERE tasks.column_id = ? AND tasks.is_deleted = 0 ORDER BY tasks.position
2026-02-01 17:14:25,068 INFO sqlalchemy.engine.Engine [cached since 3955s ago] ('9c84c781-c935-4974-9e6c-7504c4d83b80',)
INFO:     127.0.0.1:57637 - "GET /api/v1/tasks?column_id=9c84c781-c935-4974-9e6c-7504c4d83b80 HTTP/1.1" 200 OK
2026-02-01 17:14:25,070 INFO sqlalchemy.engine.Engine ROLLBACK
2026-02-01 17:14:25,124 INFO sqlalchemy.engine.Engine BEGIN (implicit)
2026-02-01 17:14:25,124 INFO sqlalchemy.engine.Engine SELECT users.id, users.email, users.password_hash, users.full_name, users.role, users.avatar_url, users.team_id, users.is_active, users.created_at, users.updated_at 
FROM users 
WHERE users.id = ?
2026-02-01 17:14:25,124 INFO sqlalchemy.engine.Engine [cached since 6186s ago] ('755784f9-c9f6-43e9-99ab-cf27b029380c',)
2026-02-01 17:14:25,126 INFO sqlalchemy.engine.Engine SELECT tasks.id, tasks.title, tasks.description, tasks.column_id, tasks.position, tasks.priority, tasks.assignee_id, tasks.creator_id, tasks.deadline, tasks.estimated_hours, tasks.actual_hours, tasks.tags, tasks.is_deleted, tasks.completed_at, tasks.created_at, tasks.updated_at, tasks.version 
FROM tasks 
WHERE tasks.column_id = ? AND tasks.is_deleted = 0 ORDER BY tasks.position
2026-02-01 17:14:25,127 INFO sqlalchemy.engine.Engine [cached since 3955s ago] ('46a0e8a7-cae7-4f40-aff1-e65a55d3fd9e',)
INFO:     127.0.0.1:57637 - "GET /api/v1/tasks?column_id=46a0e8a7-cae7-4f40-aff1-e65a55d3fd9e HTTP/1.1" 200 OK
2026-02-01 17:14:25,129 INFO sqlalchemy.engine.Engine ROLLBACK
2026-02-01 17:14:41,981 INFO sqlalchemy.engine.Engine BEGIN (implicit)
2026-02-01 17:14:41,981 INFO sqlalchemy.engine.Engine SELECT users.id, users.email, users.password_hash, users.full_name, users.role, users.avatar_url, users.team_id, users.is_active, users.created_at, users.updated_at 
FROM users 
WHERE users.id = ?
2026-02-01 17:14:41,981 INFO sqlalchemy.engine.Engine [cached since 6203s ago] ('755784f9-c9f6-43e9-99ab-cf27b029380c',)
2026-02-01 17:14:41,983 INFO sqlalchemy.engine.Engine SELECT columns.id, columns.name, columns.board_id, columns.position, columns.wip_limit, columns.color, columns.created_at, columns.updated_at 
FROM columns 
WHERE columns.board_id = ? ORDER BY columns.position
2026-02-01 17:14:41,983 INFO sqlalchemy.engine.Engine [cached since 3972s ago] ('d284c47c-7887-4664-b5c1-ce86835acddb',)
2026-02-01 17:14:41,986 INFO sqlalchemy.engine.Engine SELECT count(tasks.id) AS count_1 
FROM tasks 
WHERE tasks.column_id = ? AND tasks.is_deleted = 0
2026-02-01 17:14:41,986 INFO sqlalchemy.engine.Engine [cached since 3972s ago] ('61b35809-e629-409c-91db-08f7f428dcff',)
2026-02-01 17:14:41,987 INFO sqlalchemy.engine.Engine SELECT count(tasks.id) AS count_1 
FROM tasks 
WHERE tasks.column_id = ? AND tasks.is_deleted = 0
2026-02-01 17:14:41,987 INFO sqlalchemy.engine.Engine [cached since 3972s ago] ('9e4dff02-6c29-426c-a11e-05216890a52f',)
2026-02-01 17:14:41,989 INFO sqlalchemy.engine.Engine SELECT count(tasks.id) AS count_1 
FROM tasks 
WHERE tasks.column_id = ? AND tasks.is_deleted = 0
2026-02-01 17:14:41,989 INFO sqlalchemy.engine.Engine [cached since 3972s ago] ('9c84c781-c935-4974-9e6c-7504c4d83b80',)
2026-02-01 17:14:41,990 INFO sqlalchemy.engine.Engine SELECT count(tasks.id) AS count_1 
FROM tasks 
WHERE tasks.column_id = ? AND tasks.is_deleted = 0
2026-02-01 17:14:41,990 INFO sqlalchemy.engine.Engine [cached since 3972s ago] ('46a0e8a7-cae7-4f40-aff1-e65a55d3fd9e',)
INFO:     127.0.0.1:57638 - "GET /api/v1/boards/d284c47c-7887-4664-b5c1-ce86835acddb/columns HTTP/1.1" 200 OK
2026-02-01 17:14:41,992 INFO sqlalchemy.engine.Engine ROLLBACK
2026-02-01 17:14:42,003 INFO sqlalchemy.engine.Engine BEGIN (implicit)
2026-02-01 17:14:42,003 INFO sqlalchemy.engine.Engine SELECT users.id, users.email, users.password_hash, users.full_name, users.role, users.avatar_url, users.team_id, users.is_active, users.created_at, users.updated_at 
FROM users 
WHERE users.id = ?
2026-02-01 17:14:42,003 INFO sqlalchemy.engine.Engine [cached since 6203s ago] ('755784f9-c9f6-43e9-99ab-cf27b029380c',)
2026-02-01 17:14:42,006 INFO sqlalchemy.engine.Engine SELECT tasks.id, tasks.title, tasks.description, tasks.column_id, tasks.position, tasks.priority, tasks.assignee_id, tasks.creator_id, tasks.deadline, tasks.estimated_hours, tasks.actual_hours, tasks.tags, tasks.is_deleted, tasks.completed_at, tasks.created_at, tasks.updated_at, tasks.version 
FROM tasks 
WHERE tasks.column_id = ? AND tasks.is_deleted = 0 ORDER BY tasks.position
2026-02-01 17:14:42,006 INFO sqlalchemy.engine.Engine [cached since 3972s ago] ('61b35809-e629-409c-91db-08f7f428dcff',)
INFO:     127.0.0.1:57638 - "GET /api/v1/tasks?column_id=61b35809-e629-409c-91db-08f7f428dcff HTTP/1.1" 200 OK
2026-02-01 17:14:42,008 INFO sqlalchemy.engine.Engine ROLLBACK
2026-02-01 17:14:42,018 INFO sqlalchemy.engine.Engine BEGIN (implicit)
2026-02-01 17:14:42,018 INFO sqlalchemy.engine.Engine SELECT users.id, users.email, users.password_hash, users.full_name, users.role, users.avatar_url, users.team_id, users.is_active, users.created_at, users.updated_at 
FROM users 
WHERE users.id = ?
2026-02-01 17:14:42,018 INFO sqlalchemy.engine.Engine [cached since 6203s ago] ('755784f9-c9f6-43e9-99ab-cf27b029380c',)
2026-02-01 17:14:42,021 INFO sqlalchemy.engine.Engine SELECT tasks.id, tasks.title, tasks.description, tasks.column_id, tasks.position, tasks.priority, tasks.assignee_id, tasks.creator_id, tasks.deadline, tasks.estimated_hours, tasks.actual_hours, tasks.tags, tasks.is_deleted, tasks.completed_at, tasks.created_at, tasks.updated_at, tasks.version 
FROM tasks 
WHERE tasks.column_id = ? AND tasks.is_deleted = 0 ORDER BY tasks.position
2026-02-01 17:14:42,021 INFO sqlalchemy.engine.Engine [cached since 3972s ago] ('9e4dff02-6c29-426c-a11e-05216890a52f',)
INFO:     127.0.0.1:57638 - "GET /api/v1/tasks?column_id=9e4dff02-6c29-426c-a11e-05216890a52f HTTP/1.1" 200 OK
2026-02-01 17:14:42,023 INFO sqlalchemy.engine.Engine ROLLBACK
2026-02-01 17:14:42,031 INFO sqlalchemy.engine.Engine BEGIN (implicit)
2026-02-01 17:14:42,031 INFO sqlalchemy.engine.Engine SELECT users.id, users.email, users.password_hash, users.full_name, users.role, users.avatar_url, users.team_id, users.is_active, users.created_at, users.updated_at 
FROM users 
WHERE users.id = ?
2026-02-01 17:14:42,031 INFO sqlalchemy.engine.Engine [cached since 6203s ago] ('755784f9-c9f6-43e9-99ab-cf27b029380c',)
2026-02-01 17:14:42,033 INFO sqlalchemy.engine.Engine SELECT tasks.id, tasks.title, tasks.description, tasks.column_id, tasks.position, tasks.priority, tasks.assignee_id, tasks.creator_id, tasks.deadline, tasks.estimated_hours, tasks.actual_hours, tasks.tags, tasks.is_deleted, tasks.completed_at, tasks.created_at, tasks.updated_at, tasks.version 
FROM tasks 
WHERE tasks.column_id = ? AND tasks.is_deleted = 0 ORDER BY tasks.position
2026-02-01 17:14:42,034 INFO sqlalchemy.engine.Engine [cached since 3972s ago] ('9c84c781-c935-4974-9e6c-7504c4d83b80',)
INFO:     127.0.0.1:57638 - "GET /api/v1/tasks?column_id=9c84c781-c935-4974-9e6c-7504c4d83b80 HTTP/1.1" 200 OK
2026-02-01 17:14:42,036 INFO sqlalchemy.engine.Engine ROLLBACK
2026-02-01 17:14:42,087 INFO sqlalchemy.engine.Engine BEGIN (implicit)
2026-02-01 17:14:42,087 INFO sqlalchemy.engine.Engine SELECT users.id, users.email, users.password_hash, users.full_name, users.role, users.avatar_url, users.team_id, users.is_active, users.created_at, users.updated_at 
FROM users 
WHERE users.id = ?
2026-02-01 17:14:42,087 INFO sqlalchemy.engine.Engine [cached since 6203s ago] ('755784f9-c9f6-43e9-99ab-cf27b029380c',)
2026-02-01 17:14:42,090 INFO sqlalchemy.engine.Engine SELECT tasks.id, tasks.title, tasks.description, tasks.column_id, tasks.position, tasks.priority, tasks.assignee_id, tasks.creator_id, tasks.deadline, tasks.estimated_hours, tasks.actual_hours, tasks.tags, tasks.is_deleted, tasks.completed_at, tasks.created_at, tasks.updated_at, tasks.version 
FROM tasks 
WHERE tasks.column_id = ? AND tasks.is_deleted = 0 ORDER BY tasks.position
2026-02-01 17:14:42,090 INFO sqlalchemy.engine.Engine [cached since 3972s ago] ('46a0e8a7-cae7-4f40-aff1-e65a55d3fd9e',)
INFO:     127.0.0.1:57638 - "GET /api/v1/tasks?column_id=46a0e8a7-cae7-4f40-aff1-e65a55d3fd9e HTTP/1.1" 200 OK
2026-02-01 17:14:42,092 INFO sqlalchemy.engine.Engine ROLLBACK
2026-02-01 17:14:42,113 INFO sqlalchemy.engine.Engine BEGIN (implicit)
2026-02-01 17:14:42,113 INFO sqlalchemy.engine.Engine SELECT users.id, users.email, users.password_hash, users.full_name, users.role, users.avatar_url, users.team_id, users.is_active, users.created_at, users.updated_at 
FROM users 
WHERE users.id = ?
2026-02-01 17:14:42,113 INFO sqlalchemy.engine.Engine [cached since 6203s ago] ('755784f9-c9f6-43e9-99ab-cf27b029380c',)
2026-02-01 17:14:42,116 INFO sqlalchemy.engine.Engine SELECT boards.id, boards.name, boards.description, boards.team_id, boards.is_default, boards.created_at, boards.updated_at 
FROM boards 
WHERE boards.team_id = ?
2026-02-01 17:14:42,116 INFO sqlalchemy.engine.Engine [cached since 3972s ago] ('ee2b0ac7-47ec-4b84-913e-cfc892ce0bb6',)
INFO:     127.0.0.1:57638 - "GET /api/v1/boards?team_id=ee2b0ac7-47ec-4b84-913e-cfc892ce0bb6 HTTP/1.1" 200 OK
2026-02-01 17:14:42,118 INFO sqlalchemy.engine.Engine ROLLBACK
2026-02-01 17:14:42,142 INFO sqlalchemy.engine.Engine BEGIN (implicit)
2026-02-01 17:14:42,142 INFO sqlalchemy.engine.Engine SELECT users.id, users.email, users.password_hash, users.full_name, users.role, users.avatar_url, users.team_id, users.is_active, users.created_at, users.updated_at 
FROM users 
WHERE users.id = ?
2026-02-01 17:14:42,142 INFO sqlalchemy.engine.Engine [cached since 6203s ago] ('755784f9-c9f6-43e9-99ab-cf27b029380c',)
2026-02-01 17:14:42,144 INFO sqlalchemy.engine.Engine SELECT columns.id, columns.name, columns.board_id, columns.position, columns.wip_limit, columns.color, columns.created_at, columns.updated_at 
FROM columns 
WHERE columns.board_id = ? ORDER BY columns.position
2026-02-01 17:14:42,144 INFO sqlalchemy.engine.Engine [cached since 3972s ago] ('d284c47c-7887-4664-b5c1-ce86835acddb',)
2026-02-01 17:14:42,146 INFO sqlalchemy.engine.Engine SELECT count(tasks.id) AS count_1 
FROM tasks 
WHERE tasks.column_id = ? AND tasks.is_deleted = 0
2026-02-01 17:14:42,146 INFO sqlalchemy.engine.Engine [cached since 3972s ago] ('61b35809-e629-409c-91db-08f7f428dcff',)
2026-02-01 17:14:42,147 INFO sqlalchemy.engine.Engine SELECT count(tasks.id) AS count_1 
FROM tasks 
WHERE tasks.column_id = ? AND tasks.is_deleted = 0
2026-02-01 17:14:42,148 INFO sqlalchemy.engine.Engine [cached since 3972s ago] ('9e4dff02-6c29-426c-a11e-05216890a52f',)
2026-02-01 17:14:42,149 INFO sqlalchemy.engine.Engine SELECT count(tasks.id) AS count_1 
FROM tasks 
WHERE tasks.column_id = ? AND tasks.is_deleted = 0
2026-02-01 17:14:42,150 INFO sqlalchemy.engine.Engine [cached since 3972s ago] ('9c84c781-c935-4974-9e6c-7504c4d83b80',)
2026-02-01 17:14:42,151 INFO sqlalchemy.engine.Engine SELECT count(tasks.id) AS count_1 
FROM tasks 
WHERE tasks.column_id = ? AND tasks.is_deleted = 0
2026-02-01 17:14:42,151 INFO sqlalchemy.engine.Engine [cached since 3972s ago] ('46a0e8a7-cae7-4f40-aff1-e65a55d3fd9e',)
INFO:     127.0.0.1:57638 - "GET /api/v1/boards/d284c47c-7887-4664-b5c1-ce86835acddb/columns HTTP/1.1" 200 OK
2026-02-01 17:14:42,153 INFO sqlalchemy.engine.Engine ROLLBACK
2026-02-01 17:14:42,206 INFO sqlalchemy.engine.Engine BEGIN (implicit)
2026-02-01 17:14:42,207 INFO sqlalchemy.engine.Engine SELECT users.id, users.email, users.password_hash, users.full_name, users.role, users.avatar_url, users.team_id, users.is_active, users.created_at, users.updated_at 
FROM users 
WHERE users.id = ?
2026-02-01 17:14:42,207 INFO sqlalchemy.engine.Engine [cached since 6203s ago] ('755784f9-c9f6-43e9-99ab-cf27b029380c',)
2026-02-01 17:14:42,210 INFO sqlalchemy.engine.Engine SELECT tasks.id, tasks.title, tasks.description, tasks.column_id, tasks.position, tasks.priority, tasks.assignee_id, tasks.creator_id, tasks.deadline, tasks.estimated_hours, tasks.actual_hours, tasks.tags, tasks.is_deleted, tasks.completed_at, tasks.created_at, tasks.updated_at, tasks.version 
FROM tasks 
WHERE tasks.column_id = ? AND tasks.is_deleted = 0 ORDER BY tasks.position
2026-02-01 17:14:42,210 INFO sqlalchemy.engine.Engine [cached since 3972s ago] ('61b35809-e629-409c-91db-08f7f428dcff',)
INFO:     127.0.0.1:57638 - "GET /api/v1/tasks?column_id=61b35809-e629-409c-91db-08f7f428dcff HTTP/1.1" 200 OK
2026-02-01 17:14:42,212 INFO sqlalchemy.engine.Engine ROLLBACK
2026-02-01 17:14:42,219 INFO sqlalchemy.engine.Engine BEGIN (implicit)
2026-02-01 17:14:42,219 INFO sqlalchemy.engine.Engine SELECT users.id, users.email, users.password_hash, users.full_name, users.role, users.avatar_url, users.team_id, users.is_active, users.created_at, users.updated_at 
FROM users 
WHERE users.id = ?
2026-02-01 17:14:42,219 INFO sqlalchemy.engine.Engine [cached since 6203s ago] ('755784f9-c9f6-43e9-99ab-cf27b029380c',)
2026-02-01 17:14:42,222 INFO sqlalchemy.engine.Engine SELECT tasks.id, tasks.title, tasks.description, tasks.column_id, tasks.position, tasks.priority, tasks.assignee_id, tasks.creator_id, tasks.deadline, tasks.estimated_hours, tasks.actual_hours, tasks.tags, tasks.is_deleted, tasks.completed_at, tasks.created_at, tasks.updated_at, tasks.version 
FROM tasks 
WHERE tasks.column_id = ? AND tasks.is_deleted = 0 ORDER BY tasks.position
2026-02-01 17:14:42,222 INFO sqlalchemy.engine.Engine [cached since 3972s ago] ('9e4dff02-6c29-426c-a11e-05216890a52f',)
INFO:     127.0.0.1:57638 - "GET /api/v1/tasks?column_id=9e4dff02-6c29-426c-a11e-05216890a52f HTTP/1.1" 200 OK
2026-02-01 17:14:42,224 INFO sqlalchemy.engine.Engine ROLLBACK
2026-02-01 17:14:42,239 INFO sqlalchemy.engine.Engine BEGIN (implicit)
2026-02-01 17:14:42,239 INFO sqlalchemy.engine.Engine SELECT users.id, users.email, users.password_hash, users.full_name, users.role, users.avatar_url, users.team_id, users.is_active, users.created_at, users.updated_at 
FROM users 
WHERE users.id = ?
2026-02-01 17:14:42,239 INFO sqlalchemy.engine.Engine [cached since 6203s ago] ('755784f9-c9f6-43e9-99ab-cf27b029380c',)
2026-02-01 17:14:42,241 INFO sqlalchemy.engine.Engine SELECT tasks.id, tasks.title, tasks.description, tasks.column_id, tasks.position, tasks.priority, tasks.assignee_id, tasks.creator_id, tasks.deadline, tasks.estimated_hours, tasks.actual_hours, tasks.tags, tasks.is_deleted, tasks.completed_at, tasks.created_at, tasks.updated_at, tasks.version 
FROM tasks 
WHERE tasks.column_id = ? AND tasks.is_deleted = 0 ORDER BY tasks.position
2026-02-01 17:14:42,242 INFO sqlalchemy.engine.Engine [cached since 3972s ago] ('9c84c781-c935-4974-9e6c-7504c4d83b80',)
INFO:     127.0.0.1:57638 - "GET /api/v1/tasks?column_id=9c84c781-c935-4974-9e6c-7504c4d83b80 HTTP/1.1" 200 OK
2026-02-01 17:14:42,243 INFO sqlalchemy.engine.Engine ROLLBACK
2026-02-01 17:14:42,295 INFO sqlalchemy.engine.Engine BEGIN (implicit)
2026-02-01 17:14:42,295 INFO sqlalchemy.engine.Engine SELECT users.id, users.email, users.password_hash, users.full_name, users.role, users.avatar_url, users.team_id, users.is_active, users.created_at, users.updated_at 
FROM users 
WHERE users.id = ?
2026-02-01 17:14:42,295 INFO sqlalchemy.engine.Engine [cached since 6203s ago] ('755784f9-c9f6-43e9-99ab-cf27b029380c',)
2026-02-01 17:14:42,298 INFO sqlalchemy.engine.Engine SELECT tasks.id, tasks.title, tasks.description, tasks.column_id, tasks.position, tasks.priority, tasks.assignee_id, tasks.creator_id, tasks.deadline, tasks.estimated_hours, tasks.actual_hours, tasks.tags, tasks.is_deleted, tasks.completed_at, tasks.created_at, tasks.updated_at, tasks.version 
FROM tasks 
WHERE tasks.column_id = ? AND tasks.is_deleted = 0 ORDER BY tasks.position
2026-02-01 17:14:42,298 INFO sqlalchemy.engine.Engine [cached since 3972s ago] ('46a0e8a7-cae7-4f40-aff1-e65a55d3fd9e',)
INFO:     127.0.0.1:57638 - "GET /api/v1/tasks?column_id=46a0e8a7-cae7-4f40-aff1-e65a55d3fd9e HTTP/1.1" 200 OK
2026-02-01 17:14:42,300 INFO sqlalchemy.engine.Engine ROLLBACK
2026-02-01 17:14:43,163 INFO sqlalchemy.engine.Engine BEGIN (implicit)
2026-02-01 17:14:43,164 INFO sqlalchemy.engine.Engine SELECT users.id, users.email, users.password_hash, users.full_name, users.role, users.avatar_url, users.team_id, users.is_active, users.created_at, users.updated_at 
FROM users 
WHERE users.id = ?
2026-02-01 17:14:43,164 INFO sqlalchemy.engine.Engine [cached since 6204s ago] ('755784f9-c9f6-43e9-99ab-cf27b029380c',)
2026-02-01 17:14:43,166 INFO sqlalchemy.engine.Engine SELECT boards.id 
FROM boards 
WHERE boards.team_id = ?
2026-02-01 17:14:43,166 INFO sqlalchemy.engine.Engine [cached since 3962s ago] ('ee2b0ac7-47ec-4b84-913e-cfc892ce0bb6',)
2026-02-01 17:14:43,167 INFO sqlalchemy.engine.Engine SELECT columns.id, columns.name, columns.board_id, columns.position, columns.wip_limit, columns.color, columns.created_at, columns.updated_at 
FROM columns 
WHERE columns.board_id IN (?)
2026-02-01 17:14:43,168 INFO sqlalchemy.engine.Engine [cached since 3962s ago] ('d284c47c-7887-4664-b5c1-ce86835acddb',)
2026-02-01 17:14:43,169 INFO sqlalchemy.engine.Engine SELECT count(tasks.id) AS count_1 
FROM tasks 
WHERE tasks.column_id IN (?, ?, ?, ?) AND tasks.is_deleted = 0
2026-02-01 17:14:43,169 INFO sqlalchemy.engine.Engine [cached since 3962s ago] ('61b35809-e629-409c-91db-08f7f428dcff', '9e4dff02-6c29-426c-a11e-05216890a52f', '9c84c781-c935-4974-9e6c-7504c4d83b80', '46a0e8a7-cae7-4f40-aff1-e65a55d3fd9e')
2026-02-01 17:14:43,172 INFO sqlalchemy.engine.Engine SELECT count(tasks.id) AS count_1 
FROM tasks 
WHERE tasks.column_id IN (?) AND tasks.is_deleted = 0
2026-02-01 17:14:43,172 INFO sqlalchemy.engine.Engine [cached since 3962s ago] ('46a0e8a7-cae7-4f40-aff1-e65a55d3fd9e',)
2026-02-01 17:14:43,175 INFO sqlalchemy.engine.Engine SELECT count(tasks.id) AS count_1 
FROM tasks 
WHERE tasks.column_id IN (?) AND tasks.is_deleted = 0
2026-02-01 17:14:43,175 INFO sqlalchemy.engine.Engine [cached since 3962s ago] ('9e4dff02-6c29-426c-a11e-05216890a52f',)
2026-02-01 17:14:43,178 INFO sqlalchemy.engine.Engine SELECT count(tasks.id) AS count_1 
FROM tasks 
WHERE tasks.column_id IN (?, ?, ?, ?) AND tasks.is_deleted = 0 AND tasks.deadline < ? AND tasks.completed_at IS NULL
2026-02-01 17:14:43,178 INFO sqlalchemy.engine.Engine [cached since 3962s ago] ('61b35809-e629-409c-91db-08f7f428dcff', '9e4dff02-6c29-426c-a11e-05216890a52f', '9c84c781-c935-4974-9e6c-7504c4d83b80', '46a0e8a7-cae7-4f40-aff1-e65a55d3fd9e', '2026-02-01 15:14:43.177700')
2026-02-01 17:14:43,181 INFO sqlalchemy.engine.Engine SELECT avg(julianday(tasks.completed_at) - julianday(tasks.created_at)) AS avg_1 
FROM tasks 
WHERE tasks.column_id IN (?, ?, ?, ?) AND tasks.completed_at IS NOT NULL
2026-02-01 17:14:43,181 INFO sqlalchemy.engine.Engine [cached since 3962s ago] ('61b35809-e629-409c-91db-08f7f428dcff', '9e4dff02-6c29-426c-a11e-05216890a52f', '9c84c781-c935-4974-9e6c-7504c4d83b80', '46a0e8a7-cae7-4f40-aff1-e65a55d3fd9e')
INFO:     127.0.0.1:57638 - "GET /api/v1/analytics/dashboard?team_id=ee2b0ac7-47ec-4b84-913e-cfc892ce0bb6 HTTP/1.1" 200 OK
2026-02-01 17:14:43,183 INFO sqlalchemy.engine.Engine ROLLBACK
2026-02-01 17:14:43,195 INFO sqlalchemy.engine.Engine BEGIN (implicit)
2026-02-01 17:14:43,195 INFO sqlalchemy.engine.Engine SELECT users.id, users.email, users.password_hash, users.full_name, users.role, users.avatar_url, users.team_id, users.is_active, users.created_at, users.updated_at 
FROM users 
WHERE users.id = ?
2026-02-01 17:14:43,195 INFO sqlalchemy.engine.Engine [cached since 6204s ago] ('755784f9-c9f6-43e9-99ab-cf27b029380c',)
2026-02-01 17:14:43,199 INFO sqlalchemy.engine.Engine SELECT boards.id 
FROM boards 
WHERE boards.team_id = ?
2026-02-01 17:14:43,200 INFO sqlalchemy.engine.Engine [cached since 3962s ago] ('ee2b0ac7-47ec-4b84-913e-cfc892ce0bb6',)
2026-02-01 17:14:43,202 INFO sqlalchemy.engine.Engine SELECT columns.id 
FROM columns 
WHERE columns.board_id IN (?)
2026-02-01 17:14:43,202 INFO sqlalchemy.engine.Engine [cached since 3962s ago] ('d284c47c-7887-4664-b5c1-ce86835acddb',)
2026-02-01 17:14:43,205 INFO sqlalchemy.engine.Engine SELECT count(tasks.id) AS count_1 
FROM tasks 
WHERE tasks.column_id IN (?, ?, ?, ?) AND tasks.completed_at >= ? AND tasks.completed_at < ?
2026-02-01 17:14:43,206 INFO sqlalchemy.engine.Engine [cached since 30.96s ago] ('61b35809-e629-409c-91db-08f7f428dcff', '9e4dff02-6c29-426c-a11e-05216890a52f', '9c84c781-c935-4974-9e6c-7504c4d83b80', '46a0e8a7-cae7-4f40-aff1-e65a55d3fd9e', '2025-12-07 15:14:43.204932', '2025-12-14 15:14:43.204932')
2026-02-01 17:14:43,210 INFO sqlalchemy.engine.Engine SELECT count(tasks.id) AS count_1 
FROM tasks 
WHERE tasks.column_id IN (?, ?, ?, ?) AND tasks.completed_at >= ? AND tasks.completed_at < ?
2026-02-01 17:14:43,210 INFO sqlalchemy.engine.Engine [cached since 30.96s ago] ('61b35809-e629-409c-91db-08f7f428dcff', '9e4dff02-6c29-426c-a11e-05216890a52f', '9c84c781-c935-4974-9e6c-7504c4d83b80', '46a0e8a7-cae7-4f40-aff1-e65a55d3fd9e', '2025-12-14 15:14:43.204932', '2025-12-21 15:14:43.204932')
2026-02-01 17:14:43,212 INFO sqlalchemy.engine.Engine SELECT count(tasks.id) AS count_1 
FROM tasks 
WHERE tasks.column_id IN (?, ?, ?, ?) AND tasks.completed_at >= ? AND tasks.completed_at < ?
2026-02-01 17:14:43,212 INFO sqlalchemy.engine.Engine [cached since 30.97s ago] ('61b35809-e629-409c-91db-08f7f428dcff', '9e4dff02-6c29-426c-a11e-05216890a52f', '9c84c781-c935-4974-9e6c-7504c4d83b80', '46a0e8a7-cae7-4f40-aff1-e65a55d3fd9e', '2025-12-21 15:14:43.204932', '2025-12-28 15:14:43.204932')
2026-02-01 17:14:43,215 INFO sqlalchemy.engine.Engine SELECT count(tasks.id) AS count_1 
FROM tasks 
WHERE tasks.column_id IN (?, ?, ?, ?) AND tasks.completed_at >= ? AND tasks.completed_at < ?
2026-02-01 17:14:43,216 INFO sqlalchemy.engine.Engine [cached since 30.97s ago] ('61b35809-e629-409c-91db-08f7f428dcff', '9e4dff02-6c29-426c-a11e-05216890a52f', '9c84c781-c935-4974-9e6c-7504c4d83b80', '46a0e8a7-cae7-4f40-aff1-e65a55d3fd9e', '2025-12-28 15:14:43.204932', '2026-01-04 15:14:43.204932')
2026-02-01 17:14:43,219 INFO sqlalchemy.engine.Engine SELECT count(tasks.id) AS count_1 
FROM tasks 
WHERE tasks.column_id IN (?, ?, ?, ?) AND tasks.completed_at >= ? AND tasks.completed_at < ?
2026-02-01 17:14:43,219 INFO sqlalchemy.engine.Engine [cached since 30.97s ago] ('61b35809-e629-409c-91db-08f7f428dcff', '9e4dff02-6c29-426c-a11e-05216890a52f', '9c84c781-c935-4974-9e6c-7504c4d83b80', '46a0e8a7-cae7-4f40-aff1-e65a55d3fd9e', '2026-01-04 15:14:43.204932', '2026-01-11 15:14:43.204932')
2026-02-01 17:14:43,221 INFO sqlalchemy.engine.Engine SELECT count(tasks.id) AS count_1 
FROM tasks 
WHERE tasks.column_id IN (?, ?, ?, ?) AND tasks.completed_at >= ? AND tasks.completed_at < ?
2026-02-01 17:14:43,222 INFO sqlalchemy.engine.Engine [cached since 30.98s ago] ('61b35809-e629-409c-91db-08f7f428dcff', '9e4dff02-6c29-426c-a11e-05216890a52f', '9c84c781-c935-4974-9e6c-7504c4d83b80', '46a0e8a7-cae7-4f40-aff1-e65a55d3fd9e', '2026-01-11 15:14:43.204932', '2026-01-18 15:14:43.204932')
2026-02-01 17:14:43,223 INFO sqlalchemy.engine.Engine SELECT count(tasks.id) AS count_1 
FROM tasks 
WHERE tasks.column_id IN (?, ?, ?, ?) AND tasks.completed_at >= ? AND tasks.completed_at < ?
2026-02-01 17:14:43,223 INFO sqlalchemy.engine.Engine [cached since 30.98s ago] ('61b35809-e629-409c-91db-08f7f428dcff', '9e4dff02-6c29-426c-a11e-05216890a52f', '9c84c781-c935-4974-9e6c-7504c4d83b80', '46a0e8a7-cae7-4f40-aff1-e65a55d3fd9e', '2026-01-18 15:14:43.204932', '2026-01-25 15:14:43.204932')
2026-02-01 17:14:43,225 INFO sqlalchemy.engine.Engine SELECT count(tasks.id) AS count_1 
FROM tasks 
WHERE tasks.column_id IN (?, ?, ?, ?) AND tasks.completed_at >= ? AND tasks.completed_at < ?
2026-02-01 17:14:43,225 INFO sqlalchemy.engine.Engine [cached since 30.98s ago] ('61b35809-e629-409c-91db-08f7f428dcff', '9e4dff02-6c29-426c-a11e-05216890a52f', '9c84c781-c935-4974-9e6c-7504c4d83b80', '46a0e8a7-cae7-4f40-aff1-e65a55d3fd9e', '2026-01-25 15:14:43.204932', '2026-02-01 15:14:43.204932')
INFO:     127.0.0.1:57638 - "GET /api/v1/analytics/velocity?team_id=ee2b0ac7-47ec-4b84-913e-cfc892ce0bb6&weeks=8 HTTP/1.1" 200 OK
2026-02-01 17:14:43,227 INFO sqlalchemy.engine.Engine ROLLBACK
2026-02-01 17:14:43,237 INFO sqlalchemy.engine.Engine BEGIN (implicit)
2026-02-01 17:14:43,238 INFO sqlalchemy.engine.Engine SELECT users.id, users.email, users.password_hash, users.full_name, users.role, users.avatar_url, users.team_id, users.is_active, users.created_at, users.updated_at 
FROM users 
WHERE users.id = ?
2026-02-01 17:14:43,238 INFO sqlalchemy.engine.Engine [cached since 6204s ago] ('755784f9-c9f6-43e9-99ab-cf27b029380c',)
2026-02-01 17:14:43,241 INFO sqlalchemy.engine.Engine SELECT users.id, users.email, users.password_hash, users.full_name, users.role, users.avatar_url, users.team_id, users.is_active, users.created_at, users.updated_at 
FROM users 
WHERE users.team_id = ? AND users.is_active = 1
2026-02-01 17:14:43,241 INFO sqlalchemy.engine.Engine [cached since 3962s ago] ('ee2b0ac7-47ec-4b84-913e-cfc892ce0bb6',)
2026-02-01 17:14:43,243 INFO sqlalchemy.engine.Engine SELECT boards.id 
FROM boards 
WHERE boards.team_id = ?
2026-02-01 17:14:43,243 INFO sqlalchemy.engine.Engine [cached since 3962s ago] ('ee2b0ac7-47ec-4b84-913e-cfc892ce0bb6',)
2026-02-01 17:14:43,245 INFO sqlalchemy.engine.Engine SELECT columns.id 
FROM columns 
WHERE columns.board_id IN (?)
2026-02-01 17:14:43,245 INFO sqlalchemy.engine.Engine [cached since 3962s ago] ('d284c47c-7887-4664-b5c1-ce86835acddb',)
2026-02-01 17:14:43,247 INFO sqlalchemy.engine.Engine SELECT avg(julianday(tasks.completed_at) - julianday(tasks.created_at)) AS avg_1, count(tasks.id) AS count_1 
FROM tasks 
WHERE tasks.column_id IN (?, ?, ?, ?) AND tasks.assignee_id = ? AND tasks.completed_at IS NOT NULL
2026-02-01 17:14:43,248 INFO sqlalchemy.engine.Engine [cached since 3962s ago] ('61b35809-e629-409c-91db-08f7f428dcff', '9e4dff02-6c29-426c-a11e-05216890a52f', '9c84c781-c935-4974-9e6c-7504c4d83b80', '46a0e8a7-cae7-4f40-aff1-e65a55d3fd9e', '755784f9-c9f6-43e9-99ab-cf27b029380c')
INFO:     127.0.0.1:57638 - "GET /api/v1/analytics/cycle-time?team_id=ee2b0ac7-47ec-4b84-913e-cfc892ce0bb6 HTTP/1.1" 200 OK
2026-02-01 17:14:43,250 INFO sqlalchemy.engine.Engine ROLLBACK
2026-02-01 17:14:45,074 INFO sqlalchemy.engine.Engine BEGIN (implicit)
2026-02-01 17:14:45,074 INFO sqlalchemy.engine.Engine SELECT users.id, users.email, users.password_hash, users.full_name, users.role, users.avatar_url, users.team_id, users.is_active, users.created_at, users.updated_at 
FROM users 
WHERE users.id = ?
2026-02-01 17:14:45,074 INFO sqlalchemy.engine.Engine [cached since 6206s ago] ('755784f9-c9f6-43e9-99ab-cf27b029380c',)
2026-02-01 17:14:45,076 INFO sqlalchemy.engine.Engine SELECT boards.id 
FROM boards 
WHERE boards.team_id = ?
2026-02-01 17:14:45,076 INFO sqlalchemy.engine.Engine [cached since 3964s ago] ('ee2b0ac7-47ec-4b84-913e-cfc892ce0bb6',)
2026-02-01 17:14:45,078 INFO sqlalchemy.engine.Engine SELECT columns.id, columns.name, columns.board_id, columns.position, columns.wip_limit, columns.color, columns.created_at, columns.updated_at 
FROM columns 
WHERE columns.board_id IN (?)
2026-02-01 17:14:45,078 INFO sqlalchemy.engine.Engine [cached since 3964s ago] ('d284c47c-7887-4664-b5c1-ce86835acddb',)
2026-02-01 17:14:45,080 INFO sqlalchemy.engine.Engine SELECT count(tasks.id) AS count_1 
FROM tasks 
WHERE tasks.column_id IN (?, ?, ?, ?) AND tasks.is_deleted = 0
2026-02-01 17:14:45,080 INFO sqlalchemy.engine.Engine [cached since 3964s ago] ('61b35809-e629-409c-91db-08f7f428dcff', '9e4dff02-6c29-426c-a11e-05216890a52f', '9c84c781-c935-4974-9e6c-7504c4d83b80', '46a0e8a7-cae7-4f40-aff1-e65a55d3fd9e')
2026-02-01 17:14:45,082 INFO sqlalchemy.engine.Engine SELECT count(tasks.id) AS count_1 
FROM tasks 
WHERE tasks.column_id IN (?) AND tasks.is_deleted = 0
2026-02-01 17:14:45,082 INFO sqlalchemy.engine.Engine [cached since 3964s ago] ('46a0e8a7-cae7-4f40-aff1-e65a55d3fd9e',)
2026-02-01 17:14:45,084 INFO sqlalchemy.engine.Engine SELECT count(tasks.id) AS count_1 
FROM tasks 
WHERE tasks.column_id IN (?) AND tasks.is_deleted = 0
2026-02-01 17:14:45,084 INFO sqlalchemy.engine.Engine [cached since 3964s ago] ('9e4dff02-6c29-426c-a11e-05216890a52f',)
2026-02-01 17:14:45,105 INFO sqlalchemy.engine.Engine SELECT count(tasks.id) AS count_1 
FROM tasks 
WHERE tasks.column_id IN (?, ?, ?, ?) AND tasks.is_deleted = 0 AND tasks.deadline < ? AND tasks.completed_at IS NULL
2026-02-01 17:14:45,105 INFO sqlalchemy.engine.Engine [cached since 3964s ago] ('61b35809-e629-409c-91db-08f7f428dcff', '9e4dff02-6c29-426c-a11e-05216890a52f', '9c84c781-c935-4974-9e6c-7504c4d83b80', '46a0e8a7-cae7-4f40-aff1-e65a55d3fd9e', '2026-02-01 15:14:45.085434')
2026-02-01 17:14:45,107 INFO sqlalchemy.engine.Engine SELECT avg(julianday(tasks.completed_at) - julianday(tasks.created_at)) AS avg_1 
FROM tasks 
WHERE tasks.column_id IN (?, ?, ?, ?) AND tasks.completed_at IS NOT NULL
2026-02-01 17:14:45,107 INFO sqlalchemy.engine.Engine [cached since 3964s ago] ('61b35809-e629-409c-91db-08f7f428dcff', '9e4dff02-6c29-426c-a11e-05216890a52f', '9c84c781-c935-4974-9e6c-7504c4d83b80', '46a0e8a7-cae7-4f40-aff1-e65a55d3fd9e')
INFO:     127.0.0.1:57638 - "GET /api/v1/analytics/dashboard?team_id=ee2b0ac7-47ec-4b84-913e-cfc892ce0bb6 HTTP/1.1" 200 OK
2026-02-01 17:14:45,110 INFO sqlalchemy.engine.Engine ROLLBACK
2026-02-01 17:14:45,117 INFO sqlalchemy.engine.Engine BEGIN (implicit)
2026-02-01 17:14:45,117 INFO sqlalchemy.engine.Engine SELECT users.id, users.email, users.password_hash, users.full_name, users.role, users.avatar_url, users.team_id, users.is_active, users.created_at, users.updated_at 
FROM users 
WHERE users.id = ?
2026-02-01 17:14:45,118 INFO sqlalchemy.engine.Engine [cached since 6206s ago] ('755784f9-c9f6-43e9-99ab-cf27b029380c',)
2026-02-01 17:14:45,120 INFO sqlalchemy.engine.Engine SELECT boards.id 
FROM boards 
WHERE boards.team_id = ?
2026-02-01 17:14:45,120 INFO sqlalchemy.engine.Engine [cached since 3964s ago] ('ee2b0ac7-47ec-4b84-913e-cfc892ce0bb6',)
2026-02-01 17:14:45,121 INFO sqlalchemy.engine.Engine SELECT columns.id 
FROM columns 
WHERE columns.board_id IN (?)
2026-02-01 17:14:45,122 INFO sqlalchemy.engine.Engine [cached since 3964s ago] ('d284c47c-7887-4664-b5c1-ce86835acddb',)
2026-02-01 17:14:45,124 INFO sqlalchemy.engine.Engine SELECT count(tasks.id) AS count_1 
FROM tasks 
WHERE tasks.column_id IN (?, ?, ?, ?) AND tasks.completed_at >= ? AND tasks.completed_at < ?
2026-02-01 17:14:45,124 INFO sqlalchemy.engine.Engine [cached since 32.88s ago] ('61b35809-e629-409c-91db-08f7f428dcff', '9e4dff02-6c29-426c-a11e-05216890a52f', '9c84c781-c935-4974-9e6c-7504c4d83b80', '46a0e8a7-cae7-4f40-aff1-e65a55d3fd9e', '2025-12-07 15:14:45.123086', '2025-12-14 15:14:45.123086')
2026-02-01 17:14:45,126 INFO sqlalchemy.engine.Engine SELECT count(tasks.id) AS count_1 
FROM tasks 
WHERE tasks.column_id IN (?, ?, ?, ?) AND tasks.completed_at >= ? AND tasks.completed_at < ?
2026-02-01 17:14:45,126 INFO sqlalchemy.engine.Engine [cached since 32.88s ago] ('61b35809-e629-409c-91db-08f7f428dcff', '9e4dff02-6c29-426c-a11e-05216890a52f', '9c84c781-c935-4974-9e6c-7504c4d83b80', '46a0e8a7-cae7-4f40-aff1-e65a55d3fd9e', '2025-12-14 15:14:45.123086', '2025-12-21 15:14:45.123086')
2026-02-01 17:14:45,129 INFO sqlalchemy.engine.Engine SELECT count(tasks.id) AS count_1 
FROM tasks 
WHERE tasks.column_id IN (?, ?, ?, ?) AND tasks.completed_at >= ? AND tasks.completed_at < ?
2026-02-01 17:14:45,129 INFO sqlalchemy.engine.Engine [cached since 32.88s ago] ('61b35809-e629-409c-91db-08f7f428dcff', '9e4dff02-6c29-426c-a11e-05216890a52f', '9c84c781-c935-4974-9e6c-7504c4d83b80', '46a0e8a7-cae7-4f40-aff1-e65a55d3fd9e', '2025-12-21 15:14:45.123086', '2025-12-28 15:14:45.123086')
2026-02-01 17:14:45,131 INFO sqlalchemy.engine.Engine SELECT count(tasks.id) AS count_1 
FROM tasks 
WHERE tasks.column_id IN (?, ?, ?, ?) AND tasks.completed_at >= ? AND tasks.completed_at < ?
2026-02-01 17:14:45,131 INFO sqlalchemy.engine.Engine [cached since 32.89s ago] ('61b35809-e629-409c-91db-08f7f428dcff', '9e4dff02-6c29-426c-a11e-05216890a52f', '9c84c781-c935-4974-9e6c-7504c4d83b80', '46a0e8a7-cae7-4f40-aff1-e65a55d3fd9e', '2025-12-28 15:14:45.123086', '2026-01-04 15:14:45.123086')
2026-02-01 17:14:45,133 INFO sqlalchemy.engine.Engine SELECT count(tasks.id) AS count_1 
FROM tasks 
WHERE tasks.column_id IN (?, ?, ?, ?) AND tasks.completed_at >= ? AND tasks.completed_at < ?
2026-02-01 17:14:45,134 INFO sqlalchemy.engine.Engine [cached since 32.89s ago] ('61b35809-e629-409c-91db-08f7f428dcff', '9e4dff02-6c29-426c-a11e-05216890a52f', '9c84c781-c935-4974-9e6c-7504c4d83b80', '46a0e8a7-cae7-4f40-aff1-e65a55d3fd9e', '2026-01-04 15:14:45.123086', '2026-01-11 15:14:45.123086')
2026-02-01 17:14:45,136 INFO sqlalchemy.engine.Engine SELECT count(tasks.id) AS count_1 
FROM tasks 
WHERE tasks.column_id IN (?, ?, ?, ?) AND tasks.completed_at >= ? AND tasks.completed_at < ?
2026-02-01 17:14:45,136 INFO sqlalchemy.engine.Engine [cached since 32.89s ago] ('61b35809-e629-409c-91db-08f7f428dcff', '9e4dff02-6c29-426c-a11e-05216890a52f', '9c84c781-c935-4974-9e6c-7504c4d83b80', '46a0e8a7-cae7-4f40-aff1-e65a55d3fd9e', '2026-01-11 15:14:45.123086', '2026-01-18 15:14:45.123086')
2026-02-01 17:14:45,138 INFO sqlalchemy.engine.Engine SELECT count(tasks.id) AS count_1 
FROM tasks 
WHERE tasks.column_id IN (?, ?, ?, ?) AND tasks.completed_at >= ? AND tasks.completed_at < ?
2026-02-01 17:14:45,138 INFO sqlalchemy.engine.Engine [cached since 32.89s ago] ('61b35809-e629-409c-91db-08f7f428dcff', '9e4dff02-6c29-426c-a11e-05216890a52f', '9c84c781-c935-4974-9e6c-7504c4d83b80', '46a0e8a7-cae7-4f40-aff1-e65a55d3fd9e', '2026-01-18 15:14:45.123086', '2026-01-25 15:14:45.123086')
2026-02-01 17:14:45,140 INFO sqlalchemy.engine.Engine SELECT count(tasks.id) AS count_1 
FROM tasks 
WHERE tasks.column_id IN (?, ?, ?, ?) AND tasks.completed_at >= ? AND tasks.completed_at < ?
2026-02-01 17:14:45,140 INFO sqlalchemy.engine.Engine [cached since 32.89s ago] ('61b35809-e629-409c-91db-08f7f428dcff', '9e4dff02-6c29-426c-a11e-05216890a52f', '9c84c781-c935-4974-9e6c-7504c4d83b80', '46a0e8a7-cae7-4f40-aff1-e65a55d3fd9e', '2026-01-25 15:14:45.123086', '2026-02-01 15:14:45.123086')
INFO:     127.0.0.1:57638 - "GET /api/v1/analytics/velocity?team_id=ee2b0ac7-47ec-4b84-913e-cfc892ce0bb6&weeks=8 HTTP/1.1" 200 OK
2026-02-01 17:14:45,142 INFO sqlalchemy.engine.Engine ROLLBACK
2026-02-01 17:14:45,151 INFO sqlalchemy.engine.Engine BEGIN (implicit)
2026-02-01 17:14:45,152 INFO sqlalchemy.engine.Engine SELECT users.id, users.email, users.password_hash, users.full_name, users.role, users.avatar_url, users.team_id, users.is_active, users.created_at, users.updated_at 
FROM users 
WHERE users.id = ?
2026-02-01 17:14:45,152 INFO sqlalchemy.engine.Engine [cached since 6206s ago] ('755784f9-c9f6-43e9-99ab-cf27b029380c',)
2026-02-01 17:14:45,154 INFO sqlalchemy.engine.Engine SELECT users.id, users.email, users.password_hash, users.full_name, users.role, users.avatar_url, users.team_id, users.is_active, users.created_at, users.updated_at 
FROM users 
WHERE users.team_id = ? AND users.is_active = 1
2026-02-01 17:14:45,154 INFO sqlalchemy.engine.Engine [cached since 3964s ago] ('ee2b0ac7-47ec-4b84-913e-cfc892ce0bb6',)
2026-02-01 17:14:45,156 INFO sqlalchemy.engine.Engine SELECT boards.id 
FROM boards 
WHERE boards.team_id = ?
2026-02-01 17:14:45,156 INFO sqlalchemy.engine.Engine [cached since 3964s ago] ('ee2b0ac7-47ec-4b84-913e-cfc892ce0bb6',)
2026-02-01 17:14:45,158 INFO sqlalchemy.engine.Engine SELECT columns.id 
FROM columns 
WHERE columns.board_id IN (?)
2026-02-01 17:14:45,158 INFO sqlalchemy.engine.Engine [cached since 3964s ago] ('d284c47c-7887-4664-b5c1-ce86835acddb',)
2026-02-01 17:14:45,161 INFO sqlalchemy.engine.Engine SELECT avg(julianday(tasks.completed_at) - julianday(tasks.created_at)) AS avg_1, count(tasks.id) AS count_1 
FROM tasks 
WHERE tasks.column_id IN (?, ?, ?, ?) AND tasks.assignee_id = ? AND tasks.completed_at IS NOT NULL
2026-02-01 17:14:45,161 INFO sqlalchemy.engine.Engine [cached since 3964s ago] ('61b35809-e629-409c-91db-08f7f428dcff', '9e4dff02-6c29-426c-a11e-05216890a52f', '9c84c781-c935-4974-9e6c-7504c4d83b80', '46a0e8a7-cae7-4f40-aff1-e65a55d3fd9e', '755784f9-c9f6-43e9-99ab-cf27b029380c')
INFO:     127.0.0.1:57638 - "GET /api/v1/analytics/cycle-time?team_id=ee2b0ac7-47ec-4b84-913e-cfc892ce0bb6 HTTP/1.1" 200 OK
2026-02-01 17:14:45,163 INFO sqlalchemy.engine.Engine ROLLBACK
INFO:     127.0.0.1:57638 - "GET /api/v1/tasks/export/csv?team_id=ee2b0ac7-47ec-4b84-913e-cfc892ce0bb6 HTTP/1.1" 404 Not Found
2026-02-01 17:14:55,631 INFO sqlalchemy.engine.Engine BEGIN (implicit)
2026-02-01 17:14:55,631 INFO sqlalchemy.engine.Engine SELECT users.id, users.email, users.password_hash, users.full_name, users.role, users.avatar_url, users.team_id, users.is_active, users.created_at, users.updated_at 
FROM users 
WHERE users.id = ?
2026-02-01 17:14:55,631 INFO sqlalchemy.engine.Engine [cached since 6216s ago] ('755784f9-c9f6-43e9-99ab-cf27b029380c',)
2026-02-01 17:14:55,633 INFO sqlalchemy.engine.Engine SELECT boards.id 
FROM boards 
WHERE boards.team_id = ?
2026-02-01 17:14:55,633 INFO sqlalchemy.engine.Engine [cached since 3974s ago] ('ee2b0ac7-47ec-4b84-913e-cfc892ce0bb6',)
2026-02-01 17:14:55,635 INFO sqlalchemy.engine.Engine SELECT columns.id, columns.name, columns.board_id, columns.position, columns.wip_limit, columns.color, columns.created_at, columns.updated_at 
FROM columns 
WHERE columns.board_id IN (?)
2026-02-01 17:14:55,635 INFO sqlalchemy.engine.Engine [cached since 3974s ago] ('d284c47c-7887-4664-b5c1-ce86835acddb',)
2026-02-01 17:14:55,637 INFO sqlalchemy.engine.Engine SELECT count(tasks.id) AS count_1 
FROM tasks 
WHERE tasks.column_id IN (?, ?, ?, ?) AND tasks.is_deleted = 0
2026-02-01 17:14:55,637 INFO sqlalchemy.engine.Engine [cached since 3974s ago] ('61b35809-e629-409c-91db-08f7f428dcff', '9e4dff02-6c29-426c-a11e-05216890a52f', '9c84c781-c935-4974-9e6c-7504c4d83b80', '46a0e8a7-cae7-4f40-aff1-e65a55d3fd9e')
2026-02-01 17:14:55,639 INFO sqlalchemy.engine.Engine SELECT count(tasks.id) AS count_1 
FROM tasks 
WHERE tasks.column_id IN (?) AND tasks.is_deleted = 0
2026-02-01 17:14:55,639 INFO sqlalchemy.engine.Engine [cached since 3974s ago] ('46a0e8a7-cae7-4f40-aff1-e65a55d3fd9e',)
2026-02-01 17:14:55,641 INFO sqlalchemy.engine.Engine SELECT count(tasks.id) AS count_1 
FROM tasks 
WHERE tasks.column_id IN (?) AND tasks.is_deleted = 0
2026-02-01 17:14:55,641 INFO sqlalchemy.engine.Engine [cached since 3974s ago] ('9e4dff02-6c29-426c-a11e-05216890a52f',)
2026-02-01 17:14:55,643 INFO sqlalchemy.engine.Engine SELECT count(tasks.id) AS count_1 
FROM tasks 
WHERE tasks.column_id IN (?, ?, ?, ?) AND tasks.is_deleted = 0 AND tasks.deadline < ? AND tasks.completed_at IS NULL
2026-02-01 17:14:55,643 INFO sqlalchemy.engine.Engine [cached since 3974s ago] ('61b35809-e629-409c-91db-08f7f428dcff', '9e4dff02-6c29-426c-a11e-05216890a52f', '9c84c781-c935-4974-9e6c-7504c4d83b80', '46a0e8a7-cae7-4f40-aff1-e65a55d3fd9e', '2026-02-01 15:14:55.642851')
2026-02-01 17:14:55,645 INFO sqlalchemy.engine.Engine SELECT avg(julianday(tasks.completed_at) - julianday(tasks.created_at)) AS avg_1 
FROM tasks 
WHERE tasks.column_id IN (?, ?, ?, ?) AND tasks.completed_at IS NOT NULL
2026-02-01 17:14:55,645 INFO sqlalchemy.engine.Engine [cached since 3974s ago] ('61b35809-e629-409c-91db-08f7f428dcff', '9e4dff02-6c29-426c-a11e-05216890a52f', '9c84c781-c935-4974-9e6c-7504c4d83b80', '46a0e8a7-cae7-4f40-aff1-e65a55d3fd9e')
INFO:     127.0.0.1:57639 - "GET /api/v1/analytics/dashboard?team_id=ee2b0ac7-47ec-4b84-913e-cfc892ce0bb6 HTTP/1.1" 200 OK
2026-02-01 17:14:55,647 INFO sqlalchemy.engine.Engine ROLLBACK
2026-02-01 17:14:55,659 INFO sqlalchemy.engine.Engine BEGIN (implicit)
2026-02-01 17:14:55,660 INFO sqlalchemy.engine.Engine SELECT users.id, users.email, users.password_hash, users.full_name, users.role, users.avatar_url, users.team_id, users.is_active, users.created_at, users.updated_at 
FROM users 
WHERE users.id = ?
2026-02-01 17:14:55,660 INFO sqlalchemy.engine.Engine [cached since 6217s ago] ('755784f9-c9f6-43e9-99ab-cf27b029380c',)
2026-02-01 17:14:55,662 INFO sqlalchemy.engine.Engine SELECT boards.id 
FROM boards 
WHERE boards.team_id = ?
2026-02-01 17:14:55,662 INFO sqlalchemy.engine.Engine [cached since 3974s ago] ('ee2b0ac7-47ec-4b84-913e-cfc892ce0bb6',)
2026-02-01 17:14:55,664 INFO sqlalchemy.engine.Engine SELECT columns.id 
FROM columns 
WHERE columns.board_id IN (?)
2026-02-01 17:14:55,664 INFO sqlalchemy.engine.Engine [cached since 3974s ago] ('d284c47c-7887-4664-b5c1-ce86835acddb',)
2026-02-01 17:14:55,666 INFO sqlalchemy.engine.Engine SELECT count(tasks.id) AS count_1 
FROM tasks 
WHERE tasks.column_id IN (?, ?, ?, ?) AND tasks.completed_at >= ? AND tasks.completed_at < ?
2026-02-01 17:14:55,666 INFO sqlalchemy.engine.Engine [cached since 43.42s ago] ('61b35809-e629-409c-91db-08f7f428dcff', '9e4dff02-6c29-426c-a11e-05216890a52f', '9c84c781-c935-4974-9e6c-7504c4d83b80', '46a0e8a7-cae7-4f40-aff1-e65a55d3fd9e', '2025-12-07 15:14:55.665837', '2025-12-14 15:14:55.665837')
2026-02-01 17:14:55,668 INFO sqlalchemy.engine.Engine SELECT count(tasks.id) AS count_1 
FROM tasks 
WHERE tasks.column_id IN (?, ?, ?, ?) AND tasks.completed_at >= ? AND tasks.completed_at < ?
2026-02-01 17:14:55,668 INFO sqlalchemy.engine.Engine [cached since 43.42s ago] ('61b35809-e629-409c-91db-08f7f428dcff', '9e4dff02-6c29-426c-a11e-05216890a52f', '9c84c781-c935-4974-9e6c-7504c4d83b80', '46a0e8a7-cae7-4f40-aff1-e65a55d3fd9e', '2025-12-14 15:14:55.665837', '2025-12-21 15:14:55.665837')
2026-02-01 17:14:55,670 INFO sqlalchemy.engine.Engine SELECT count(tasks.id) AS count_1 
FROM tasks 
WHERE tasks.column_id IN (?, ?, ?, ?) AND tasks.completed_at >= ? AND tasks.completed_at < ?
2026-02-01 17:14:55,670 INFO sqlalchemy.engine.Engine [cached since 43.42s ago] ('61b35809-e629-409c-91db-08f7f428dcff', '9e4dff02-6c29-426c-a11e-05216890a52f', '9c84c781-c935-4974-9e6c-7504c4d83b80', '46a0e8a7-cae7-4f40-aff1-e65a55d3fd9e', '2025-12-21 15:14:55.665837', '2025-12-28 15:14:55.665837')
2026-02-01 17:14:55,672 INFO sqlalchemy.engine.Engine SELECT count(tasks.id) AS count_1 
FROM tasks 
WHERE tasks.column_id IN (?, ?, ?, ?) AND tasks.completed_at >= ? AND tasks.completed_at < ?
2026-02-01 17:14:55,672 INFO sqlalchemy.engine.Engine [cached since 43.43s ago] ('61b35809-e629-409c-91db-08f7f428dcff', '9e4dff02-6c29-426c-a11e-05216890a52f', '9c84c781-c935-4974-9e6c-7504c4d83b80', '46a0e8a7-cae7-4f40-aff1-e65a55d3fd9e', '2025-12-28 15:14:55.665837', '2026-01-04 15:14:55.665837')
2026-02-01 17:14:55,673 INFO sqlalchemy.engine.Engine SELECT count(tasks.id) AS count_1 
FROM tasks 
WHERE tasks.column_id IN (?, ?, ?, ?) AND tasks.completed_at >= ? AND tasks.completed_at < ?
2026-02-01 17:14:55,674 INFO sqlalchemy.engine.Engine [cached since 43.43s ago] ('61b35809-e629-409c-91db-08f7f428dcff', '9e4dff02-6c29-426c-a11e-05216890a52f', '9c84c781-c935-4974-9e6c-7504c4d83b80', '46a0e8a7-cae7-4f40-aff1-e65a55d3fd9e', '2026-01-04 15:14:55.665837', '2026-01-11 15:14:55.665837')
2026-02-01 17:14:55,676 INFO sqlalchemy.engine.Engine SELECT count(tasks.id) AS count_1 
FROM tasks 
WHERE tasks.column_id IN (?, ?, ?, ?) AND tasks.completed_at >= ? AND tasks.completed_at < ?
2026-02-01 17:14:55,676 INFO sqlalchemy.engine.Engine [cached since 43.43s ago] ('61b35809-e629-409c-91db-08f7f428dcff', '9e4dff02-6c29-426c-a11e-05216890a52f', '9c84c781-c935-4974-9e6c-7504c4d83b80', '46a0e8a7-cae7-4f40-aff1-e65a55d3fd9e', '2026-01-11 15:14:55.665837', '2026-01-18 15:14:55.665837')
2026-02-01 17:14:55,678 INFO sqlalchemy.engine.Engine SELECT count(tasks.id) AS count_1 
FROM tasks 
WHERE tasks.column_id IN (?, ?, ?, ?) AND tasks.completed_at >= ? AND tasks.completed_at < ?
2026-02-01 17:14:55,678 INFO sqlalchemy.engine.Engine [cached since 43.43s ago] ('61b35809-e629-409c-91db-08f7f428dcff', '9e4dff02-6c29-426c-a11e-05216890a52f', '9c84c781-c935-4974-9e6c-7504c4d83b80', '46a0e8a7-cae7-4f40-aff1-e65a55d3fd9e', '2026-01-18 15:14:55.665837', '2026-01-25 15:14:55.665837')
2026-02-01 17:14:55,680 INFO sqlalchemy.engine.Engine SELECT count(tasks.id) AS count_1 
FROM tasks 
WHERE tasks.column_id IN (?, ?, ?, ?) AND tasks.completed_at >= ? AND tasks.completed_at < ?
2026-02-01 17:14:55,680 INFO sqlalchemy.engine.Engine [cached since 43.43s ago] ('61b35809-e629-409c-91db-08f7f428dcff', '9e4dff02-6c29-426c-a11e-05216890a52f', '9c84c781-c935-4974-9e6c-7504c4d83b80', '46a0e8a7-cae7-4f40-aff1-e65a55d3fd9e', '2026-01-25 15:14:55.665837', '2026-02-01 15:14:55.665837')
INFO:     127.0.0.1:57639 - "GET /api/v1/analytics/velocity?team_id=ee2b0ac7-47ec-4b84-913e-cfc892ce0bb6&weeks=8 HTTP/1.1" 200 OK
2026-02-01 17:14:55,682 INFO sqlalchemy.engine.Engine ROLLBACK
2026-02-01 17:14:55,695 INFO sqlalchemy.engine.Engine BEGIN (implicit)
2026-02-01 17:14:55,695 INFO sqlalchemy.engine.Engine SELECT users.id, users.email, users.password_hash, users.full_name, users.role, users.avatar_url, users.team_id, users.is_active, users.created_at, users.updated_at 
FROM users 
WHERE users.id = ?
2026-02-01 17:14:55,695 INFO sqlalchemy.engine.Engine [cached since 6217s ago] ('755784f9-c9f6-43e9-99ab-cf27b029380c',)
2026-02-01 17:14:55,698 INFO sqlalchemy.engine.Engine SELECT users.id, users.email, users.password_hash, users.full_name, users.role, users.avatar_url, users.team_id, users.is_active, users.created_at, users.updated_at 
FROM users 
WHERE users.team_id = ? AND users.is_active = 1
2026-02-01 17:14:55,698 INFO sqlalchemy.engine.Engine [cached since 3974s ago] ('ee2b0ac7-47ec-4b84-913e-cfc892ce0bb6',)
2026-02-01 17:14:55,700 INFO sqlalchemy.engine.Engine SELECT boards.id 
FROM boards 
WHERE boards.team_id = ?
2026-02-01 17:14:55,700 INFO sqlalchemy.engine.Engine [cached since 3975s ago] ('ee2b0ac7-47ec-4b84-913e-cfc892ce0bb6',)
2026-02-01 17:14:55,702 INFO sqlalchemy.engine.Engine SELECT columns.id 
FROM columns 
WHERE columns.board_id IN (?)
2026-02-01 17:14:55,702 INFO sqlalchemy.engine.Engine [cached since 3974s ago] ('d284c47c-7887-4664-b5c1-ce86835acddb',)
2026-02-01 17:14:55,705 INFO sqlalchemy.engine.Engine SELECT avg(julianday(tasks.completed_at) - julianday(tasks.created_at)) AS avg_1, count(tasks.id) AS count_1 
FROM tasks 
WHERE tasks.column_id IN (?, ?, ?, ?) AND tasks.assignee_id = ? AND tasks.completed_at IS NOT NULL
2026-02-01 17:14:55,705 INFO sqlalchemy.engine.Engine [cached since 3974s ago] ('61b35809-e629-409c-91db-08f7f428dcff', '9e4dff02-6c29-426c-a11e-05216890a52f', '9c84c781-c935-4974-9e6c-7504c4d83b80', '46a0e8a7-cae7-4f40-aff1-e65a55d3fd9e', '755784f9-c9f6-43e9-99ab-cf27b029380c')
INFO:     127.0.0.1:57639 - "GET /api/v1/analytics/cycle-time?team_id=ee2b0ac7-47ec-4b84-913e-cfc892ce0bb6 HTTP/1.1" 200 OK
2026-02-01 17:14:55,707 INFO sqlalchemy.engine.Engine ROLLBACK
2026-02-01 17:16:39,721 INFO sqlalchemy.engine.Engine BEGIN (implicit)
2026-02-01 17:16:39,722 INFO sqlalchemy.engine.Engine SELECT users.id, users.email, users.password_hash, users.full_name, users.role, users.avatar_url, users.team_id, users.is_active, users.created_at, users.updated_at 
FROM users 
WHERE users.id = ?
2026-02-01 17:16:39,722 INFO sqlalchemy.engine.Engine [cached since 6321s ago] ('755784f9-c9f6-43e9-99ab-cf27b029380c',)
2026-02-01 17:16:39,725 INFO sqlalchemy.engine.Engine SELECT columns.id, columns.name, columns.board_id, columns.position, columns.wip_limit, columns.color, columns.created_at, columns.updated_at 
FROM columns 
WHERE columns.board_id = ? ORDER BY columns.position
2026-02-01 17:16:39,725 INFO sqlalchemy.engine.Engine [cached since 4090s ago] ('d284c47c-7887-4664-b5c1-ce86835acddb',)
2026-02-01 17:16:39,727 INFO sqlalchemy.engine.Engine SELECT count(tasks.id) AS count_1 
FROM tasks 
WHERE tasks.column_id = ? AND tasks.is_deleted = 0
2026-02-01 17:16:39,727 INFO sqlalchemy.engine.Engine [cached since 4090s ago] ('61b35809-e629-409c-91db-08f7f428dcff',)
2026-02-01 17:16:39,729 INFO sqlalchemy.engine.Engine SELECT count(tasks.id) AS count_1 
FROM tasks 
WHERE tasks.column_id = ? AND tasks.is_deleted = 0
2026-02-01 17:16:39,729 INFO sqlalchemy.engine.Engine [cached since 4090s ago] ('9e4dff02-6c29-426c-a11e-05216890a52f',)
2026-02-01 17:16:39,731 INFO sqlalchemy.engine.Engine SELECT count(tasks.id) AS count_1 
FROM tasks 
WHERE tasks.column_id = ? AND tasks.is_deleted = 0
2026-02-01 17:16:39,732 INFO sqlalchemy.engine.Engine [cached since 4090s ago] ('9c84c781-c935-4974-9e6c-7504c4d83b80',)
2026-02-01 17:16:39,734 INFO sqlalchemy.engine.Engine SELECT count(tasks.id) AS count_1 
FROM tasks 
WHERE tasks.column_id = ? AND tasks.is_deleted = 0
2026-02-01 17:16:39,734 INFO sqlalchemy.engine.Engine [cached since 4090s ago] ('46a0e8a7-cae7-4f40-aff1-e65a55d3fd9e',)
INFO:     127.0.0.1:57659 - "GET /api/v1/boards/d284c47c-7887-4664-b5c1-ce86835acddb/columns HTTP/1.1" 200 OK
2026-02-01 17:16:39,736 INFO sqlalchemy.engine.Engine ROLLBACK
2026-02-01 17:16:39,748 INFO sqlalchemy.engine.Engine BEGIN (implicit)
2026-02-01 17:16:39,748 INFO sqlalchemy.engine.Engine SELECT users.id, users.email, users.password_hash, users.full_name, users.role, users.avatar_url, users.team_id, users.is_active, users.created_at, users.updated_at 
FROM users 
WHERE users.id = ?
2026-02-01 17:16:39,749 INFO sqlalchemy.engine.Engine [cached since 6321s ago] ('755784f9-c9f6-43e9-99ab-cf27b029380c',)
2026-02-01 17:16:39,755 INFO sqlalchemy.engine.Engine SELECT tasks.id, tasks.title, tasks.description, tasks.column_id, tasks.position, tasks.priority, tasks.assignee_id, tasks.creator_id, tasks.deadline, tasks.estimated_hours, tasks.actual_hours, tasks.tags, tasks.is_deleted, tasks.completed_at, tasks.created_at, tasks.updated_at, tasks.version 
FROM tasks 
WHERE tasks.column_id = ? AND tasks.is_deleted = 0 ORDER BY tasks.position
2026-02-01 17:16:39,755 INFO sqlalchemy.engine.Engine [cached since 4090s ago] ('61b35809-e629-409c-91db-08f7f428dcff',)
INFO:     127.0.0.1:57659 - "GET /api/v1/tasks?column_id=61b35809-e629-409c-91db-08f7f428dcff HTTP/1.1" 200 OK
2026-02-01 17:16:39,758 INFO sqlalchemy.engine.Engine ROLLBACK
2026-02-01 17:16:39,772 INFO sqlalchemy.engine.Engine BEGIN (implicit)
2026-02-01 17:16:39,772 INFO sqlalchemy.engine.Engine SELECT users.id, users.email, users.password_hash, users.full_name, users.role, users.avatar_url, users.team_id, users.is_active, users.created_at, users.updated_at 
FROM users 
WHERE users.id = ?
2026-02-01 17:16:39,772 INFO sqlalchemy.engine.Engine [cached since 6321s ago] ('755784f9-c9f6-43e9-99ab-cf27b029380c',)
2026-02-01 17:16:39,775 INFO sqlalchemy.engine.Engine SELECT tasks.id, tasks.title, tasks.description, tasks.column_id, tasks.position, tasks.priority, tasks.assignee_id, tasks.creator_id, tasks.deadline, tasks.estimated_hours, tasks.actual_hours, tasks.tags, tasks.is_deleted, tasks.completed_at, tasks.created_at, tasks.updated_at, tasks.version 
FROM tasks 
WHERE tasks.column_id = ? AND tasks.is_deleted = 0 ORDER BY tasks.position
2026-02-01 17:16:39,776 INFO sqlalchemy.engine.Engine [cached since 4090s ago] ('9e4dff02-6c29-426c-a11e-05216890a52f',)
INFO:     127.0.0.1:57659 - "GET /api/v1/tasks?column_id=9e4dff02-6c29-426c-a11e-05216890a52f HTTP/1.1" 200 OK
2026-02-01 17:16:39,778 INFO sqlalchemy.engine.Engine ROLLBACK
2026-02-01 17:16:39,832 INFO sqlalchemy.engine.Engine BEGIN (implicit)
2026-02-01 17:16:39,833 INFO sqlalchemy.engine.Engine SELECT users.id, users.email, users.password_hash, users.full_name, users.role, users.avatar_url, users.team_id, users.is_active, users.created_at, users.updated_at 
FROM users 
WHERE users.id = ?
2026-02-01 17:16:39,833 INFO sqlalchemy.engine.Engine [cached since 6321s ago] ('755784f9-c9f6-43e9-99ab-cf27b029380c',)
2026-02-01 17:16:39,835 INFO sqlalchemy.engine.Engine SELECT tasks.id, tasks.title, tasks.description, tasks.column_id, tasks.position, tasks.priority, tasks.assignee_id, tasks.creator_id, tasks.deadline, tasks.estimated_hours, tasks.actual_hours, tasks.tags, tasks.is_deleted, tasks.completed_at, tasks.created_at, tasks.updated_at, tasks.version 
FROM tasks 
WHERE tasks.column_id = ? AND tasks.is_deleted = 0 ORDER BY tasks.position
2026-02-01 17:16:39,836 INFO sqlalchemy.engine.Engine [cached since 4090s ago] ('9c84c781-c935-4974-9e6c-7504c4d83b80',)
INFO:     127.0.0.1:57659 - "GET /api/v1/tasks?column_id=9c84c781-c935-4974-9e6c-7504c4d83b80 HTTP/1.1" 200 OK
2026-02-01 17:16:39,837 INFO sqlalchemy.engine.Engine ROLLBACK
2026-02-01 17:16:39,902 INFO sqlalchemy.engine.Engine BEGIN (implicit)
2026-02-01 17:16:39,902 INFO sqlalchemy.engine.Engine SELECT users.id, users.email, users.password_hash, users.full_name, users.role, users.avatar_url, users.team_id, users.is_active, users.created_at, users.updated_at 
FROM users 
WHERE users.id = ?
2026-02-01 17:16:39,902 INFO sqlalchemy.engine.Engine [cached since 6321s ago] ('755784f9-c9f6-43e9-99ab-cf27b029380c',)
2026-02-01 17:16:39,905 INFO sqlalchemy.engine.Engine SELECT tasks.id, tasks.title, tasks.description, tasks.column_id, tasks.position, tasks.priority, tasks.assignee_id, tasks.creator_id, tasks.deadline, tasks.estimated_hours, tasks.actual_hours, tasks.tags, tasks.is_deleted, tasks.completed_at, tasks.created_at, tasks.updated_at, tasks.version 
FROM tasks 
WHERE tasks.column_id = ? AND tasks.is_deleted = 0 ORDER BY tasks.position
2026-02-01 17:16:39,905 INFO sqlalchemy.engine.Engine [cached since 4090s ago] ('46a0e8a7-cae7-4f40-aff1-e65a55d3fd9e',)
INFO:     127.0.0.1:57659 - "GET /api/v1/tasks?column_id=46a0e8a7-cae7-4f40-aff1-e65a55d3fd9e HTTP/1.1" 200 OK
2026-02-01 17:16:39,907 INFO sqlalchemy.engine.Engine ROLLBACK
2026-02-01 17:16:39,978 INFO sqlalchemy.engine.Engine BEGIN (implicit)
2026-02-01 17:16:39,978 INFO sqlalchemy.engine.Engine SELECT users.id, users.email, users.password_hash, users.full_name, users.role, users.avatar_url, users.team_id, users.is_active, users.created_at, users.updated_at 
FROM users 
WHERE users.id = ?
2026-02-01 17:16:39,978 INFO sqlalchemy.engine.Engine [cached since 6321s ago] ('755784f9-c9f6-43e9-99ab-cf27b029380c',)
2026-02-01 17:16:39,982 INFO sqlalchemy.engine.Engine SELECT boards.id, boards.name, boards.description, boards.team_id, boards.is_default, boards.created_at, boards.updated_at 
FROM boards 
WHERE boards.team_id = ?
2026-02-01 17:16:39,982 INFO sqlalchemy.engine.Engine [cached since 4090s ago] ('ee2b0ac7-47ec-4b84-913e-cfc892ce0bb6',)
INFO:     127.0.0.1:57659 - "GET /api/v1/boards?team_id=ee2b0ac7-47ec-4b84-913e-cfc892ce0bb6 HTTP/1.1" 200 OK
2026-02-01 17:16:39,985 INFO sqlalchemy.engine.Engine ROLLBACK
2026-02-01 17:16:40,019 INFO sqlalchemy.engine.Engine BEGIN (implicit)
2026-02-01 17:16:40,019 INFO sqlalchemy.engine.Engine SELECT users.id, users.email, users.password_hash, users.full_name, users.role, users.avatar_url, users.team_id, users.is_active, users.created_at, users.updated_at 
FROM users 
WHERE users.id = ?
2026-02-01 17:16:40,019 INFO sqlalchemy.engine.Engine [cached since 6321s ago] ('755784f9-c9f6-43e9-99ab-cf27b029380c',)
2026-02-01 17:16:40,022 INFO sqlalchemy.engine.Engine SELECT columns.id, columns.name, columns.board_id, columns.position, columns.wip_limit, columns.color, columns.created_at, columns.updated_at 
FROM columns 
WHERE columns.board_id = ? ORDER BY columns.position
2026-02-01 17:16:40,022 INFO sqlalchemy.engine.Engine [cached since 4090s ago] ('d284c47c-7887-4664-b5c1-ce86835acddb',)
2026-02-01 17:16:40,025 INFO sqlalchemy.engine.Engine SELECT count(tasks.id) AS count_1 
FROM tasks 
WHERE tasks.column_id = ? AND tasks.is_deleted = 0
2026-02-01 17:16:40,025 INFO sqlalchemy.engine.Engine [cached since 4090s ago] ('61b35809-e629-409c-91db-08f7f428dcff',)
2026-02-01 17:16:40,027 INFO sqlalchemy.engine.Engine SELECT count(tasks.id) AS count_1 
FROM tasks 
WHERE tasks.column_id = ? AND tasks.is_deleted = 0
2026-02-01 17:16:40,027 INFO sqlalchemy.engine.Engine [cached since 4090s ago] ('9e4dff02-6c29-426c-a11e-05216890a52f',)
2026-02-01 17:16:40,029 INFO sqlalchemy.engine.Engine SELECT count(tasks.id) AS count_1 
FROM tasks 
WHERE tasks.column_id = ? AND tasks.is_deleted = 0
2026-02-01 17:16:40,029 INFO sqlalchemy.engine.Engine [cached since 4090s ago] ('9c84c781-c935-4974-9e6c-7504c4d83b80',)
2026-02-01 17:16:40,033 INFO sqlalchemy.engine.Engine SELECT count(tasks.id) AS count_1 
FROM tasks 
WHERE tasks.column_id = ? AND tasks.is_deleted = 0
2026-02-01 17:16:40,033 INFO sqlalchemy.engine.Engine [cached since 4090s ago] ('46a0e8a7-cae7-4f40-aff1-e65a55d3fd9e',)
INFO:     127.0.0.1:57659 - "GET /api/v1/boards/d284c47c-7887-4664-b5c1-ce86835acddb/columns HTTP/1.1" 200 OK
2026-02-01 17:16:40,036 INFO sqlalchemy.engine.Engine ROLLBACK
2026-02-01 17:16:40,064 INFO sqlalchemy.engine.Engine BEGIN (implicit)
2026-02-01 17:16:40,064 INFO sqlalchemy.engine.Engine SELECT users.id, users.email, users.password_hash, users.full_name, users.role, users.avatar_url, users.team_id, users.is_active, users.created_at, users.updated_at 
FROM users 
WHERE users.id = ?
2026-02-01 17:16:40,064 INFO sqlalchemy.engine.Engine [cached since 6321s ago] ('755784f9-c9f6-43e9-99ab-cf27b029380c',)
2026-02-01 17:16:40,067 INFO sqlalchemy.engine.Engine SELECT tasks.id, tasks.title, tasks.description, tasks.column_id, tasks.position, tasks.priority, tasks.assignee_id, tasks.creator_id, tasks.deadline, tasks.estimated_hours, tasks.actual_hours, tasks.tags, tasks.is_deleted, tasks.completed_at, tasks.created_at, tasks.updated_at, tasks.version 
FROM tasks 
WHERE tasks.column_id = ? AND tasks.is_deleted = 0 ORDER BY tasks.position
2026-02-01 17:16:40,067 INFO sqlalchemy.engine.Engine [cached since 4090s ago] ('61b35809-e629-409c-91db-08f7f428dcff',)
INFO:     127.0.0.1:57659 - "GET /api/v1/tasks?column_id=61b35809-e629-409c-91db-08f7f428dcff HTTP/1.1" 200 OK
2026-02-01 17:16:40,069 INFO sqlalchemy.engine.Engine ROLLBACK
2026-02-01 17:16:40,129 INFO sqlalchemy.engine.Engine BEGIN (implicit)
2026-02-01 17:16:40,130 INFO sqlalchemy.engine.Engine SELECT users.id, users.email, users.password_hash, users.full_name, users.role, users.avatar_url, users.team_id, users.is_active, users.created_at, users.updated_at 
FROM users 
WHERE users.id = ?
2026-02-01 17:16:40,130 INFO sqlalchemy.engine.Engine [cached since 6321s ago] ('755784f9-c9f6-43e9-99ab-cf27b029380c',)
2026-02-01 17:16:40,133 INFO sqlalchemy.engine.Engine SELECT tasks.id, tasks.title, tasks.description, tasks.column_id, tasks.position, tasks.priority, tasks.assignee_id, tasks.creator_id, tasks.deadline, tasks.estimated_hours, tasks.actual_hours, tasks.tags, tasks.is_deleted, tasks.completed_at, tasks.created_at, tasks.updated_at, tasks.version 
FROM tasks 
WHERE tasks.column_id = ? AND tasks.is_deleted = 0 ORDER BY tasks.position
2026-02-01 17:16:40,133 INFO sqlalchemy.engine.Engine [cached since 4090s ago] ('9e4dff02-6c29-426c-a11e-05216890a52f',)
INFO:     127.0.0.1:57659 - "GET /api/v1/tasks?column_id=9e4dff02-6c29-426c-a11e-05216890a52f HTTP/1.1" 200 OK
2026-02-01 17:16:40,135 INFO sqlalchemy.engine.Engine ROLLBACK
2026-02-01 17:16:40,151 INFO sqlalchemy.engine.Engine BEGIN (implicit)
2026-02-01 17:16:40,151 INFO sqlalchemy.engine.Engine SELECT users.id, users.email, users.password_hash, users.full_name, users.role, users.avatar_url, users.team_id, users.is_active, users.created_at, users.updated_at 
FROM users 
WHERE users.id = ?
2026-02-01 17:16:40,151 INFO sqlalchemy.engine.Engine [cached since 6321s ago] ('755784f9-c9f6-43e9-99ab-cf27b029380c',)
2026-02-01 17:16:40,154 INFO sqlalchemy.engine.Engine SELECT tasks.id, tasks.title, tasks.description, tasks.column_id, tasks.position, tasks.priority, tasks.assignee_id, tasks.creator_id, tasks.deadline, tasks.estimated_hours, tasks.actual_hours, tasks.tags, tasks.is_deleted, tasks.completed_at, tasks.created_at, tasks.updated_at, tasks.version 
FROM tasks 
WHERE tasks.column_id = ? AND tasks.is_deleted = 0 ORDER BY tasks.position
2026-02-01 17:16:40,155 INFO sqlalchemy.engine.Engine [cached since 4090s ago] ('9c84c781-c935-4974-9e6c-7504c4d83b80',)
INFO:     127.0.0.1:57659 - "GET /api/v1/tasks?column_id=9c84c781-c935-4974-9e6c-7504c4d83b80 HTTP/1.1" 200 OK
2026-02-01 17:16:40,157 INFO sqlalchemy.engine.Engine ROLLBACK
2026-02-01 17:16:40,176 INFO sqlalchemy.engine.Engine BEGIN (implicit)
2026-02-01 17:16:40,176 INFO sqlalchemy.engine.Engine SELECT users.id, users.email, users.password_hash, users.full_name, users.role, users.avatar_url, users.team_id, users.is_active, users.created_at, users.updated_at 
FROM users 
WHERE users.id = ?
2026-02-01 17:16:40,177 INFO sqlalchemy.engine.Engine [cached since 6321s ago] ('755784f9-c9f6-43e9-99ab-cf27b029380c',)
2026-02-01 17:16:40,179 INFO sqlalchemy.engine.Engine SELECT tasks.id, tasks.title, tasks.description, tasks.column_id, tasks.position, tasks.priority, tasks.assignee_id, tasks.creator_id, tasks.deadline, tasks.estimated_hours, tasks.actual_hours, tasks.tags, tasks.is_deleted, tasks.completed_at, tasks.created_at, tasks.updated_at, tasks.version 
FROM tasks 
WHERE tasks.column_id = ? AND tasks.is_deleted = 0 ORDER BY tasks.position
2026-02-01 17:16:40,179 INFO sqlalchemy.engine.Engine [cached since 4090s ago] ('46a0e8a7-cae7-4f40-aff1-e65a55d3fd9e',)
INFO:     127.0.0.1:57659 - "GET /api/v1/tasks?column_id=46a0e8a7-cae7-4f40-aff1-e65a55d3fd9e HTTP/1.1" 200 OK
2026-02-01 17:16:40,185 INFO sqlalchemy.engine.Engine ROLLBACK
2026-02-01 17:16:53,691 INFO sqlalchemy.engine.Engine BEGIN (implicit)
2026-02-01 17:16:53,691 INFO sqlalchemy.engine.Engine SELECT users.id, users.email, users.password_hash, users.full_name, users.role, users.avatar_url, users.team_id, users.is_active, users.created_at, users.updated_at 
FROM users 
WHERE users.id = ?
2026-02-01 17:16:53,691 INFO sqlalchemy.engine.Engine [cached since 6335s ago] ('755784f9-c9f6-43e9-99ab-cf27b029380c',)
2026-02-01 17:16:53,694 INFO sqlalchemy.engine.Engine INSERT INTO columns (id, name, board_id, position, wip_limit, color, created_at, updated_at) VALUES (?, ?, ?, ?, ?, ?, ?, ?)
2026-02-01 17:16:53,694 INFO sqlalchemy.engine.Engine [cached since 4097s ago] ('afe47e85-f43c-4789-8ff1-46df0f973fea', '111', 'd284c47c-7887-4664-b5c1-ce86835acddb', 4, None, None, '2026-02-01 15:16:53.694060', '2026-02-01 15:16:53.694065')
2026-02-01 17:16:53,696 INFO sqlalchemy.engine.Engine COMMIT
2026-02-01 17:16:53,917 INFO sqlalchemy.engine.Engine BEGIN (implicit)
2026-02-01 17:16:53,917 INFO sqlalchemy.engine.Engine SELECT columns.id, columns.name, columns.board_id, columns.position, columns.wip_limit, columns.color, columns.created_at, columns.updated_at 
FROM columns 
WHERE columns.id = ?
2026-02-01 17:16:53,917 INFO sqlalchemy.engine.Engine [cached since 4097s ago] ('afe47e85-f43c-4789-8ff1-46df0f973fea',)
INFO:     127.0.0.1:49245 - "POST /api/v1/boards/columns HTTP/1.1" 200 OK
2026-02-01 17:16:53,921 INFO sqlalchemy.engine.Engine ROLLBACK
2026-02-01 17:16:53,938 INFO sqlalchemy.engine.Engine BEGIN (implicit)
2026-02-01 17:16:53,938 INFO sqlalchemy.engine.Engine SELECT users.id, users.email, users.password_hash, users.full_name, users.role, users.avatar_url, users.team_id, users.is_active, users.created_at, users.updated_at 
FROM users 
WHERE users.id = ?
2026-02-01 17:16:53,938 INFO sqlalchemy.engine.Engine [cached since 6335s ago] ('755784f9-c9f6-43e9-99ab-cf27b029380c',)
2026-02-01 17:16:53,941 INFO sqlalchemy.engine.Engine SELECT columns.id, columns.name, columns.board_id, columns.position, columns.wip_limit, columns.color, columns.created_at, columns.updated_at 
FROM columns 
WHERE columns.board_id = ? ORDER BY columns.position
2026-02-01 17:16:53,941 INFO sqlalchemy.engine.Engine [cached since 4104s ago] ('d284c47c-7887-4664-b5c1-ce86835acddb',)
2026-02-01 17:16:53,943 INFO sqlalchemy.engine.Engine SELECT count(tasks.id) AS count_1 
FROM tasks 
WHERE tasks.column_id = ? AND tasks.is_deleted = 0
2026-02-01 17:16:53,943 INFO sqlalchemy.engine.Engine [cached since 4104s ago] ('61b35809-e629-409c-91db-08f7f428dcff',)
2026-02-01 17:16:53,945 INFO sqlalchemy.engine.Engine SELECT count(tasks.id) AS count_1 
FROM tasks 
WHERE tasks.column_id = ? AND tasks.is_deleted = 0
2026-02-01 17:16:53,946 INFO sqlalchemy.engine.Engine [cached since 4104s ago] ('9e4dff02-6c29-426c-a11e-05216890a52f',)
2026-02-01 17:16:53,948 INFO sqlalchemy.engine.Engine SELECT count(tasks.id) AS count_1 
FROM tasks 
WHERE tasks.column_id = ? AND tasks.is_deleted = 0
2026-02-01 17:16:53,949 INFO sqlalchemy.engine.Engine [cached since 4104s ago] ('9c84c781-c935-4974-9e6c-7504c4d83b80',)
2026-02-01 17:16:53,951 INFO sqlalchemy.engine.Engine SELECT count(tasks.id) AS count_1 
FROM tasks 
WHERE tasks.column_id = ? AND tasks.is_deleted = 0
2026-02-01 17:16:53,951 INFO sqlalchemy.engine.Engine [cached since 4104s ago] ('46a0e8a7-cae7-4f40-aff1-e65a55d3fd9e',)
2026-02-01 17:16:53,953 INFO sqlalchemy.engine.Engine SELECT count(tasks.id) AS count_1 
FROM tasks 
WHERE tasks.column_id = ? AND tasks.is_deleted = 0
2026-02-01 17:16:53,953 INFO sqlalchemy.engine.Engine [cached since 4104s ago] ('afe47e85-f43c-4789-8ff1-46df0f973fea',)
INFO:     127.0.0.1:49245 - "GET /api/v1/boards/d284c47c-7887-4664-b5c1-ce86835acddb/columns HTTP/1.1" 200 OK
2026-02-01 17:16:53,956 INFO sqlalchemy.engine.Engine ROLLBACK
2026-02-01 17:16:54,081 INFO sqlalchemy.engine.Engine BEGIN (implicit)
2026-02-01 17:16:54,082 INFO sqlalchemy.engine.Engine SELECT users.id, users.email, users.password_hash, users.full_name, users.role, users.avatar_url, users.team_id, users.is_active, users.created_at, users.updated_at 
FROM users 
WHERE users.id = ?
2026-02-01 17:16:54,082 INFO sqlalchemy.engine.Engine [cached since 6335s ago] ('755784f9-c9f6-43e9-99ab-cf27b029380c',)
2026-02-01 17:16:54,085 INFO sqlalchemy.engine.Engine SELECT tasks.id, tasks.title, tasks.description, tasks.column_id, tasks.position, tasks.priority, tasks.assignee_id, tasks.creator_id, tasks.deadline, tasks.estimated_hours, tasks.actual_hours, tasks.tags, tasks.is_deleted, tasks.completed_at, tasks.created_at, tasks.updated_at, tasks.version 
FROM tasks 
WHERE tasks.column_id = ? AND tasks.is_deleted = 0 ORDER BY tasks.position
2026-02-01 17:16:54,085 INFO sqlalchemy.engine.Engine [cached since 4104s ago] ('61b35809-e629-409c-91db-08f7f428dcff',)
INFO:     127.0.0.1:49245 - "GET /api/v1/tasks?column_id=61b35809-e629-409c-91db-08f7f428dcff HTTP/1.1" 200 OK
2026-02-01 17:16:54,087 INFO sqlalchemy.engine.Engine ROLLBACK
2026-02-01 17:16:54,300 INFO sqlalchemy.engine.Engine BEGIN (implicit)
2026-02-01 17:16:54,300 INFO sqlalchemy.engine.Engine SELECT users.id, users.email, users.password_hash, users.full_name, users.role, users.avatar_url, users.team_id, users.is_active, users.created_at, users.updated_at 
FROM users 
WHERE users.id = ?
2026-02-01 17:16:54,300 INFO sqlalchemy.engine.Engine [cached since 6335s ago] ('755784f9-c9f6-43e9-99ab-cf27b029380c',)
2026-02-01 17:16:54,303 INFO sqlalchemy.engine.Engine SELECT tasks.id, tasks.title, tasks.description, tasks.column_id, tasks.position, tasks.priority, tasks.assignee_id, tasks.creator_id, tasks.deadline, tasks.estimated_hours, tasks.actual_hours, tasks.tags, tasks.is_deleted, tasks.completed_at, tasks.created_at, tasks.updated_at, tasks.version 
FROM tasks 
WHERE tasks.column_id = ? AND tasks.is_deleted = 0 ORDER BY tasks.position
2026-02-01 17:16:54,303 INFO sqlalchemy.engine.Engine [cached since 4104s ago] ('9e4dff02-6c29-426c-a11e-05216890a52f',)
INFO:     127.0.0.1:49245 - "GET /api/v1/tasks?column_id=9e4dff02-6c29-426c-a11e-05216890a52f HTTP/1.1" 200 OK
2026-02-01 17:16:54,305 INFO sqlalchemy.engine.Engine ROLLBACK
2026-02-01 17:16:55,392 INFO sqlalchemy.engine.Engine BEGIN (implicit)
2026-02-01 17:16:55,392 INFO sqlalchemy.engine.Engine SELECT users.id, users.email, users.password_hash, users.full_name, users.role, users.avatar_url, users.team_id, users.is_active, users.created_at, users.updated_at 
FROM users 
WHERE users.id = ?
2026-02-01 17:16:55,392 INFO sqlalchemy.engine.Engine [cached since 6336s ago] ('755784f9-c9f6-43e9-99ab-cf27b029380c',)
2026-02-01 17:16:55,395 INFO sqlalchemy.engine.Engine SELECT tasks.id, tasks.title, tasks.description, tasks.column_id, tasks.position, tasks.priority, tasks.assignee_id, tasks.creator_id, tasks.deadline, tasks.estimated_hours, tasks.actual_hours, tasks.tags, tasks.is_deleted, tasks.completed_at, tasks.created_at, tasks.updated_at, tasks.version 
FROM tasks 
WHERE tasks.column_id = ? AND tasks.is_deleted = 0 ORDER BY tasks.position
2026-02-01 17:16:55,396 INFO sqlalchemy.engine.Engine [cached since 4105s ago] ('9c84c781-c935-4974-9e6c-7504c4d83b80',)
INFO:     127.0.0.1:49245 - "GET /api/v1/tasks?column_id=9c84c781-c935-4974-9e6c-7504c4d83b80 HTTP/1.1" 200 OK
2026-02-01 17:16:55,397 INFO sqlalchemy.engine.Engine ROLLBACK
2026-02-01 17:16:55,746 INFO sqlalchemy.engine.Engine BEGIN (implicit)
2026-02-01 17:16:55,747 INFO sqlalchemy.engine.Engine SELECT users.id, users.email, users.password_hash, users.full_name, users.role, users.avatar_url, users.team_id, users.is_active, users.created_at, users.updated_at 
FROM users 
WHERE users.id = ?
2026-02-01 17:16:55,747 INFO sqlalchemy.engine.Engine [cached since 6337s ago] ('755784f9-c9f6-43e9-99ab-cf27b029380c',)
2026-02-01 17:16:55,750 INFO sqlalchemy.engine.Engine SELECT tasks.id, tasks.title, tasks.description, tasks.column_id, tasks.position, tasks.priority, tasks.assignee_id, tasks.creator_id, tasks.deadline, tasks.estimated_hours, tasks.actual_hours, tasks.tags, tasks.is_deleted, tasks.completed_at, tasks.created_at, tasks.updated_at, tasks.version 
FROM tasks 
WHERE tasks.column_id = ? AND tasks.is_deleted = 0 ORDER BY tasks.position
2026-02-01 17:16:55,750 INFO sqlalchemy.engine.Engine [cached since 4106s ago] ('46a0e8a7-cae7-4f40-aff1-e65a55d3fd9e',)
INFO:     127.0.0.1:49245 - "GET /api/v1/tasks?column_id=46a0e8a7-cae7-4f40-aff1-e65a55d3fd9e HTTP/1.1" 200 OK
2026-02-01 17:16:55,752 INFO sqlalchemy.engine.Engine ROLLBACK
2026-02-01 17:16:55,822 INFO sqlalchemy.engine.Engine BEGIN (implicit)
2026-02-01 17:16:55,822 INFO sqlalchemy.engine.Engine SELECT users.id, users.email, users.password_hash, users.full_name, users.role, users.avatar_url, users.team_id, users.is_active, users.created_at, users.updated_at 
FROM users 
WHERE users.id = ?
2026-02-01 17:16:55,823 INFO sqlalchemy.engine.Engine [cached since 6337s ago] ('755784f9-c9f6-43e9-99ab-cf27b029380c',)
2026-02-01 17:16:55,825 INFO sqlalchemy.engine.Engine SELECT tasks.id, tasks.title, tasks.description, tasks.column_id, tasks.position, tasks.priority, tasks.assignee_id, tasks.creator_id, tasks.deadline, tasks.estimated_hours, tasks.actual_hours, tasks.tags, tasks.is_deleted, tasks.completed_at, tasks.created_at, tasks.updated_at, tasks.version 
FROM tasks 
WHERE tasks.column_id = ? AND tasks.is_deleted = 0 ORDER BY tasks.position
2026-02-01 17:16:55,825 INFO sqlalchemy.engine.Engine [cached since 4106s ago] ('afe47e85-f43c-4789-8ff1-46df0f973fea',)
INFO:     127.0.0.1:49245 - "GET /api/v1/tasks?column_id=afe47e85-f43c-4789-8ff1-46df0f973fea HTTP/1.1" 200 OK
2026-02-01 17:16:55,828 INFO sqlalchemy.engine.Engine ROLLBACK
2026-02-01 17:18:09,863 INFO sqlalchemy.engine.Engine BEGIN (implicit)
2026-02-01 17:18:09,864 INFO sqlalchemy.engine.Engine SELECT users.id, users.email, users.password_hash, users.full_name, users.role, users.avatar_url, users.team_id, users.is_active, users.created_at, users.updated_at 
FROM users 
WHERE users.id = ?
2026-02-01 17:18:09,864 INFO sqlalchemy.engine.Engine [cached since 6411s ago] ('755784f9-c9f6-43e9-99ab-cf27b029380c',)
2026-02-01 17:18:10,232 INFO sqlalchemy.engine.Engine SELECT boards.id, boards.name, boards.description, boards.team_id, boards.is_default, boards.created_at, boards.updated_at 
FROM boards 
WHERE boards.team_id = ?
2026-02-01 17:18:10,232 INFO sqlalchemy.engine.Engine [cached since 4180s ago] ('ee2b0ac7-47ec-4b84-913e-cfc892ce0bb6',)
INFO:     127.0.0.1:49258 - "GET /api/v1/boards?team_id=ee2b0ac7-47ec-4b84-913e-cfc892ce0bb6 HTTP/1.1" 200 OK
2026-02-01 17:18:10,236 INFO sqlalchemy.engine.Engine ROLLBACK
2026-02-01 17:18:10,679 INFO sqlalchemy.engine.Engine BEGIN (implicit)
2026-02-01 17:18:10,679 INFO sqlalchemy.engine.Engine SELECT users.id, users.email, users.password_hash, users.full_name, users.role, users.avatar_url, users.team_id, users.is_active, users.created_at, users.updated_at 
FROM users 
WHERE users.id = ?
2026-02-01 17:18:10,679 INFO sqlalchemy.engine.Engine [cached since 6412s ago] ('755784f9-c9f6-43e9-99ab-cf27b029380c',)
2026-02-01 17:18:10,842 INFO sqlalchemy.engine.Engine SELECT columns.id, columns.name, columns.board_id, columns.position, columns.wip_limit, columns.color, columns.created_at, columns.updated_at 
FROM columns 
WHERE columns.board_id = ? ORDER BY columns.position
2026-02-01 17:18:10,842 INFO sqlalchemy.engine.Engine [cached since 4181s ago] ('d284c47c-7887-4664-b5c1-ce86835acddb',)
2026-02-01 17:18:10,869 INFO sqlalchemy.engine.Engine SELECT count(tasks.id) AS count_1 
FROM tasks 
WHERE tasks.column_id = ? AND tasks.is_deleted = 0
2026-02-01 17:18:10,869 INFO sqlalchemy.engine.Engine [cached since 4181s ago] ('61b35809-e629-409c-91db-08f7f428dcff',)
2026-02-01 17:18:10,872 INFO sqlalchemy.engine.Engine SELECT count(tasks.id) AS count_1 
FROM tasks 
WHERE tasks.column_id = ? AND tasks.is_deleted = 0
2026-02-01 17:18:10,873 INFO sqlalchemy.engine.Engine [cached since 4181s ago] ('9e4dff02-6c29-426c-a11e-05216890a52f',)
2026-02-01 17:18:10,875 INFO sqlalchemy.engine.Engine SELECT count(tasks.id) AS count_1 
FROM tasks 
WHERE tasks.column_id = ? AND tasks.is_deleted = 0
2026-02-01 17:18:10,875 INFO sqlalchemy.engine.Engine [cached since 4181s ago] ('9c84c781-c935-4974-9e6c-7504c4d83b80',)
2026-02-01 17:18:10,877 INFO sqlalchemy.engine.Engine SELECT count(tasks.id) AS count_1 
FROM tasks 
WHERE tasks.column_id = ? AND tasks.is_deleted = 0
2026-02-01 17:18:10,877 INFO sqlalchemy.engine.Engine [cached since 4181s ago] ('46a0e8a7-cae7-4f40-aff1-e65a55d3fd9e',)
2026-02-01 17:18:10,880 INFO sqlalchemy.engine.Engine SELECT count(tasks.id) AS count_1 
FROM tasks 
WHERE tasks.column_id = ? AND tasks.is_deleted = 0
2026-02-01 17:18:10,882 INFO sqlalchemy.engine.Engine [cached since 4181s ago] ('afe47e85-f43c-4789-8ff1-46df0f973fea',)
INFO:     127.0.0.1:49258 - "GET /api/v1/boards/d284c47c-7887-4664-b5c1-ce86835acddb/columns HTTP/1.1" 200 OK
2026-02-01 17:18:11,025 INFO sqlalchemy.engine.Engine ROLLBACK
2026-02-01 17:18:11,048 INFO sqlalchemy.engine.Engine BEGIN (implicit)
2026-02-01 17:18:11,048 INFO sqlalchemy.engine.Engine SELECT users.id, users.email, users.password_hash, users.full_name, users.role, users.avatar_url, users.team_id, users.is_active, users.created_at, users.updated_at 
FROM users 
WHERE users.id = ?
2026-02-01 17:18:11,048 INFO sqlalchemy.engine.Engine [cached since 6412s ago] ('755784f9-c9f6-43e9-99ab-cf27b029380c',)
2026-02-01 17:18:11,054 INFO sqlalchemy.engine.Engine SELECT tasks.id, tasks.title, tasks.description, tasks.column_id, tasks.position, tasks.priority, tasks.assignee_id, tasks.creator_id, tasks.deadline, tasks.estimated_hours, tasks.actual_hours, tasks.tags, tasks.is_deleted, tasks.completed_at, tasks.created_at, tasks.updated_at, tasks.version 
FROM tasks 
WHERE tasks.column_id = ? AND tasks.is_deleted = 0 ORDER BY tasks.position
2026-02-01 17:18:11,054 INFO sqlalchemy.engine.Engine [cached since 4181s ago] ('61b35809-e629-409c-91db-08f7f428dcff',)
INFO:     127.0.0.1:49258 - "GET /api/v1/tasks?column_id=61b35809-e629-409c-91db-08f7f428dcff HTTP/1.1" 200 OK
2026-02-01 17:18:11,056 INFO sqlalchemy.engine.Engine ROLLBACK
2026-02-01 17:18:11,072 INFO sqlalchemy.engine.Engine BEGIN (implicit)
2026-02-01 17:18:11,072 INFO sqlalchemy.engine.Engine SELECT users.id, users.email, users.password_hash, users.full_name, users.role, users.avatar_url, users.team_id, users.is_active, users.created_at, users.updated_at 
FROM users 
WHERE users.id = ?
2026-02-01 17:18:11,073 INFO sqlalchemy.engine.Engine [cached since 6412s ago] ('755784f9-c9f6-43e9-99ab-cf27b029380c',)
2026-02-01 17:18:11,080 INFO sqlalchemy.engine.Engine SELECT tasks.id, tasks.title, tasks.description, tasks.column_id, tasks.position, tasks.priority, tasks.assignee_id, tasks.creator_id, tasks.deadline, tasks.estimated_hours, tasks.actual_hours, tasks.tags, tasks.is_deleted, tasks.completed_at, tasks.created_at, tasks.updated_at, tasks.version 
FROM tasks 
WHERE tasks.column_id = ? AND tasks.is_deleted = 0 ORDER BY tasks.position
2026-02-01 17:18:11,080 INFO sqlalchemy.engine.Engine [cached since 4181s ago] ('9e4dff02-6c29-426c-a11e-05216890a52f',)
INFO:     127.0.0.1:49258 - "GET /api/v1/tasks?column_id=9e4dff02-6c29-426c-a11e-05216890a52f HTTP/1.1" 200 OK
2026-02-01 17:18:11,086 INFO sqlalchemy.engine.Engine ROLLBACK
2026-02-01 17:18:11,109 INFO sqlalchemy.engine.Engine BEGIN (implicit)
2026-02-01 17:18:11,110 INFO sqlalchemy.engine.Engine SELECT users.id, users.email, users.password_hash, users.full_name, users.role, users.avatar_url, users.team_id, users.is_active, users.created_at, users.updated_at 
FROM users 
WHERE users.id = ?
2026-02-01 17:18:11,110 INFO sqlalchemy.engine.Engine [cached since 6412s ago] ('755784f9-c9f6-43e9-99ab-cf27b029380c',)
2026-02-01 17:18:11,113 INFO sqlalchemy.engine.Engine SELECT tasks.id, tasks.title, tasks.description, tasks.column_id, tasks.position, tasks.priority, tasks.assignee_id, tasks.creator_id, tasks.deadline, tasks.estimated_hours, tasks.actual_hours, tasks.tags, tasks.is_deleted, tasks.completed_at, tasks.created_at, tasks.updated_at, tasks.version 
FROM tasks 
WHERE tasks.column_id = ? AND tasks.is_deleted = 0 ORDER BY tasks.position
2026-02-01 17:18:11,113 INFO sqlalchemy.engine.Engine [cached since 4181s ago] ('9c84c781-c935-4974-9e6c-7504c4d83b80',)
INFO:     127.0.0.1:49258 - "GET /api/v1/tasks?column_id=9c84c781-c935-4974-9e6c-7504c4d83b80 HTTP/1.1" 200 OK
2026-02-01 17:18:11,115 INFO sqlalchemy.engine.Engine ROLLBACK
2026-02-01 17:18:11,168 INFO sqlalchemy.engine.Engine BEGIN (implicit)
2026-02-01 17:18:11,169 INFO sqlalchemy.engine.Engine SELECT users.id, users.email, users.password_hash, users.full_name, users.role, users.avatar_url, users.team_id, users.is_active, users.created_at, users.updated_at 
FROM users 
WHERE users.id = ?
2026-02-01 17:18:11,169 INFO sqlalchemy.engine.Engine [cached since 6412s ago] ('755784f9-c9f6-43e9-99ab-cf27b029380c',)
2026-02-01 17:18:11,178 INFO sqlalchemy.engine.Engine SELECT tasks.id, tasks.title, tasks.description, tasks.column_id, tasks.position, tasks.priority, tasks.assignee_id, tasks.creator_id, tasks.deadline, tasks.estimated_hours, tasks.actual_hours, tasks.tags, tasks.is_deleted, tasks.completed_at, tasks.created_at, tasks.updated_at, tasks.version 
FROM tasks 
WHERE tasks.column_id = ? AND tasks.is_deleted = 0 ORDER BY tasks.position
2026-02-01 17:18:11,178 INFO sqlalchemy.engine.Engine [cached since 4181s ago] ('46a0e8a7-cae7-4f40-aff1-e65a55d3fd9e',)
INFO:     127.0.0.1:49258 - "GET /api/v1/tasks?column_id=46a0e8a7-cae7-4f40-aff1-e65a55d3fd9e HTTP/1.1" 200 OK
2026-02-01 17:18:11,205 INFO sqlalchemy.engine.Engine ROLLBACK
2026-02-01 17:18:11,226 INFO sqlalchemy.engine.Engine BEGIN (implicit)
2026-02-01 17:18:11,226 INFO sqlalchemy.engine.Engine SELECT users.id, users.email, users.password_hash, users.full_name, users.role, users.avatar_url, users.team_id, users.is_active, users.created_at, users.updated_at 
FROM users 
WHERE users.id = ?
2026-02-01 17:18:11,226 INFO sqlalchemy.engine.Engine [cached since 6412s ago] ('755784f9-c9f6-43e9-99ab-cf27b029380c',)
2026-02-01 17:18:11,232 INFO sqlalchemy.engine.Engine SELECT tasks.id, tasks.title, tasks.description, tasks.column_id, tasks.position, tasks.priority, tasks.assignee_id, tasks.creator_id, tasks.deadline, tasks.estimated_hours, tasks.actual_hours, tasks.tags, tasks.is_deleted, tasks.completed_at, tasks.created_at, tasks.updated_at, tasks.version 
FROM tasks 
WHERE tasks.column_id = ? AND tasks.is_deleted = 0 ORDER BY tasks.position
2026-02-01 17:18:11,233 INFO sqlalchemy.engine.Engine [cached since 4181s ago] ('afe47e85-f43c-4789-8ff1-46df0f973fea',)
INFO:     127.0.0.1:49258 - "GET /api/v1/tasks?column_id=afe47e85-f43c-4789-8ff1-46df0f973fea HTTP/1.1" 200 OK
2026-02-01 17:18:11,236 INFO sqlalchemy.engine.Engine ROLLBACK
2026-02-01 17:18:11,261 INFO sqlalchemy.engine.Engine BEGIN (implicit)
2026-02-01 17:18:11,262 INFO sqlalchemy.engine.Engine SELECT users.id, users.email, users.password_hash, users.full_name, users.role, users.avatar_url, users.team_id, users.is_active, users.created_at, users.updated_at 
FROM users 
WHERE users.id = ?
2026-02-01 17:18:11,262 INFO sqlalchemy.engine.Engine [cached since 6412s ago] ('755784f9-c9f6-43e9-99ab-cf27b029380c',)
2026-02-01 17:18:11,265 INFO sqlalchemy.engine.Engine SELECT boards.id, boards.name, boards.description, boards.team_id, boards.is_default, boards.created_at, boards.updated_at 
FROM boards 
WHERE boards.team_id = ?
2026-02-01 17:18:11,265 INFO sqlalchemy.engine.Engine [cached since 4181s ago] ('ee2b0ac7-47ec-4b84-913e-cfc892ce0bb6',)
INFO:     127.0.0.1:49258 - "GET /api/v1/boards?team_id=ee2b0ac7-47ec-4b84-913e-cfc892ce0bb6 HTTP/1.1" 200 OK
2026-02-01 17:18:11,268 INFO sqlalchemy.engine.Engine ROLLBACK
2026-02-01 17:18:11,290 INFO sqlalchemy.engine.Engine BEGIN (implicit)
2026-02-01 17:18:11,290 INFO sqlalchemy.engine.Engine SELECT users.id, users.email, users.password_hash, users.full_name, users.role, users.avatar_url, users.team_id, users.is_active, users.created_at, users.updated_at 
FROM users 
WHERE users.id = ?
2026-02-01 17:18:11,291 INFO sqlalchemy.engine.Engine [cached since 6412s ago] ('755784f9-c9f6-43e9-99ab-cf27b029380c',)
2026-02-01 17:18:11,294 INFO sqlalchemy.engine.Engine SELECT columns.id, columns.name, columns.board_id, columns.position, columns.wip_limit, columns.color, columns.created_at, columns.updated_at 
FROM columns 
WHERE columns.board_id = ? ORDER BY columns.position
2026-02-01 17:18:11,294 INFO sqlalchemy.engine.Engine [cached since 4181s ago] ('d284c47c-7887-4664-b5c1-ce86835acddb',)
2026-02-01 17:18:11,298 INFO sqlalchemy.engine.Engine SELECT count(tasks.id) AS count_1 
FROM tasks 
WHERE tasks.column_id = ? AND tasks.is_deleted = 0
2026-02-01 17:18:11,298 INFO sqlalchemy.engine.Engine [cached since 4181s ago] ('61b35809-e629-409c-91db-08f7f428dcff',)
2026-02-01 17:18:11,302 INFO sqlalchemy.engine.Engine SELECT count(tasks.id) AS count_1 
FROM tasks 
WHERE tasks.column_id = ? AND tasks.is_deleted = 0
2026-02-01 17:18:11,303 INFO sqlalchemy.engine.Engine [cached since 4181s ago] ('9e4dff02-6c29-426c-a11e-05216890a52f',)
2026-02-01 17:18:11,306 INFO sqlalchemy.engine.Engine SELECT count(tasks.id) AS count_1 
FROM tasks 
WHERE tasks.column_id = ? AND tasks.is_deleted = 0
2026-02-01 17:18:11,306 INFO sqlalchemy.engine.Engine [cached since 4181s ago] ('9c84c781-c935-4974-9e6c-7504c4d83b80',)
2026-02-01 17:18:11,352 INFO sqlalchemy.engine.Engine SELECT count(tasks.id) AS count_1 
FROM tasks 
WHERE tasks.column_id = ? AND tasks.is_deleted = 0
2026-02-01 17:18:11,352 INFO sqlalchemy.engine.Engine [cached since 4181s ago] ('46a0e8a7-cae7-4f40-aff1-e65a55d3fd9e',)
2026-02-01 17:18:11,354 INFO sqlalchemy.engine.Engine SELECT count(tasks.id) AS count_1 
FROM tasks 
WHERE tasks.column_id = ? AND tasks.is_deleted = 0
2026-02-01 17:18:11,354 INFO sqlalchemy.engine.Engine [cached since 4181s ago] ('afe47e85-f43c-4789-8ff1-46df0f973fea',)
INFO:     127.0.0.1:49258 - "GET /api/v1/boards/d284c47c-7887-4664-b5c1-ce86835acddb/columns HTTP/1.1" 200 OK
2026-02-01 17:18:11,357 INFO sqlalchemy.engine.Engine ROLLBACK
2026-02-01 17:18:12,091 INFO sqlalchemy.engine.Engine BEGIN (implicit)
2026-02-01 17:18:12,092 INFO sqlalchemy.engine.Engine SELECT users.id, users.email, users.password_hash, users.full_name, users.role, users.avatar_url, users.team_id, users.is_active, users.created_at, users.updated_at 
FROM users 
WHERE users.id = ?
2026-02-01 17:18:12,092 INFO sqlalchemy.engine.Engine [cached since 6413s ago] ('755784f9-c9f6-43e9-99ab-cf27b029380c',)
2026-02-01 17:18:12,135 INFO sqlalchemy.engine.Engine SELECT tasks.id, tasks.title, tasks.description, tasks.column_id, tasks.position, tasks.priority, tasks.assignee_id, tasks.creator_id, tasks.deadline, tasks.estimated_hours, tasks.actual_hours, tasks.tags, tasks.is_deleted, tasks.completed_at, tasks.created_at, tasks.updated_at, tasks.version 
FROM tasks 
WHERE tasks.column_id = ? AND tasks.is_deleted = 0 ORDER BY tasks.position
2026-02-01 17:18:12,135 INFO sqlalchemy.engine.Engine [cached since 4182s ago] ('61b35809-e629-409c-91db-08f7f428dcff',)
INFO:     127.0.0.1:49258 - "GET /api/v1/tasks?column_id=61b35809-e629-409c-91db-08f7f428dcff HTTP/1.1" 200 OK
2026-02-01 17:18:12,154 INFO sqlalchemy.engine.Engine ROLLBACK
2026-02-01 17:18:12,174 INFO sqlalchemy.engine.Engine BEGIN (implicit)
2026-02-01 17:18:12,174 INFO sqlalchemy.engine.Engine SELECT users.id, users.email, users.password_hash, users.full_name, users.role, users.avatar_url, users.team_id, users.is_active, users.created_at, users.updated_at 
FROM users 
WHERE users.id = ?
2026-02-01 17:18:12,174 INFO sqlalchemy.engine.Engine [cached since 6413s ago] ('755784f9-c9f6-43e9-99ab-cf27b029380c',)
2026-02-01 17:18:12,177 INFO sqlalchemy.engine.Engine SELECT tasks.id, tasks.title, tasks.description, tasks.column_id, tasks.position, tasks.priority, tasks.assignee_id, tasks.creator_id, tasks.deadline, tasks.estimated_hours, tasks.actual_hours, tasks.tags, tasks.is_deleted, tasks.completed_at, tasks.created_at, tasks.updated_at, tasks.version 
FROM tasks 
WHERE tasks.column_id = ? AND tasks.is_deleted = 0 ORDER BY tasks.position
2026-02-01 17:18:12,177 INFO sqlalchemy.engine.Engine [cached since 4182s ago] ('9e4dff02-6c29-426c-a11e-05216890a52f',)
INFO:     127.0.0.1:49258 - "GET /api/v1/tasks?column_id=9e4dff02-6c29-426c-a11e-05216890a52f HTTP/1.1" 200 OK
2026-02-01 17:18:12,179 INFO sqlalchemy.engine.Engine ROLLBACK
2026-02-01 17:18:12,199 INFO sqlalchemy.engine.Engine BEGIN (implicit)
2026-02-01 17:18:12,200 INFO sqlalchemy.engine.Engine SELECT users.id, users.email, users.password_hash, users.full_name, users.role, users.avatar_url, users.team_id, users.is_active, users.created_at, users.updated_at 
FROM users 
WHERE users.id = ?
2026-02-01 17:18:12,200 INFO sqlalchemy.engine.Engine [cached since 6413s ago] ('755784f9-c9f6-43e9-99ab-cf27b029380c',)
2026-02-01 17:18:12,218 INFO sqlalchemy.engine.Engine SELECT tasks.id, tasks.title, tasks.description, tasks.column_id, tasks.position, tasks.priority, tasks.assignee_id, tasks.creator_id, tasks.deadline, tasks.estimated_hours, tasks.actual_hours, tasks.tags, tasks.is_deleted, tasks.completed_at, tasks.created_at, tasks.updated_at, tasks.version 
FROM tasks 
WHERE tasks.column_id = ? AND tasks.is_deleted = 0 ORDER BY tasks.position
2026-02-01 17:18:12,218 INFO sqlalchemy.engine.Engine [cached since 4182s ago] ('9c84c781-c935-4974-9e6c-7504c4d83b80',)
INFO:     127.0.0.1:49258 - "GET /api/v1/tasks?column_id=9c84c781-c935-4974-9e6c-7504c4d83b80 HTTP/1.1" 200 OK
2026-02-01 17:18:12,257 INFO sqlalchemy.engine.Engine ROLLBACK
2026-02-01 17:18:12,273 INFO sqlalchemy.engine.Engine BEGIN (implicit)
2026-02-01 17:18:12,274 INFO sqlalchemy.engine.Engine SELECT users.id, users.email, users.password_hash, users.full_name, users.role, users.avatar_url, users.team_id, users.is_active, users.created_at, users.updated_at 
FROM users 
WHERE users.id = ?
2026-02-01 17:18:12,274 INFO sqlalchemy.engine.Engine [cached since 6413s ago] ('755784f9-c9f6-43e9-99ab-cf27b029380c',)
2026-02-01 17:18:12,276 INFO sqlalchemy.engine.Engine SELECT tasks.id, tasks.title, tasks.description, tasks.column_id, tasks.position, tasks.priority, tasks.assignee_id, tasks.creator_id, tasks.deadline, tasks.estimated_hours, tasks.actual_hours, tasks.tags, tasks.is_deleted, tasks.completed_at, tasks.created_at, tasks.updated_at, tasks.version 
FROM tasks 
WHERE tasks.column_id = ? AND tasks.is_deleted = 0 ORDER BY tasks.position
2026-02-01 17:18:12,276 INFO sqlalchemy.engine.Engine [cached since 4182s ago] ('46a0e8a7-cae7-4f40-aff1-e65a55d3fd9e',)
INFO:     127.0.0.1:49258 - "GET /api/v1/tasks?column_id=46a0e8a7-cae7-4f40-aff1-e65a55d3fd9e HTTP/1.1" 200 OK
2026-02-01 17:18:12,279 INFO sqlalchemy.engine.Engine ROLLBACK
2026-02-01 17:18:12,336 INFO sqlalchemy.engine.Engine BEGIN (implicit)
2026-02-01 17:18:12,336 INFO sqlalchemy.engine.Engine SELECT users.id, users.email, users.password_hash, users.full_name, users.role, users.avatar_url, users.team_id, users.is_active, users.created_at, users.updated_at 
FROM users 
WHERE users.id = ?
2026-02-01 17:18:12,336 INFO sqlalchemy.engine.Engine [cached since 6413s ago] ('755784f9-c9f6-43e9-99ab-cf27b029380c',)
2026-02-01 17:18:12,339 INFO sqlalchemy.engine.Engine SELECT tasks.id, tasks.title, tasks.description, tasks.column_id, tasks.position, tasks.priority, tasks.assignee_id, tasks.creator_id, tasks.deadline, tasks.estimated_hours, tasks.actual_hours, tasks.tags, tasks.is_deleted, tasks.completed_at, tasks.created_at, tasks.updated_at, tasks.version 
FROM tasks 
WHERE tasks.column_id = ? AND tasks.is_deleted = 0 ORDER BY tasks.position
2026-02-01 17:18:12,339 INFO sqlalchemy.engine.Engine [cached since 4182s ago] ('afe47e85-f43c-4789-8ff1-46df0f973fea',)
INFO:     127.0.0.1:49258 - "GET /api/v1/tasks?column_id=afe47e85-f43c-4789-8ff1-46df0f973fea HTTP/1.1" 200 OK
2026-02-01 17:18:12,364 INFO sqlalchemy.engine.Engine ROLLBACK
2026-02-01 17:25:43,077 INFO sqlalchemy.engine.Engine BEGIN (implicit)
2026-02-01 17:25:43,078 INFO sqlalchemy.engine.Engine SELECT users.id, users.email, users.password_hash, users.full_name, users.role, users.avatar_url, users.team_id, users.is_active, users.created_at, users.updated_at 
FROM users 
WHERE users.id = ?
2026-02-01 17:25:43,078 INFO sqlalchemy.engine.Engine [cached since 6864s ago] ('755784f9-c9f6-43e9-99ab-cf27b029380c',)
2026-02-01 17:25:43,081 INFO sqlalchemy.engine.Engine SELECT boards.id, boards.name, boards.description, boards.team_id, boards.is_default, boards.created_at, boards.updated_at 
FROM boards 
WHERE boards.team_id = ?
2026-02-01 17:25:43,081 INFO sqlalchemy.engine.Engine [cached since 4633s ago] ('ee2b0ac7-47ec-4b84-913e-cfc892ce0bb6',)
INFO:     127.0.0.1:57941 - "GET /api/v1/boards?team_id=ee2b0ac7-47ec-4b84-913e-cfc892ce0bb6 HTTP/1.1" 200 OK
2026-02-01 17:25:43,083 INFO sqlalchemy.engine.Engine ROLLBACK
2026-02-01 17:25:43,205 INFO sqlalchemy.engine.Engine BEGIN (implicit)
2026-02-01 17:25:43,205 INFO sqlalchemy.engine.Engine SELECT users.id, users.email, users.password_hash, users.full_name, users.role, users.avatar_url, users.team_id, users.is_active, users.created_at, users.updated_at 
FROM users 
WHERE users.id = ?
2026-02-01 17:25:43,205 INFO sqlalchemy.engine.Engine [cached since 6864s ago] ('755784f9-c9f6-43e9-99ab-cf27b029380c',)
2026-02-01 17:25:43,207 INFO sqlalchemy.engine.Engine SELECT columns.id, columns.name, columns.board_id, columns.position, columns.wip_limit, columns.color, columns.created_at, columns.updated_at 
FROM columns 
WHERE columns.board_id = ? ORDER BY columns.position
2026-02-01 17:25:43,207 INFO sqlalchemy.engine.Engine [cached since 4633s ago] ('d284c47c-7887-4664-b5c1-ce86835acddb',)
2026-02-01 17:25:43,209 INFO sqlalchemy.engine.Engine SELECT count(tasks.id) AS count_1 
FROM tasks 
WHERE tasks.column_id = ? AND tasks.is_deleted = 0
2026-02-01 17:25:43,210 INFO sqlalchemy.engine.Engine [cached since 4633s ago] ('61b35809-e629-409c-91db-08f7f428dcff',)
2026-02-01 17:25:43,211 INFO sqlalchemy.engine.Engine SELECT count(tasks.id) AS count_1 
FROM tasks 
WHERE tasks.column_id = ? AND tasks.is_deleted = 0
2026-02-01 17:25:43,211 INFO sqlalchemy.engine.Engine [cached since 4633s ago] ('9e4dff02-6c29-426c-a11e-05216890a52f',)
2026-02-01 17:25:43,213 INFO sqlalchemy.engine.Engine SELECT count(tasks.id) AS count_1 
FROM tasks 
WHERE tasks.column_id = ? AND tasks.is_deleted = 0
2026-02-01 17:25:43,214 INFO sqlalchemy.engine.Engine [cached since 4633s ago] ('9c84c781-c935-4974-9e6c-7504c4d83b80',)
2026-02-01 17:25:43,215 INFO sqlalchemy.engine.Engine SELECT count(tasks.id) AS count_1 
FROM tasks 
WHERE tasks.column_id = ? AND tasks.is_deleted = 0
2026-02-01 17:25:43,215 INFO sqlalchemy.engine.Engine [cached since 4633s ago] ('46a0e8a7-cae7-4f40-aff1-e65a55d3fd9e',)
2026-02-01 17:25:43,217 INFO sqlalchemy.engine.Engine SELECT count(tasks.id) AS count_1 
FROM tasks 
WHERE tasks.column_id = ? AND tasks.is_deleted = 0
2026-02-01 17:25:43,217 INFO sqlalchemy.engine.Engine [cached since 4633s ago] ('afe47e85-f43c-4789-8ff1-46df0f973fea',)
INFO:     127.0.0.1:57941 - "GET /api/v1/boards/d284c47c-7887-4664-b5c1-ce86835acddb/columns HTTP/1.1" 200 OK
2026-02-01 17:25:43,219 INFO sqlalchemy.engine.Engine ROLLBACK
2026-02-01 17:25:43,269 INFO sqlalchemy.engine.Engine BEGIN (implicit)
2026-02-01 17:25:43,269 INFO sqlalchemy.engine.Engine SELECT users.id, users.email, users.password_hash, users.full_name, users.role, users.avatar_url, users.team_id, users.is_active, users.created_at, users.updated_at 
FROM users 
WHERE users.id = ?
2026-02-01 17:25:43,269 INFO sqlalchemy.engine.Engine [cached since 6864s ago] ('755784f9-c9f6-43e9-99ab-cf27b029380c',)
2026-02-01 17:25:43,271 INFO sqlalchemy.engine.Engine SELECT tasks.id, tasks.title, tasks.description, tasks.column_id, tasks.position, tasks.priority, tasks.assignee_id, tasks.creator_id, tasks.deadline, tasks.estimated_hours, tasks.actual_hours, tasks.tags, tasks.is_deleted, tasks.completed_at, tasks.created_at, tasks.updated_at, tasks.version 
FROM tasks 
WHERE tasks.column_id = ? AND tasks.is_deleted = 0 ORDER BY tasks.position
2026-02-01 17:25:43,271 INFO sqlalchemy.engine.Engine [cached since 4633s ago] ('61b35809-e629-409c-91db-08f7f428dcff',)
INFO:     127.0.0.1:57941 - "GET /api/v1/tasks?column_id=61b35809-e629-409c-91db-08f7f428dcff HTTP/1.1" 200 OK
2026-02-01 17:25:43,274 INFO sqlalchemy.engine.Engine ROLLBACK
2026-02-01 17:25:43,299 INFO sqlalchemy.engine.Engine BEGIN (implicit)
2026-02-01 17:25:43,300 INFO sqlalchemy.engine.Engine SELECT users.id, users.email, users.password_hash, users.full_name, users.role, users.avatar_url, users.team_id, users.is_active, users.created_at, users.updated_at 
FROM users 
WHERE users.id = ?
2026-02-01 17:25:43,300 INFO sqlalchemy.engine.Engine [cached since 6864s ago] ('755784f9-c9f6-43e9-99ab-cf27b029380c',)
2026-02-01 17:25:43,305 INFO sqlalchemy.engine.Engine SELECT tasks.id, tasks.title, tasks.description, tasks.column_id, tasks.position, tasks.priority, tasks.assignee_id, tasks.creator_id, tasks.deadline, tasks.estimated_hours, tasks.actual_hours, tasks.tags, tasks.is_deleted, tasks.completed_at, tasks.created_at, tasks.updated_at, tasks.version 
FROM tasks 
WHERE tasks.column_id = ? AND tasks.is_deleted = 0 ORDER BY tasks.position
2026-02-01 17:25:43,306 INFO sqlalchemy.engine.Engine [cached since 4633s ago] ('9e4dff02-6c29-426c-a11e-05216890a52f',)
INFO:     127.0.0.1:57941 - "GET /api/v1/tasks?column_id=9e4dff02-6c29-426c-a11e-05216890a52f HTTP/1.1" 200 OK
2026-02-01 17:25:43,308 INFO sqlalchemy.engine.Engine ROLLBACK
2026-02-01 17:25:43,326 INFO sqlalchemy.engine.Engine BEGIN (implicit)
2026-02-01 17:25:43,326 INFO sqlalchemy.engine.Engine SELECT users.id, users.email, users.password_hash, users.full_name, users.role, users.avatar_url, users.team_id, users.is_active, users.created_at, users.updated_at 
FROM users 
WHERE users.id = ?
2026-02-01 17:25:43,326 INFO sqlalchemy.engine.Engine [cached since 6864s ago] ('755784f9-c9f6-43e9-99ab-cf27b029380c',)
2026-02-01 17:25:43,328 INFO sqlalchemy.engine.Engine SELECT tasks.id, tasks.title, tasks.description, tasks.column_id, tasks.position, tasks.priority, tasks.assignee_id, tasks.creator_id, tasks.deadline, tasks.estimated_hours, tasks.actual_hours, tasks.tags, tasks.is_deleted, tasks.completed_at, tasks.created_at, tasks.updated_at, tasks.version 
FROM tasks 
WHERE tasks.column_id = ? AND tasks.is_deleted = 0 ORDER BY tasks.position
2026-02-01 17:25:43,329 INFO sqlalchemy.engine.Engine [cached since 4633s ago] ('9c84c781-c935-4974-9e6c-7504c4d83b80',)
INFO:     127.0.0.1:57941 - "GET /api/v1/tasks?column_id=9c84c781-c935-4974-9e6c-7504c4d83b80 HTTP/1.1" 200 OK
2026-02-01 17:25:43,331 INFO sqlalchemy.engine.Engine ROLLBACK
2026-02-01 17:25:43,342 INFO sqlalchemy.engine.Engine BEGIN (implicit)
2026-02-01 17:25:43,343 INFO sqlalchemy.engine.Engine SELECT users.id, users.email, users.password_hash, users.full_name, users.role, users.avatar_url, users.team_id, users.is_active, users.created_at, users.updated_at 
FROM users 
WHERE users.id = ?
2026-02-01 17:25:43,343 INFO sqlalchemy.engine.Engine [cached since 6864s ago] ('755784f9-c9f6-43e9-99ab-cf27b029380c',)
2026-02-01 17:25:43,346 INFO sqlalchemy.engine.Engine SELECT tasks.id, tasks.title, tasks.description, tasks.column_id, tasks.position, tasks.priority, tasks.assignee_id, tasks.creator_id, tasks.deadline, tasks.estimated_hours, tasks.actual_hours, tasks.tags, tasks.is_deleted, tasks.completed_at, tasks.created_at, tasks.updated_at, tasks.version 
FROM tasks 
WHERE tasks.column_id = ? AND tasks.is_deleted = 0 ORDER BY tasks.position
2026-02-01 17:25:43,346 INFO sqlalchemy.engine.Engine [cached since 4633s ago] ('46a0e8a7-cae7-4f40-aff1-e65a55d3fd9e',)
INFO:     127.0.0.1:57941 - "GET /api/v1/tasks?column_id=46a0e8a7-cae7-4f40-aff1-e65a55d3fd9e HTTP/1.1" 200 OK
2026-02-01 17:25:43,349 INFO sqlalchemy.engine.Engine ROLLBACK
2026-02-01 17:25:43,404 INFO sqlalchemy.engine.Engine BEGIN (implicit)
2026-02-01 17:25:43,404 INFO sqlalchemy.engine.Engine SELECT users.id, users.email, users.password_hash, users.full_name, users.role, users.avatar_url, users.team_id, users.is_active, users.created_at, users.updated_at 
FROM users 
WHERE users.id = ?
2026-02-01 17:25:43,404 INFO sqlalchemy.engine.Engine [cached since 6864s ago] ('755784f9-c9f6-43e9-99ab-cf27b029380c',)
2026-02-01 17:25:43,407 INFO sqlalchemy.engine.Engine SELECT tasks.id, tasks.title, tasks.description, tasks.column_id, tasks.position, tasks.priority, tasks.assignee_id, tasks.creator_id, tasks.deadline, tasks.estimated_hours, tasks.actual_hours, tasks.tags, tasks.is_deleted, tasks.completed_at, tasks.created_at, tasks.updated_at, tasks.version 
FROM tasks 
WHERE tasks.column_id = ? AND tasks.is_deleted = 0 ORDER BY tasks.position
2026-02-01 17:25:43,407 INFO sqlalchemy.engine.Engine [cached since 4633s ago] ('afe47e85-f43c-4789-8ff1-46df0f973fea',)
INFO:     127.0.0.1:57941 - "GET /api/v1/tasks?column_id=afe47e85-f43c-4789-8ff1-46df0f973fea HTTP/1.1" 200 OK
2026-02-01 17:25:43,409 INFO sqlalchemy.engine.Engine ROLLBACK
2026-02-01 17:25:43,431 INFO sqlalchemy.engine.Engine BEGIN (implicit)
2026-02-01 17:25:43,431 INFO sqlalchemy.engine.Engine SELECT users.id, users.email, users.password_hash, users.full_name, users.role, users.avatar_url, users.team_id, users.is_active, users.created_at, users.updated_at 
FROM users 
WHERE users.id = ?
2026-02-01 17:25:43,431 INFO sqlalchemy.engine.Engine [cached since 6864s ago] ('755784f9-c9f6-43e9-99ab-cf27b029380c',)
2026-02-01 17:25:43,435 INFO sqlalchemy.engine.Engine SELECT boards.id, boards.name, boards.description, boards.team_id, boards.is_default, boards.created_at, boards.updated_at 
FROM boards 
WHERE boards.team_id = ?
2026-02-01 17:25:43,435 INFO sqlalchemy.engine.Engine [cached since 4634s ago] ('ee2b0ac7-47ec-4b84-913e-cfc892ce0bb6',)
INFO:     127.0.0.1:57941 - "GET /api/v1/boards?team_id=ee2b0ac7-47ec-4b84-913e-cfc892ce0bb6 HTTP/1.1" 200 OK
2026-02-01 17:25:43,437 INFO sqlalchemy.engine.Engine ROLLBACK
2026-02-01 17:25:43,468 INFO sqlalchemy.engine.Engine BEGIN (implicit)
2026-02-01 17:25:43,468 INFO sqlalchemy.engine.Engine SELECT users.id, users.email, users.password_hash, users.full_name, users.role, users.avatar_url, users.team_id, users.is_active, users.created_at, users.updated_at 
FROM users 
WHERE users.id = ?
2026-02-01 17:25:43,468 INFO sqlalchemy.engine.Engine [cached since 6864s ago] ('755784f9-c9f6-43e9-99ab-cf27b029380c',)
2026-02-01 17:25:43,471 INFO sqlalchemy.engine.Engine SELECT columns.id, columns.name, columns.board_id, columns.position, columns.wip_limit, columns.color, columns.created_at, columns.updated_at 
FROM columns 
WHERE columns.board_id = ? ORDER BY columns.position
2026-02-01 17:25:43,471 INFO sqlalchemy.engine.Engine [cached since 4634s ago] ('d284c47c-7887-4664-b5c1-ce86835acddb',)
2026-02-01 17:25:43,472 INFO sqlalchemy.engine.Engine SELECT count(tasks.id) AS count_1 
FROM tasks 
WHERE tasks.column_id = ? AND tasks.is_deleted = 0
2026-02-01 17:25:43,473 INFO sqlalchemy.engine.Engine [cached since 4634s ago] ('61b35809-e629-409c-91db-08f7f428dcff',)
2026-02-01 17:25:43,475 INFO sqlalchemy.engine.Engine SELECT count(tasks.id) AS count_1 
FROM tasks 
WHERE tasks.column_id = ? AND tasks.is_deleted = 0
2026-02-01 17:25:43,475 INFO sqlalchemy.engine.Engine [cached since 4634s ago] ('9e4dff02-6c29-426c-a11e-05216890a52f',)
2026-02-01 17:25:43,477 INFO sqlalchemy.engine.Engine SELECT count(tasks.id) AS count_1 
FROM tasks 
WHERE tasks.column_id = ? AND tasks.is_deleted = 0
2026-02-01 17:25:43,478 INFO sqlalchemy.engine.Engine [cached since 4634s ago] ('9c84c781-c935-4974-9e6c-7504c4d83b80',)
2026-02-01 17:25:43,480 INFO sqlalchemy.engine.Engine SELECT count(tasks.id) AS count_1 
FROM tasks 
WHERE tasks.column_id = ? AND tasks.is_deleted = 0
2026-02-01 17:25:43,480 INFO sqlalchemy.engine.Engine [cached since 4634s ago] ('46a0e8a7-cae7-4f40-aff1-e65a55d3fd9e',)
2026-02-01 17:25:43,483 INFO sqlalchemy.engine.Engine SELECT count(tasks.id) AS count_1 
FROM tasks 
WHERE tasks.column_id = ? AND tasks.is_deleted = 0
2026-02-01 17:25:43,483 INFO sqlalchemy.engine.Engine [cached since 4634s ago] ('afe47e85-f43c-4789-8ff1-46df0f973fea',)
INFO:     127.0.0.1:57941 - "GET /api/v1/boards/d284c47c-7887-4664-b5c1-ce86835acddb/columns HTTP/1.1" 200 OK
2026-02-01 17:25:43,485 INFO sqlalchemy.engine.Engine ROLLBACK
2026-02-01 17:25:43,547 INFO sqlalchemy.engine.Engine BEGIN (implicit)
2026-02-01 17:25:43,547 INFO sqlalchemy.engine.Engine SELECT users.id, users.email, users.password_hash, users.full_name, users.role, users.avatar_url, users.team_id, users.is_active, users.created_at, users.updated_at 
FROM users 
WHERE users.id = ?
2026-02-01 17:25:43,548 INFO sqlalchemy.engine.Engine [cached since 6864s ago] ('755784f9-c9f6-43e9-99ab-cf27b029380c',)
2026-02-01 17:25:43,550 INFO sqlalchemy.engine.Engine SELECT tasks.id, tasks.title, tasks.description, tasks.column_id, tasks.position, tasks.priority, tasks.assignee_id, tasks.creator_id, tasks.deadline, tasks.estimated_hours, tasks.actual_hours, tasks.tags, tasks.is_deleted, tasks.completed_at, tasks.created_at, tasks.updated_at, tasks.version 
FROM tasks 
WHERE tasks.column_id = ? AND tasks.is_deleted = 0 ORDER BY tasks.position
2026-02-01 17:25:43,550 INFO sqlalchemy.engine.Engine [cached since 4634s ago] ('61b35809-e629-409c-91db-08f7f428dcff',)
INFO:     127.0.0.1:57941 - "GET /api/v1/tasks?column_id=61b35809-e629-409c-91db-08f7f428dcff HTTP/1.1" 200 OK
2026-02-01 17:25:43,552 INFO sqlalchemy.engine.Engine ROLLBACK
2026-02-01 17:25:43,568 INFO sqlalchemy.engine.Engine BEGIN (implicit)
2026-02-01 17:25:43,568 INFO sqlalchemy.engine.Engine SELECT users.id, users.email, users.password_hash, users.full_name, users.role, users.avatar_url, users.team_id, users.is_active, users.created_at, users.updated_at 
FROM users 
WHERE users.id = ?
2026-02-01 17:25:43,568 INFO sqlalchemy.engine.Engine [cached since 6864s ago] ('755784f9-c9f6-43e9-99ab-cf27b029380c',)
2026-02-01 17:25:43,571 INFO sqlalchemy.engine.Engine SELECT tasks.id, tasks.title, tasks.description, tasks.column_id, tasks.position, tasks.priority, tasks.assignee_id, tasks.creator_id, tasks.deadline, tasks.estimated_hours, tasks.actual_hours, tasks.tags, tasks.is_deleted, tasks.completed_at, tasks.created_at, tasks.updated_at, tasks.version 
FROM tasks 
WHERE tasks.column_id = ? AND tasks.is_deleted = 0 ORDER BY tasks.position
2026-02-01 17:25:43,571 INFO sqlalchemy.engine.Engine [cached since 4634s ago] ('9e4dff02-6c29-426c-a11e-05216890a52f',)
INFO:     127.0.0.1:57941 - "GET /api/v1/tasks?column_id=9e4dff02-6c29-426c-a11e-05216890a52f HTTP/1.1" 200 OK
2026-02-01 17:25:43,573 INFO sqlalchemy.engine.Engine ROLLBACK
2026-02-01 17:25:43,587 INFO sqlalchemy.engine.Engine BEGIN (implicit)
2026-02-01 17:25:43,587 INFO sqlalchemy.engine.Engine SELECT users.id, users.email, users.password_hash, users.full_name, users.role, users.avatar_url, users.team_id, users.is_active, users.created_at, users.updated_at 
FROM users 
WHERE users.id = ?
2026-02-01 17:25:43,588 INFO sqlalchemy.engine.Engine [cached since 6864s ago] ('755784f9-c9f6-43e9-99ab-cf27b029380c',)
2026-02-01 17:25:43,590 INFO sqlalchemy.engine.Engine SELECT tasks.id, tasks.title, tasks.description, tasks.column_id, tasks.position, tasks.priority, tasks.assignee_id, tasks.creator_id, tasks.deadline, tasks.estimated_hours, tasks.actual_hours, tasks.tags, tasks.is_deleted, tasks.completed_at, tasks.created_at, tasks.updated_at, tasks.version 
FROM tasks 
WHERE tasks.column_id = ? AND tasks.is_deleted = 0 ORDER BY tasks.position
2026-02-01 17:25:43,590 INFO sqlalchemy.engine.Engine [cached since 4634s ago] ('9c84c781-c935-4974-9e6c-7504c4d83b80',)
INFO:     127.0.0.1:57941 - "GET /api/v1/tasks?column_id=9c84c781-c935-4974-9e6c-7504c4d83b80 HTTP/1.1" 200 OK
2026-02-01 17:25:43,592 INFO sqlalchemy.engine.Engine ROLLBACK
2026-02-01 17:25:43,654 INFO sqlalchemy.engine.Engine BEGIN (implicit)
2026-02-01 17:25:43,654 INFO sqlalchemy.engine.Engine SELECT users.id, users.email, users.password_hash, users.full_name, users.role, users.avatar_url, users.team_id, users.is_active, users.created_at, users.updated_at 
FROM users 
WHERE users.id = ?
2026-02-01 17:25:43,654 INFO sqlalchemy.engine.Engine [cached since 6864s ago] ('755784f9-c9f6-43e9-99ab-cf27b029380c',)
2026-02-01 17:25:43,656 INFO sqlalchemy.engine.Engine SELECT tasks.id, tasks.title, tasks.description, tasks.column_id, tasks.position, tasks.priority, tasks.assignee_id, tasks.creator_id, tasks.deadline, tasks.estimated_hours, tasks.actual_hours, tasks.tags, tasks.is_deleted, tasks.completed_at, tasks.created_at, tasks.updated_at, tasks.version 
FROM tasks 
WHERE tasks.column_id = ? AND tasks.is_deleted = 0 ORDER BY tasks.position
2026-02-01 17:25:43,656 INFO sqlalchemy.engine.Engine [cached since 4634s ago] ('46a0e8a7-cae7-4f40-aff1-e65a55d3fd9e',)
INFO:     127.0.0.1:57941 - "GET /api/v1/tasks?column_id=46a0e8a7-cae7-4f40-aff1-e65a55d3fd9e HTTP/1.1" 200 OK
2026-02-01 17:25:43,658 INFO sqlalchemy.engine.Engine ROLLBACK
2026-02-01 17:25:43,674 INFO sqlalchemy.engine.Engine BEGIN (implicit)
2026-02-01 17:25:43,674 INFO sqlalchemy.engine.Engine SELECT users.id, users.email, users.password_hash, users.full_name, users.role, users.avatar_url, users.team_id, users.is_active, users.created_at, users.updated_at 
FROM users 
WHERE users.id = ?
2026-02-01 17:25:43,674 INFO sqlalchemy.engine.Engine [cached since 6865s ago] ('755784f9-c9f6-43e9-99ab-cf27b029380c',)
2026-02-01 17:25:43,676 INFO sqlalchemy.engine.Engine SELECT tasks.id, tasks.title, tasks.description, tasks.column_id, tasks.position, tasks.priority, tasks.assignee_id, tasks.creator_id, tasks.deadline, tasks.estimated_hours, tasks.actual_hours, tasks.tags, tasks.is_deleted, tasks.completed_at, tasks.created_at, tasks.updated_at, tasks.version 
FROM tasks 
WHERE tasks.column_id = ? AND tasks.is_deleted = 0 ORDER BY tasks.position
2026-02-01 17:25:43,676 INFO sqlalchemy.engine.Engine [cached since 4634s ago] ('afe47e85-f43c-4789-8ff1-46df0f973fea',)
INFO:     127.0.0.1:57941 - "GET /api/v1/tasks?column_id=afe47e85-f43c-4789-8ff1-46df0f973fea HTTP/1.1" 200 OK
2026-02-01 17:25:43,678 INFO sqlalchemy.engine.Engine ROLLBACK
2026-02-01 17:25:46,080 INFO sqlalchemy.engine.Engine BEGIN (implicit)
2026-02-01 17:25:46,081 INFO sqlalchemy.engine.Engine SELECT users.id, users.email, users.password_hash, users.full_name, users.role, users.avatar_url, users.team_id, users.is_active, users.created_at, users.updated_at 
FROM users 
WHERE users.id = ?
2026-02-01 17:25:46,081 INFO sqlalchemy.engine.Engine [cached since 6867s ago] ('755784f9-c9f6-43e9-99ab-cf27b029380c',)
2026-02-01 17:25:46,083 INFO sqlalchemy.engine.Engine SELECT boards.id, boards.name, boards.description, boards.team_id, boards.is_default, boards.created_at, boards.updated_at 
FROM boards 
WHERE boards.team_id = ?
2026-02-01 17:25:46,083 INFO sqlalchemy.engine.Engine [cached since 4636s ago] ('ee2b0ac7-47ec-4b84-913e-cfc892ce0bb6',)
INFO:     127.0.0.1:57941 - "GET /api/v1/boards?team_id=ee2b0ac7-47ec-4b84-913e-cfc892ce0bb6 HTTP/1.1" 200 OK
2026-02-01 17:25:46,087 INFO sqlalchemy.engine.Engine ROLLBACK
2026-02-01 17:25:46,104 INFO sqlalchemy.engine.Engine BEGIN (implicit)
2026-02-01 17:25:46,105 INFO sqlalchemy.engine.Engine SELECT users.id, users.email, users.password_hash, users.full_name, users.role, users.avatar_url, users.team_id, users.is_active, users.created_at, users.updated_at 
FROM users 
WHERE users.id = ?
2026-02-01 17:25:46,105 INFO sqlalchemy.engine.Engine [cached since 6867s ago] ('755784f9-c9f6-43e9-99ab-cf27b029380c',)
2026-02-01 17:25:46,107 INFO sqlalchemy.engine.Engine SELECT columns.id, columns.name, columns.board_id, columns.position, columns.wip_limit, columns.color, columns.created_at, columns.updated_at 
FROM columns 
WHERE columns.board_id = ? ORDER BY columns.position
2026-02-01 17:25:46,107 INFO sqlalchemy.engine.Engine [cached since 4636s ago] ('d284c47c-7887-4664-b5c1-ce86835acddb',)
2026-02-01 17:25:46,109 INFO sqlalchemy.engine.Engine SELECT count(tasks.id) AS count_1 
FROM tasks 
WHERE tasks.column_id = ? AND tasks.is_deleted = 0
2026-02-01 17:25:46,109 INFO sqlalchemy.engine.Engine [cached since 4636s ago] ('61b35809-e629-409c-91db-08f7f428dcff',)
2026-02-01 17:25:46,111 INFO sqlalchemy.engine.Engine SELECT count(tasks.id) AS count_1 
FROM tasks 
WHERE tasks.column_id = ? AND tasks.is_deleted = 0
2026-02-01 17:25:46,111 INFO sqlalchemy.engine.Engine [cached since 4636s ago] ('9e4dff02-6c29-426c-a11e-05216890a52f',)
2026-02-01 17:25:46,113 INFO sqlalchemy.engine.Engine SELECT count(tasks.id) AS count_1 
FROM tasks 
WHERE tasks.column_id = ? AND tasks.is_deleted = 0
2026-02-01 17:25:46,113 INFO sqlalchemy.engine.Engine [cached since 4636s ago] ('9c84c781-c935-4974-9e6c-7504c4d83b80',)
2026-02-01 17:25:46,116 INFO sqlalchemy.engine.Engine SELECT count(tasks.id) AS count_1 
FROM tasks 
WHERE tasks.column_id = ? AND tasks.is_deleted = 0
2026-02-01 17:25:46,116 INFO sqlalchemy.engine.Engine [cached since 4636s ago] ('46a0e8a7-cae7-4f40-aff1-e65a55d3fd9e',)
2026-02-01 17:25:46,118 INFO sqlalchemy.engine.Engine SELECT count(tasks.id) AS count_1 
FROM tasks 
WHERE tasks.column_id = ? AND tasks.is_deleted = 0
2026-02-01 17:25:46,118 INFO sqlalchemy.engine.Engine [cached since 4636s ago] ('afe47e85-f43c-4789-8ff1-46df0f973fea',)
INFO:     127.0.0.1:57941 - "GET /api/v1/boards/d284c47c-7887-4664-b5c1-ce86835acddb/columns HTTP/1.1" 200 OK
2026-02-01 17:25:46,121 INFO sqlalchemy.engine.Engine ROLLBACK
2026-02-01 17:25:46,186 INFO sqlalchemy.engine.Engine BEGIN (implicit)
2026-02-01 17:25:46,187 INFO sqlalchemy.engine.Engine SELECT users.id, users.email, users.password_hash, users.full_name, users.role, users.avatar_url, users.team_id, users.is_active, users.created_at, users.updated_at 
FROM users 
WHERE users.id = ?
2026-02-01 17:25:46,187 INFO sqlalchemy.engine.Engine [cached since 6867s ago] ('755784f9-c9f6-43e9-99ab-cf27b029380c',)
2026-02-01 17:25:46,189 INFO sqlalchemy.engine.Engine SELECT tasks.id, tasks.title, tasks.description, tasks.column_id, tasks.position, tasks.priority, tasks.assignee_id, tasks.creator_id, tasks.deadline, tasks.estimated_hours, tasks.actual_hours, tasks.tags, tasks.is_deleted, tasks.completed_at, tasks.created_at, tasks.updated_at, tasks.version 
FROM tasks 
WHERE tasks.column_id = ? AND tasks.is_deleted = 0 ORDER BY tasks.position
2026-02-01 17:25:46,189 INFO sqlalchemy.engine.Engine [cached since 4636s ago] ('61b35809-e629-409c-91db-08f7f428dcff',)
INFO:     127.0.0.1:57941 - "GET /api/v1/tasks?column_id=61b35809-e629-409c-91db-08f7f428dcff HTTP/1.1" 200 OK
2026-02-01 17:25:46,192 INFO sqlalchemy.engine.Engine ROLLBACK
2026-02-01 17:25:46,212 INFO sqlalchemy.engine.Engine BEGIN (implicit)
2026-02-01 17:25:46,212 INFO sqlalchemy.engine.Engine SELECT users.id, users.email, users.password_hash, users.full_name, users.role, users.avatar_url, users.team_id, users.is_active, users.created_at, users.updated_at 
FROM users 
WHERE users.id = ?
2026-02-01 17:25:46,212 INFO sqlalchemy.engine.Engine [cached since 6867s ago] ('755784f9-c9f6-43e9-99ab-cf27b029380c',)
2026-02-01 17:25:46,214 INFO sqlalchemy.engine.Engine SELECT tasks.id, tasks.title, tasks.description, tasks.column_id, tasks.position, tasks.priority, tasks.assignee_id, tasks.creator_id, tasks.deadline, tasks.estimated_hours, tasks.actual_hours, tasks.tags, tasks.is_deleted, tasks.completed_at, tasks.created_at, tasks.updated_at, tasks.version 
FROM tasks 
WHERE tasks.column_id = ? AND tasks.is_deleted = 0 ORDER BY tasks.position
2026-02-01 17:25:46,214 INFO sqlalchemy.engine.Engine [cached since 4636s ago] ('9e4dff02-6c29-426c-a11e-05216890a52f',)
INFO:     127.0.0.1:57941 - "GET /api/v1/tasks?column_id=9e4dff02-6c29-426c-a11e-05216890a52f HTTP/1.1" 200 OK
2026-02-01 17:25:46,216 INFO sqlalchemy.engine.Engine ROLLBACK
2026-02-01 17:25:46,227 INFO sqlalchemy.engine.Engine BEGIN (implicit)
2026-02-01 17:25:46,227 INFO sqlalchemy.engine.Engine SELECT users.id, users.email, users.password_hash, users.full_name, users.role, users.avatar_url, users.team_id, users.is_active, users.created_at, users.updated_at 
FROM users 
WHERE users.id = ?
2026-02-01 17:25:46,227 INFO sqlalchemy.engine.Engine [cached since 6867s ago] ('755784f9-c9f6-43e9-99ab-cf27b029380c',)
2026-02-01 17:25:46,229 INFO sqlalchemy.engine.Engine SELECT tasks.id, tasks.title, tasks.description, tasks.column_id, tasks.position, tasks.priority, tasks.assignee_id, tasks.creator_id, tasks.deadline, tasks.estimated_hours, tasks.actual_hours, tasks.tags, tasks.is_deleted, tasks.completed_at, tasks.created_at, tasks.updated_at, tasks.version 
FROM tasks 
WHERE tasks.column_id = ? AND tasks.is_deleted = 0 ORDER BY tasks.position
2026-02-01 17:25:46,230 INFO sqlalchemy.engine.Engine [cached since 4636s ago] ('9c84c781-c935-4974-9e6c-7504c4d83b80',)
INFO:     127.0.0.1:57941 - "GET /api/v1/tasks?column_id=9c84c781-c935-4974-9e6c-7504c4d83b80 HTTP/1.1" 200 OK
2026-02-01 17:25:46,231 INFO sqlalchemy.engine.Engine ROLLBACK
2026-02-01 17:25:46,288 INFO sqlalchemy.engine.Engine BEGIN (implicit)
2026-02-01 17:25:46,289 INFO sqlalchemy.engine.Engine SELECT users.id, users.email, users.password_hash, users.full_name, users.role, users.avatar_url, users.team_id, users.is_active, users.created_at, users.updated_at 
FROM users 
WHERE users.id = ?
2026-02-01 17:25:46,289 INFO sqlalchemy.engine.Engine [cached since 6867s ago] ('755784f9-c9f6-43e9-99ab-cf27b029380c',)
2026-02-01 17:25:46,291 INFO sqlalchemy.engine.Engine SELECT tasks.id, tasks.title, tasks.description, tasks.column_id, tasks.position, tasks.priority, tasks.assignee_id, tasks.creator_id, tasks.deadline, tasks.estimated_hours, tasks.actual_hours, tasks.tags, tasks.is_deleted, tasks.completed_at, tasks.created_at, tasks.updated_at, tasks.version 
FROM tasks 
WHERE tasks.column_id = ? AND tasks.is_deleted = 0 ORDER BY tasks.position
2026-02-01 17:25:46,291 INFO sqlalchemy.engine.Engine [cached since 4636s ago] ('46a0e8a7-cae7-4f40-aff1-e65a55d3fd9e',)
INFO:     127.0.0.1:57941 - "GET /api/v1/tasks?column_id=46a0e8a7-cae7-4f40-aff1-e65a55d3fd9e HTTP/1.1" 200 OK
2026-02-01 17:25:46,293 INFO sqlalchemy.engine.Engine ROLLBACK
2026-02-01 17:25:46,311 INFO sqlalchemy.engine.Engine BEGIN (implicit)
2026-02-01 17:25:46,311 INFO sqlalchemy.engine.Engine SELECT users.id, users.email, users.password_hash, users.full_name, users.role, users.avatar_url, users.team_id, users.is_active, users.created_at, users.updated_at 
FROM users 
WHERE users.id = ?
2026-02-01 17:25:46,311 INFO sqlalchemy.engine.Engine [cached since 6867s ago] ('755784f9-c9f6-43e9-99ab-cf27b029380c',)
2026-02-01 17:25:46,313 INFO sqlalchemy.engine.Engine SELECT tasks.id, tasks.title, tasks.description, tasks.column_id, tasks.position, tasks.priority, tasks.assignee_id, tasks.creator_id, tasks.deadline, tasks.estimated_hours, tasks.actual_hours, tasks.tags, tasks.is_deleted, tasks.completed_at, tasks.created_at, tasks.updated_at, tasks.version 
FROM tasks 
WHERE tasks.column_id = ? AND tasks.is_deleted = 0 ORDER BY tasks.position
2026-02-01 17:25:46,313 INFO sqlalchemy.engine.Engine [cached since 4636s ago] ('afe47e85-f43c-4789-8ff1-46df0f973fea',)
INFO:     127.0.0.1:57941 - "GET /api/v1/tasks?column_id=afe47e85-f43c-4789-8ff1-46df0f973fea HTTP/1.1" 200 OK
2026-02-01 17:25:46,316 INFO sqlalchemy.engine.Engine ROLLBACK
2026-02-01 17:25:57,416 INFO sqlalchemy.engine.Engine BEGIN (implicit)
2026-02-01 17:25:57,416 INFO sqlalchemy.engine.Engine SELECT users.id, users.email, users.password_hash, users.full_name, users.role, users.avatar_url, users.team_id, users.is_active, users.created_at, users.updated_at 
FROM users 
WHERE users.id = ?
2026-02-01 17:25:57,416 INFO sqlalchemy.engine.Engine [cached since 6878s ago] ('755784f9-c9f6-43e9-99ab-cf27b029380c',)
2026-02-01 17:25:57,419 INFO sqlalchemy.engine.Engine SELECT columns.id, columns.name, columns.board_id, columns.position, columns.wip_limit, columns.color, columns.created_at, columns.updated_at 
FROM columns 
WHERE columns.id = ?
2026-02-01 17:25:57,419 INFO sqlalchemy.engine.Engine [generated in 0.00025s] ('61b35809-e629-409c-91db-08f7f428dcff',)
2026-02-01 17:25:57,423 INFO sqlalchemy.engine.Engine SELECT max(tasks.position) AS max_1 
FROM tasks 
WHERE tasks.column_id = ?
2026-02-01 17:25:57,423 INFO sqlalchemy.engine.Engine [generated in 0.00025s] ('61b35809-e629-409c-91db-08f7f428dcff',)
2026-02-01 17:25:57,428 INFO sqlalchemy.engine.Engine INSERT INTO tasks (id, title, description, column_id, position, priority, assignee_id, creator_id, deadline, estimated_hours, actual_hours, tags, is_deleted, completed_at, created_at, updated_at, version) VALUES (?, ?, ?, ?, ?, ?, ?, ?, ?, ?, ?, ?, ?, ?, ?, ?, ?)
2026-02-01 17:25:57,428 INFO sqlalchemy.engine.Engine [generated in 0.00065s] ('79822a6b-76cc-4e90-b0fa-5eff96f5e35d', 'dddd', 'dddddd', '61b35809-e629-409c-91db-08f7f428dcff', 1, 'medium', None, '755784f9-c9f6-43e9-99ab-cf27b029380c', None, None, None, '[]', 0, None, '2026-02-01 15:25:57.428006', '2026-02-01 15:25:57.428009', 0)
2026-02-01 17:25:57,455 INFO sqlalchemy.engine.Engine COMMIT
2026-02-01 17:25:57,650 INFO sqlalchemy.engine.Engine BEGIN (implicit)
2026-02-01 17:25:57,651 INFO sqlalchemy.engine.Engine SELECT tasks.id 
FROM tasks 
WHERE tasks.id = ?
2026-02-01 17:25:57,651 INFO sqlalchemy.engine.Engine [generated in 0.00032s] ('79822a6b-76cc-4e90-b0fa-5eff96f5e35d',)
2026-02-01 17:25:57,657 INFO sqlalchemy.engine.Engine SELECT labels.id AS labels_id, labels.name AS labels_name, labels.color AS labels_color, labels.team_id AS labels_team_id, labels.created_at AS labels_created_at 
FROM labels, task_labels 
WHERE ? = task_labels.task_id AND labels.id = task_labels.label_id
2026-02-01 17:25:57,657 INFO sqlalchemy.engine.Engine [generated in 0.00039s] ('79822a6b-76cc-4e90-b0fa-5eff96f5e35d',)
INFO:     127.0.0.1:57942 - "POST /api/v1/tasks HTTP/1.1" 200 OK
2026-02-01 17:25:57,661 INFO sqlalchemy.engine.Engine ROLLBACK
2026-02-01 17:33:51,488 INFO sqlalchemy.engine.Engine BEGIN (implicit)
2026-02-01 17:33:51,488 INFO sqlalchemy.engine.Engine SELECT users.id, users.email, users.password_hash, users.full_name, users.role, users.avatar_url, users.team_id, users.is_active, users.created_at, users.updated_at 
FROM users 
WHERE users.id = ?
2026-02-01 17:33:51,488 INFO sqlalchemy.engine.Engine [cached since 7352s ago] ('755784f9-c9f6-43e9-99ab-cf27b029380c',)
2026-02-01 17:33:52,236 INFO sqlalchemy.engine.Engine SELECT boards.id, boards.name, boards.description, boards.team_id, boards.is_default, boards.created_at, boards.updated_at 
FROM boards 
WHERE boards.team_id = ?
2026-02-01 17:33:52,236 INFO sqlalchemy.engine.Engine [cached since 5122s ago] ('ee2b0ac7-47ec-4b84-913e-cfc892ce0bb6',)
INFO:     127.0.0.1:55847 - "GET /api/v1/boards?team_id=ee2b0ac7-47ec-4b84-913e-cfc892ce0bb6 HTTP/1.1" 200 OK
2026-02-01 17:33:52,240 INFO sqlalchemy.engine.Engine ROLLBACK
2026-02-01 17:33:52,341 INFO sqlalchemy.engine.Engine BEGIN (implicit)
2026-02-01 17:33:52,341 INFO sqlalchemy.engine.Engine SELECT users.id, users.email, users.password_hash, users.full_name, users.role, users.avatar_url, users.team_id, users.is_active, users.created_at, users.updated_at 
FROM users 
WHERE users.id = ?
2026-02-01 17:33:52,481 INFO sqlalchemy.engine.Engine [cached since 7353s ago] ('755784f9-c9f6-43e9-99ab-cf27b029380c',)
2026-02-01 17:33:52,542 INFO sqlalchemy.engine.Engine SELECT columns.id, columns.name, columns.board_id, columns.position, columns.wip_limit, columns.color, columns.created_at, columns.updated_at 
FROM columns 
WHERE columns.board_id = ? ORDER BY columns.position
2026-02-01 17:33:52,542 INFO sqlalchemy.engine.Engine [cached since 5123s ago] ('d284c47c-7887-4664-b5c1-ce86835acddb',)
2026-02-01 17:33:52,552 INFO sqlalchemy.engine.Engine SELECT count(tasks.id) AS count_1 
FROM tasks 
WHERE tasks.column_id = ? AND tasks.is_deleted = 0
2026-02-01 17:33:52,552 INFO sqlalchemy.engine.Engine [cached since 5123s ago] ('61b35809-e629-409c-91db-08f7f428dcff',)
2026-02-01 17:33:52,556 INFO sqlalchemy.engine.Engine SELECT count(tasks.id) AS count_1 
FROM tasks 
WHERE tasks.column_id = ? AND tasks.is_deleted = 0
2026-02-01 17:33:52,557 INFO sqlalchemy.engine.Engine [cached since 5123s ago] ('9e4dff02-6c29-426c-a11e-05216890a52f',)
2026-02-01 17:33:52,566 INFO sqlalchemy.engine.Engine SELECT count(tasks.id) AS count_1 
FROM tasks 
WHERE tasks.column_id = ? AND tasks.is_deleted = 0
2026-02-01 17:33:52,566 INFO sqlalchemy.engine.Engine [cached since 5123s ago] ('9c84c781-c935-4974-9e6c-7504c4d83b80',)
2026-02-01 17:33:52,702 INFO sqlalchemy.engine.Engine SELECT count(tasks.id) AS count_1 
FROM tasks 
WHERE tasks.column_id = ? AND tasks.is_deleted = 0
2026-02-01 17:33:52,703 INFO sqlalchemy.engine.Engine [cached since 5123s ago] ('46a0e8a7-cae7-4f40-aff1-e65a55d3fd9e',)
2026-02-01 17:33:52,823 INFO sqlalchemy.engine.Engine SELECT count(tasks.id) AS count_1 
FROM tasks 
WHERE tasks.column_id = ? AND tasks.is_deleted = 0
2026-02-01 17:33:52,823 INFO sqlalchemy.engine.Engine [cached since 5123s ago] ('afe47e85-f43c-4789-8ff1-46df0f973fea',)
INFO:     127.0.0.1:55847 - "GET /api/v1/boards/d284c47c-7887-4664-b5c1-ce86835acddb/columns HTTP/1.1" 200 OK
2026-02-01 17:33:52,875 INFO sqlalchemy.engine.Engine ROLLBACK
2026-02-01 17:33:52,922 INFO sqlalchemy.engine.Engine BEGIN (implicit)
2026-02-01 17:33:52,922 INFO sqlalchemy.engine.Engine SELECT users.id, users.email, users.password_hash, users.full_name, users.role, users.avatar_url, users.team_id, users.is_active, users.created_at, users.updated_at 
FROM users 
WHERE users.id = ?
2026-02-01 17:33:52,923 INFO sqlalchemy.engine.Engine [cached since 7354s ago] ('755784f9-c9f6-43e9-99ab-cf27b029380c',)
2026-02-01 17:33:52,925 INFO sqlalchemy.engine.Engine SELECT tasks.id, tasks.title, tasks.description, tasks.column_id, tasks.position, tasks.priority, tasks.assignee_id, tasks.creator_id, tasks.deadline, tasks.estimated_hours, tasks.actual_hours, tasks.tags, tasks.is_deleted, tasks.completed_at, tasks.created_at, tasks.updated_at, tasks.version 
FROM tasks 
WHERE tasks.column_id = ? AND tasks.is_deleted = 0 ORDER BY tasks.position
2026-02-01 17:33:52,925 INFO sqlalchemy.engine.Engine [cached since 5123s ago] ('61b35809-e629-409c-91db-08f7f428dcff',)
2026-02-01 17:33:52,967 INFO sqlalchemy.engine.Engine SELECT tasks_1.id AS tasks_1_id, labels.id AS labels_id, labels.name AS labels_name, labels.color AS labels_color, labels.team_id AS labels_team_id, labels.created_at AS labels_created_at 
FROM tasks AS tasks_1 JOIN task_labels AS task_labels_1 ON tasks_1.id = task_labels_1.task_id JOIN labels ON labels.id = task_labels_1.label_id 
WHERE tasks_1.id IN (?)
2026-02-01 17:33:52,967 INFO sqlalchemy.engine.Engine [generated in 0.00036s] ('79822a6b-76cc-4e90-b0fa-5eff96f5e35d',)
2026-02-01 17:33:52,995 INFO sqlalchemy.engine.Engine SELECT users.id AS users_id, users.email AS users_email, users.password_hash AS users_password_hash, users.full_name AS users_full_name, users.role AS users_role, users.avatar_url AS users_avatar_url, users.team_id AS users_team_id, users.is_active AS users_is_active, users.created_at AS users_created_at, users.updated_at AS users_updated_at 
FROM users 
WHERE users.id IN (?)
2026-02-01 17:33:52,995 INFO sqlalchemy.engine.Engine [generated in 0.00041s] ('755784f9-c9f6-43e9-99ab-cf27b029380c',)
INFO:     127.0.0.1:55847 - "GET /api/v1/tasks?column_id=61b35809-e629-409c-91db-08f7f428dcff HTTP/1.1" 200 OK
2026-02-01 17:33:52,999 INFO sqlalchemy.engine.Engine ROLLBACK
2026-02-01 17:33:53,134 INFO sqlalchemy.engine.Engine BEGIN (implicit)
2026-02-01 17:33:53,135 INFO sqlalchemy.engine.Engine SELECT users.id, users.email, users.password_hash, users.full_name, users.role, users.avatar_url, users.team_id, users.is_active, users.created_at, users.updated_at 
FROM users 
WHERE users.id = ?
2026-02-01 17:33:53,135 INFO sqlalchemy.engine.Engine [cached since 7354s ago] ('755784f9-c9f6-43e9-99ab-cf27b029380c',)
2026-02-01 17:33:53,141 INFO sqlalchemy.engine.Engine SELECT boards.id, boards.name, boards.description, boards.team_id, boards.is_default, boards.created_at, boards.updated_at 
FROM boards 
WHERE boards.team_id = ?
2026-02-01 17:33:53,141 INFO sqlalchemy.engine.Engine [cached since 5123s ago] ('ee2b0ac7-47ec-4b84-913e-cfc892ce0bb6',)
INFO:     127.0.0.1:55847 - "GET /api/v1/boards?team_id=ee2b0ac7-47ec-4b84-913e-cfc892ce0bb6 HTTP/1.1" 200 OK
2026-02-01 17:33:53,148 INFO sqlalchemy.engine.Engine ROLLBACK
2026-02-01 17:33:53,167 INFO sqlalchemy.engine.Engine BEGIN (implicit)
2026-02-01 17:33:53,167 INFO sqlalchemy.engine.Engine SELECT users.id, users.email, users.password_hash, users.full_name, users.role, users.avatar_url, users.team_id, users.is_active, users.created_at, users.updated_at 
FROM users 
WHERE users.id = ?
2026-02-01 17:33:53,167 INFO sqlalchemy.engine.Engine [cached since 7354s ago] ('755784f9-c9f6-43e9-99ab-cf27b029380c',)
2026-02-01 17:33:53,171 INFO sqlalchemy.engine.Engine SELECT columns.id, columns.name, columns.board_id, columns.position, columns.wip_limit, columns.color, columns.created_at, columns.updated_at 
FROM columns 
WHERE columns.board_id = ? ORDER BY columns.position
2026-02-01 17:33:53,171 INFO sqlalchemy.engine.Engine [cached since 5123s ago] ('d284c47c-7887-4664-b5c1-ce86835acddb',)
2026-02-01 17:33:53,173 INFO sqlalchemy.engine.Engine SELECT count(tasks.id) AS count_1 
FROM tasks 
WHERE tasks.column_id = ? AND tasks.is_deleted = 0
2026-02-01 17:33:53,173 INFO sqlalchemy.engine.Engine [cached since 5123s ago] ('61b35809-e629-409c-91db-08f7f428dcff',)
2026-02-01 17:33:53,176 INFO sqlalchemy.engine.Engine SELECT count(tasks.id) AS count_1 
FROM tasks 
WHERE tasks.column_id = ? AND tasks.is_deleted = 0
2026-02-01 17:33:53,176 INFO sqlalchemy.engine.Engine [cached since 5123s ago] ('9e4dff02-6c29-426c-a11e-05216890a52f',)
2026-02-01 17:33:53,178 INFO sqlalchemy.engine.Engine SELECT count(tasks.id) AS count_1 
FROM tasks 
WHERE tasks.column_id = ? AND tasks.is_deleted = 0
2026-02-01 17:33:53,179 INFO sqlalchemy.engine.Engine [cached since 5123s ago] ('9c84c781-c935-4974-9e6c-7504c4d83b80',)
2026-02-01 17:33:53,181 INFO sqlalchemy.engine.Engine SELECT count(tasks.id) AS count_1 
FROM tasks 
WHERE tasks.column_id = ? AND tasks.is_deleted = 0
2026-02-01 17:33:53,181 INFO sqlalchemy.engine.Engine [cached since 5123s ago] ('46a0e8a7-cae7-4f40-aff1-e65a55d3fd9e',)
2026-02-01 17:33:53,182 INFO sqlalchemy.engine.Engine SELECT count(tasks.id) AS count_1 
FROM tasks 
WHERE tasks.column_id = ? AND tasks.is_deleted = 0
2026-02-01 17:33:53,183 INFO sqlalchemy.engine.Engine [cached since 5123s ago] ('afe47e85-f43c-4789-8ff1-46df0f973fea',)
INFO:     127.0.0.1:55847 - "GET /api/v1/boards/d284c47c-7887-4664-b5c1-ce86835acddb/columns HTTP/1.1" 200 OK
2026-02-01 17:33:53,184 INFO sqlalchemy.engine.Engine ROLLBACK
2026-02-01 17:33:53,250 INFO sqlalchemy.engine.Engine BEGIN (implicit)
2026-02-01 17:33:53,251 INFO sqlalchemy.engine.Engine SELECT users.id, users.email, users.password_hash, users.full_name, users.role, users.avatar_url, users.team_id, users.is_active, users.created_at, users.updated_at 
FROM users 
WHERE users.id = ?
2026-02-01 17:33:53,251 INFO sqlalchemy.engine.Engine [cached since 7354s ago] ('755784f9-c9f6-43e9-99ab-cf27b029380c',)
2026-02-01 17:33:53,260 INFO sqlalchemy.engine.Engine SELECT tasks.id, tasks.title, tasks.description, tasks.column_id, tasks.position, tasks.priority, tasks.assignee_id, tasks.creator_id, tasks.deadline, tasks.estimated_hours, tasks.actual_hours, tasks.tags, tasks.is_deleted, tasks.completed_at, tasks.created_at, tasks.updated_at, tasks.version 
FROM tasks 
WHERE tasks.column_id = ? AND tasks.is_deleted = 0 ORDER BY tasks.position
2026-02-01 17:33:53,260 INFO sqlalchemy.engine.Engine [cached since 5123s ago] ('61b35809-e629-409c-91db-08f7f428dcff',)
2026-02-01 17:33:53,264 INFO sqlalchemy.engine.Engine SELECT tasks_1.id AS tasks_1_id, labels.id AS labels_id, labels.name AS labels_name, labels.color AS labels_color, labels.team_id AS labels_team_id, labels.created_at AS labels_created_at 
FROM tasks AS tasks_1 JOIN task_labels AS task_labels_1 ON tasks_1.id = task_labels_1.task_id JOIN labels ON labels.id = task_labels_1.label_id 
WHERE tasks_1.id IN (?)
2026-02-01 17:33:53,264 INFO sqlalchemy.engine.Engine [cached since 0.2976s ago] ('79822a6b-76cc-4e90-b0fa-5eff96f5e35d',)
2026-02-01 17:33:53,269 INFO sqlalchemy.engine.Engine SELECT users.id AS users_id, users.email AS users_email, users.password_hash AS users_password_hash, users.full_name AS users_full_name, users.role AS users_role, users.avatar_url AS users_avatar_url, users.team_id AS users_team_id, users.is_active AS users_is_active, users.created_at AS users_created_at, users.updated_at AS users_updated_at 
FROM users 
WHERE users.id IN (?)
2026-02-01 17:33:53,269 INFO sqlalchemy.engine.Engine [cached since 0.274s ago] ('755784f9-c9f6-43e9-99ab-cf27b029380c',)
INFO:     127.0.0.1:55847 - "GET /api/v1/tasks?column_id=61b35809-e629-409c-91db-08f7f428dcff HTTP/1.1" 200 OK
2026-02-01 17:33:53,275 INFO sqlalchemy.engine.Engine ROLLBACK
2026-02-01 17:34:23,742 INFO sqlalchemy.engine.Engine BEGIN (implicit)
2026-02-01 17:34:23,743 INFO sqlalchemy.engine.Engine SELECT users.id, users.email, users.password_hash, users.full_name, users.role, users.avatar_url, users.team_id, users.is_active, users.created_at, users.updated_at 
FROM users 
WHERE users.id = ?
2026-02-01 17:34:23,743 INFO sqlalchemy.engine.Engine [cached since 7385s ago] ('755784f9-c9f6-43e9-99ab-cf27b029380c',)
2026-02-01 17:34:23,746 INFO sqlalchemy.engine.Engine SELECT columns.id, columns.name, columns.board_id, columns.position, columns.wip_limit, columns.color, columns.created_at, columns.updated_at 
FROM columns 
WHERE columns.board_id = ? ORDER BY columns.position
2026-02-01 17:34:23,746 INFO sqlalchemy.engine.Engine [cached since 5154s ago] ('d284c47c-7887-4664-b5c1-ce86835acddb',)
2026-02-01 17:34:23,749 INFO sqlalchemy.engine.Engine SELECT count(tasks.id) AS count_1 
FROM tasks 
WHERE tasks.column_id = ? AND tasks.is_deleted = 0
2026-02-01 17:34:23,749 INFO sqlalchemy.engine.Engine [cached since 5154s ago] ('61b35809-e629-409c-91db-08f7f428dcff',)
2026-02-01 17:34:23,751 INFO sqlalchemy.engine.Engine SELECT count(tasks.id) AS count_1 
FROM tasks 
WHERE tasks.column_id = ? AND tasks.is_deleted = 0
2026-02-01 17:34:23,751 INFO sqlalchemy.engine.Engine [cached since 5154s ago] ('9e4dff02-6c29-426c-a11e-05216890a52f',)
2026-02-01 17:34:23,752 INFO sqlalchemy.engine.Engine SELECT count(tasks.id) AS count_1 
FROM tasks 
WHERE tasks.column_id = ? AND tasks.is_deleted = 0
2026-02-01 17:34:23,753 INFO sqlalchemy.engine.Engine [cached since 5154s ago] ('9c84c781-c935-4974-9e6c-7504c4d83b80',)
2026-02-01 17:34:23,755 INFO sqlalchemy.engine.Engine SELECT count(tasks.id) AS count_1 
FROM tasks 
WHERE tasks.column_id = ? AND tasks.is_deleted = 0
2026-02-01 17:34:23,755 INFO sqlalchemy.engine.Engine [cached since 5154s ago] ('46a0e8a7-cae7-4f40-aff1-e65a55d3fd9e',)
2026-02-01 17:34:23,757 INFO sqlalchemy.engine.Engine SELECT count(tasks.id) AS count_1 
FROM tasks 
WHERE tasks.column_id = ? AND tasks.is_deleted = 0
2026-02-01 17:34:23,757 INFO sqlalchemy.engine.Engine [cached since 5154s ago] ('afe47e85-f43c-4789-8ff1-46df0f973fea',)
INFO:     127.0.0.1:55851 - "GET /api/v1/boards/d284c47c-7887-4664-b5c1-ce86835acddb/columns HTTP/1.1" 200 OK
2026-02-01 17:34:23,759 INFO sqlalchemy.engine.Engine ROLLBACK
2026-02-01 17:34:23,786 INFO sqlalchemy.engine.Engine BEGIN (implicit)
2026-02-01 17:34:23,787 INFO sqlalchemy.engine.Engine SELECT users.id, users.email, users.password_hash, users.full_name, users.role, users.avatar_url, users.team_id, users.is_active, users.created_at, users.updated_at 
FROM users 
WHERE users.id = ?
2026-02-01 17:34:23,787 INFO sqlalchemy.engine.Engine [cached since 7385s ago] ('755784f9-c9f6-43e9-99ab-cf27b029380c',)
2026-02-01 17:34:23,789 INFO sqlalchemy.engine.Engine SELECT tasks.id, tasks.title, tasks.description, tasks.column_id, tasks.position, tasks.priority, tasks.assignee_id, tasks.creator_id, tasks.deadline, tasks.estimated_hours, tasks.actual_hours, tasks.tags, tasks.is_deleted, tasks.completed_at, tasks.created_at, tasks.updated_at, tasks.version 
FROM tasks 
WHERE tasks.column_id = ? AND tasks.is_deleted = 0 ORDER BY tasks.position
2026-02-01 17:34:23,789 INFO sqlalchemy.engine.Engine [cached since 5154s ago] ('61b35809-e629-409c-91db-08f7f428dcff',)
2026-02-01 17:34:23,791 INFO sqlalchemy.engine.Engine SELECT tasks_1.id AS tasks_1_id, labels.id AS labels_id, labels.name AS labels_name, labels.color AS labels_color, labels.team_id AS labels_team_id, labels.created_at AS labels_created_at 
FROM tasks AS tasks_1 JOIN task_labels AS task_labels_1 ON tasks_1.id = task_labels_1.task_id JOIN labels ON labels.id = task_labels_1.label_id 
WHERE tasks_1.id IN (?)
2026-02-01 17:34:23,792 INFO sqlalchemy.engine.Engine [cached since 30.83s ago] ('79822a6b-76cc-4e90-b0fa-5eff96f5e35d',)
2026-02-01 17:34:23,793 INFO sqlalchemy.engine.Engine SELECT users.id AS users_id, users.email AS users_email, users.password_hash AS users_password_hash, users.full_name AS users_full_name, users.role AS users_role, users.avatar_url AS users_avatar_url, users.team_id AS users_team_id, users.is_active AS users_is_active, users.created_at AS users_created_at, users.updated_at AS users_updated_at 
FROM users 
WHERE users.id IN (?)
2026-02-01 17:34:23,794 INFO sqlalchemy.engine.Engine [cached since 30.8s ago] ('755784f9-c9f6-43e9-99ab-cf27b029380c',)
INFO:     127.0.0.1:55851 - "GET /api/v1/tasks?column_id=61b35809-e629-409c-91db-08f7f428dcff HTTP/1.1" 200 OK
2026-02-01 17:34:23,797 INFO sqlalchemy.engine.Engine ROLLBACK
2026-02-01 17:34:23,836 INFO sqlalchemy.engine.Engine BEGIN (implicit)
2026-02-01 17:34:23,837 INFO sqlalchemy.engine.Engine SELECT users.id, users.email, users.password_hash, users.full_name, users.role, users.avatar_url, users.team_id, users.is_active, users.created_at, users.updated_at 
FROM users 
WHERE users.id = ?
2026-02-01 17:34:23,837 INFO sqlalchemy.engine.Engine [cached since 7385s ago] ('755784f9-c9f6-43e9-99ab-cf27b029380c',)
2026-02-01 17:34:23,839 INFO sqlalchemy.engine.Engine SELECT boards.id, boards.name, boards.description, boards.team_id, boards.is_default, boards.created_at, boards.updated_at 
FROM boards 
WHERE boards.team_id = ?
2026-02-01 17:34:23,839 INFO sqlalchemy.engine.Engine [cached since 5154s ago] ('ee2b0ac7-47ec-4b84-913e-cfc892ce0bb6',)
INFO:     127.0.0.1:55851 - "GET /api/v1/boards?team_id=ee2b0ac7-47ec-4b84-913e-cfc892ce0bb6 HTTP/1.1" 200 OK
2026-02-01 17:34:23,841 INFO sqlalchemy.engine.Engine ROLLBACK
2026-02-01 17:34:23,896 INFO sqlalchemy.engine.Engine BEGIN (implicit)
2026-02-01 17:34:23,896 INFO sqlalchemy.engine.Engine SELECT users.id, users.email, users.password_hash, users.full_name, users.role, users.avatar_url, users.team_id, users.is_active, users.created_at, users.updated_at 
FROM users 
WHERE users.id = ?
2026-02-01 17:34:23,896 INFO sqlalchemy.engine.Engine [cached since 7385s ago] ('755784f9-c9f6-43e9-99ab-cf27b029380c',)
2026-02-01 17:34:23,898 INFO sqlalchemy.engine.Engine SELECT columns.id, columns.name, columns.board_id, columns.position, columns.wip_limit, columns.color, columns.created_at, columns.updated_at 
FROM columns 
WHERE columns.board_id = ? ORDER BY columns.position
2026-02-01 17:34:23,898 INFO sqlalchemy.engine.Engine [cached since 5154s ago] ('d284c47c-7887-4664-b5c1-ce86835acddb',)
2026-02-01 17:34:23,900 INFO sqlalchemy.engine.Engine SELECT count(tasks.id) AS count_1 
FROM tasks 
WHERE tasks.column_id = ? AND tasks.is_deleted = 0
2026-02-01 17:34:23,900 INFO sqlalchemy.engine.Engine [cached since 5154s ago] ('61b35809-e629-409c-91db-08f7f428dcff',)
2026-02-01 17:34:23,902 INFO sqlalchemy.engine.Engine SELECT count(tasks.id) AS count_1 
FROM tasks 
WHERE tasks.column_id = ? AND tasks.is_deleted = 0
2026-02-01 17:34:23,902 INFO sqlalchemy.engine.Engine [cached since 5154s ago] ('9e4dff02-6c29-426c-a11e-05216890a52f',)
2026-02-01 17:34:23,905 INFO sqlalchemy.engine.Engine SELECT count(tasks.id) AS count_1 
FROM tasks 
WHERE tasks.column_id = ? AND tasks.is_deleted = 0
2026-02-01 17:34:23,905 INFO sqlalchemy.engine.Engine [cached since 5154s ago] ('9c84c781-c935-4974-9e6c-7504c4d83b80',)
2026-02-01 17:34:23,907 INFO sqlalchemy.engine.Engine SELECT count(tasks.id) AS count_1 
FROM tasks 
WHERE tasks.column_id = ? AND tasks.is_deleted = 0
2026-02-01 17:34:23,908 INFO sqlalchemy.engine.Engine [cached since 5154s ago] ('46a0e8a7-cae7-4f40-aff1-e65a55d3fd9e',)
2026-02-01 17:34:23,909 INFO sqlalchemy.engine.Engine SELECT count(tasks.id) AS count_1 
FROM tasks 
WHERE tasks.column_id = ? AND tasks.is_deleted = 0
2026-02-01 17:34:23,909 INFO sqlalchemy.engine.Engine [cached since 5154s ago] ('afe47e85-f43c-4789-8ff1-46df0f973fea',)
INFO:     127.0.0.1:55851 - "GET /api/v1/boards/d284c47c-7887-4664-b5c1-ce86835acddb/columns HTTP/1.1" 200 OK
2026-02-01 17:34:23,911 INFO sqlalchemy.engine.Engine ROLLBACK
2026-02-01 17:34:23,932 INFO sqlalchemy.engine.Engine BEGIN (implicit)
2026-02-01 17:34:23,932 INFO sqlalchemy.engine.Engine SELECT users.id, users.email, users.password_hash, users.full_name, users.role, users.avatar_url, users.team_id, users.is_active, users.created_at, users.updated_at 
FROM users 
WHERE users.id = ?
2026-02-01 17:34:23,933 INFO sqlalchemy.engine.Engine [cached since 7385s ago] ('755784f9-c9f6-43e9-99ab-cf27b029380c',)
2026-02-01 17:34:23,936 INFO sqlalchemy.engine.Engine SELECT tasks.id, tasks.title, tasks.description, tasks.column_id, tasks.position, tasks.priority, tasks.assignee_id, tasks.creator_id, tasks.deadline, tasks.estimated_hours, tasks.actual_hours, tasks.tags, tasks.is_deleted, tasks.completed_at, tasks.created_at, tasks.updated_at, tasks.version 
FROM tasks 
WHERE tasks.column_id = ? AND tasks.is_deleted = 0 ORDER BY tasks.position
2026-02-01 17:34:23,936 INFO sqlalchemy.engine.Engine [cached since 5154s ago] ('61b35809-e629-409c-91db-08f7f428dcff',)
2026-02-01 17:34:23,938 INFO sqlalchemy.engine.Engine SELECT tasks_1.id AS tasks_1_id, labels.id AS labels_id, labels.name AS labels_name, labels.color AS labels_color, labels.team_id AS labels_team_id, labels.created_at AS labels_created_at 
FROM tasks AS tasks_1 JOIN task_labels AS task_labels_1 ON tasks_1.id = task_labels_1.task_id JOIN labels ON labels.id = task_labels_1.label_id 
WHERE tasks_1.id IN (?)
2026-02-01 17:34:23,938 INFO sqlalchemy.engine.Engine [cached since 30.97s ago] ('79822a6b-76cc-4e90-b0fa-5eff96f5e35d',)
2026-02-01 17:34:23,941 INFO sqlalchemy.engine.Engine SELECT users.id AS users_id, users.email AS users_email, users.password_hash AS users_password_hash, users.full_name AS users_full_name, users.role AS users_role, users.avatar_url AS users_avatar_url, users.team_id AS users_team_id, users.is_active AS users_is_active, users.created_at AS users_created_at, users.updated_at AS users_updated_at 
FROM users 
WHERE users.id IN (?)
2026-02-01 17:34:23,941 INFO sqlalchemy.engine.Engine [cached since 30.95s ago] ('755784f9-c9f6-43e9-99ab-cf27b029380c',)
INFO:     127.0.0.1:55851 - "GET /api/v1/tasks?column_id=61b35809-e629-409c-91db-08f7f428dcff HTTP/1.1" 200 OK
2026-02-01 17:34:23,944 INFO sqlalchemy.engine.Engine ROLLBACK
2026-02-01 17:40:46,177 INFO sqlalchemy.engine.Engine BEGIN (implicit)
2026-02-01 17:40:46,177 INFO sqlalchemy.engine.Engine SELECT users.id, users.email, users.password_hash, users.full_name, users.role, users.avatar_url, users.team_id, users.is_active, users.created_at, users.updated_at 
FROM users 
WHERE users.id = ?
2026-02-01 17:40:46,177 INFO sqlalchemy.engine.Engine [cached since 7767s ago] ('755784f9-c9f6-43e9-99ab-cf27b029380c',)
2026-02-01 17:40:46,180 INFO sqlalchemy.engine.Engine SELECT boards.id, boards.name, boards.description, boards.team_id, boards.is_default, boards.created_at, boards.updated_at 
FROM boards 
WHERE boards.team_id = ?
2026-02-01 17:40:46,180 INFO sqlalchemy.engine.Engine [cached since 5536s ago] ('ee2b0ac7-47ec-4b84-913e-cfc892ce0bb6',)
INFO:     127.0.0.1:52798 - "GET /api/v1/boards?team_id=ee2b0ac7-47ec-4b84-913e-cfc892ce0bb6 HTTP/1.1" 200 OK
2026-02-01 17:40:46,182 INFO sqlalchemy.engine.Engine ROLLBACK
2026-02-01 17:40:46,219 INFO sqlalchemy.engine.Engine BEGIN (implicit)
2026-02-01 17:40:46,219 INFO sqlalchemy.engine.Engine SELECT users.id, users.email, users.password_hash, users.full_name, users.role, users.avatar_url, users.team_id, users.is_active, users.created_at, users.updated_at 
FROM users 
WHERE users.id = ?
2026-02-01 17:40:46,219 INFO sqlalchemy.engine.Engine [cached since 7767s ago] ('755784f9-c9f6-43e9-99ab-cf27b029380c',)
2026-02-01 17:40:46,221 INFO sqlalchemy.engine.Engine SELECT columns.id, columns.name, columns.board_id, columns.position, columns.wip_limit, columns.color, columns.created_at, columns.updated_at 
FROM columns 
WHERE columns.board_id = ? ORDER BY columns.position
2026-02-01 17:40:46,221 INFO sqlalchemy.engine.Engine [cached since 5536s ago] ('d284c47c-7887-4664-b5c1-ce86835acddb',)
2026-02-01 17:40:46,224 INFO sqlalchemy.engine.Engine SELECT count(tasks.id) AS count_1 
FROM tasks 
WHERE tasks.column_id = ? AND tasks.is_deleted = 0
2026-02-01 17:40:46,224 INFO sqlalchemy.engine.Engine [cached since 5536s ago] ('61b35809-e629-409c-91db-08f7f428dcff',)
2026-02-01 17:40:46,226 INFO sqlalchemy.engine.Engine SELECT count(tasks.id) AS count_1 
FROM tasks 
WHERE tasks.column_id = ? AND tasks.is_deleted = 0
2026-02-01 17:40:46,226 INFO sqlalchemy.engine.Engine [cached since 5536s ago] ('9e4dff02-6c29-426c-a11e-05216890a52f',)
2026-02-01 17:40:46,228 INFO sqlalchemy.engine.Engine SELECT count(tasks.id) AS count_1 
FROM tasks 
WHERE tasks.column_id = ? AND tasks.is_deleted = 0
2026-02-01 17:40:46,228 INFO sqlalchemy.engine.Engine [cached since 5536s ago] ('9c84c781-c935-4974-9e6c-7504c4d83b80',)
2026-02-01 17:40:46,230 INFO sqlalchemy.engine.Engine SELECT count(tasks.id) AS count_1 
FROM tasks 
WHERE tasks.column_id = ? AND tasks.is_deleted = 0
2026-02-01 17:40:46,230 INFO sqlalchemy.engine.Engine [cached since 5536s ago] ('46a0e8a7-cae7-4f40-aff1-e65a55d3fd9e',)
2026-02-01 17:40:46,232 INFO sqlalchemy.engine.Engine SELECT count(tasks.id) AS count_1 
FROM tasks 
WHERE tasks.column_id = ? AND tasks.is_deleted = 0
2026-02-01 17:40:46,232 INFO sqlalchemy.engine.Engine [cached since 5536s ago] ('afe47e85-f43c-4789-8ff1-46df0f973fea',)
INFO:     127.0.0.1:52798 - "GET /api/v1/boards/d284c47c-7887-4664-b5c1-ce86835acddb/columns HTTP/1.1" 200 OK
2026-02-01 17:40:46,234 INFO sqlalchemy.engine.Engine ROLLBACK
2026-02-01 17:40:46,254 INFO sqlalchemy.engine.Engine BEGIN (implicit)
2026-02-01 17:40:46,255 INFO sqlalchemy.engine.Engine SELECT users.id, users.email, users.password_hash, users.full_name, users.role, users.avatar_url, users.team_id, users.is_active, users.created_at, users.updated_at 
FROM users 
WHERE users.id = ?
2026-02-01 17:40:46,255 INFO sqlalchemy.engine.Engine [cached since 7767s ago] ('755784f9-c9f6-43e9-99ab-cf27b029380c',)
2026-02-01 17:40:46,257 INFO sqlalchemy.engine.Engine SELECT tasks.id, tasks.title, tasks.description, tasks.column_id, tasks.position, tasks.priority, tasks.assignee_id, tasks.creator_id, tasks.deadline, tasks.estimated_hours, tasks.actual_hours, tasks.tags, tasks.is_deleted, tasks.completed_at, tasks.created_at, tasks.updated_at, tasks.version 
FROM tasks 
WHERE tasks.column_id = ? AND tasks.is_deleted = 0 ORDER BY tasks.position
2026-02-01 17:40:46,257 INFO sqlalchemy.engine.Engine [cached since 5536s ago] ('61b35809-e629-409c-91db-08f7f428dcff',)
2026-02-01 17:40:46,259 INFO sqlalchemy.engine.Engine SELECT tasks_1.id AS tasks_1_id, labels.id AS labels_id, labels.name AS labels_name, labels.color AS labels_color, labels.team_id AS labels_team_id, labels.created_at AS labels_created_at 
FROM tasks AS tasks_1 JOIN task_labels AS task_labels_1 ON tasks_1.id = task_labels_1.task_id JOIN labels ON labels.id = task_labels_1.label_id 
WHERE tasks_1.id IN (?)
2026-02-01 17:40:46,259 INFO sqlalchemy.engine.Engine [cached since 413.3s ago] ('79822a6b-76cc-4e90-b0fa-5eff96f5e35d',)
2026-02-01 17:40:46,262 INFO sqlalchemy.engine.Engine SELECT users.id AS users_id, users.email AS users_email, users.password_hash AS users_password_hash, users.full_name AS users_full_name, users.role AS users_role, users.avatar_url AS users_avatar_url, users.team_id AS users_team_id, users.is_active AS users_is_active, users.created_at AS users_created_at, users.updated_at AS users_updated_at 
FROM users 
WHERE users.id IN (?)
2026-02-01 17:40:46,263 INFO sqlalchemy.engine.Engine [cached since 413.3s ago] ('755784f9-c9f6-43e9-99ab-cf27b029380c',)
INFO:     127.0.0.1:52798 - "GET /api/v1/tasks?column_id=61b35809-e629-409c-91db-08f7f428dcff HTTP/1.1" 200 OK
2026-02-01 17:40:46,265 INFO sqlalchemy.engine.Engine ROLLBACK
INFO:     127.0.0.1:52354 - "GET /api/v1/boards?team_id=ee2b0ac7-47ec-4b84-913e-cfc892ce0bb6 HTTP/1.1" 401 Unauthorized
INFO:     127.0.0.1:52354 - "GET /api/v1/boards?team_id=ee2b0ac7-47ec-4b84-913e-cfc892ce0bb6 HTTP/1.1" 401 Unauthorized
INFO:     127.0.0.1:52365 - "GET /api/v1/boards?team_id=ee2b0ac7-47ec-4b84-913e-cfc892ce0bb6 HTTP/1.1" 401 Unauthorized
INFO:     127.0.0.1:52365 - "GET /api/v1/boards?team_id=ee2b0ac7-47ec-4b84-913e-cfc892ce0bb6 HTTP/1.1" 401 Unauthorized
INFO:     127.0.0.1:52369 - "POST /api/v1/auth/logout HTTP/1.1" 401 Unauthorized
INFO:     127.0.0.1:52369 - "GET /api/v1/boards?team_id=ee2b0ac7-47ec-4b84-913e-cfc892ce0bb6 HTTP/1.1" 401 Unauthorized
INFO:     127.0.0.1:52370 - "POST /api/v1/auth/logout HTTP/1.1" 401 Unauthorized
2026-02-01 17:46:44,531 INFO sqlalchemy.engine.Engine BEGIN (implicit)
2026-02-01 17:46:44,531 INFO sqlalchemy.engine.Engine SELECT users.id, users.email, users.password_hash, users.full_name, users.role, users.avatar_url, users.team_id, users.is_active, users.created_at, users.updated_at 
FROM users 
WHERE users.email = ?
2026-02-01 17:46:44,531 INFO sqlalchemy.engine.Engine [cached since 8126s ago] ('sss@sss.ss',)
INFO:     127.0.0.1:54678 - "POST /api/v1/auth/login HTTP/1.1" 200 OK
2026-02-01 17:46:44,635 INFO sqlalchemy.engine.Engine ROLLBACK
2026-02-01 17:46:44,669 INFO sqlalchemy.engine.Engine BEGIN (implicit)
2026-02-01 17:46:44,669 INFO sqlalchemy.engine.Engine SELECT users.id, users.email, users.password_hash, users.full_name, users.role, users.avatar_url, users.team_id, users.is_active, users.created_at, users.updated_at 
FROM users 
WHERE users.id = ?
2026-02-01 17:46:44,669 INFO sqlalchemy.engine.Engine [cached since 8126s ago] ('755784f9-c9f6-43e9-99ab-cf27b029380c',)
INFO:     127.0.0.1:54678 - "GET /api/v1/users/me HTTP/1.1" 200 OK
2026-02-01 17:46:44,671 INFO sqlalchemy.engine.Engine ROLLBACK
2026-02-01 17:46:44,857 INFO sqlalchemy.engine.Engine BEGIN (implicit)
2026-02-01 17:46:44,858 INFO sqlalchemy.engine.Engine SELECT users.id, users.email, users.password_hash, users.full_name, users.role, users.avatar_url, users.team_id, users.is_active, users.created_at, users.updated_at 
FROM users 
WHERE users.id = ?
2026-02-01 17:46:44,858 INFO sqlalchemy.engine.Engine [cached since 8126s ago] ('755784f9-c9f6-43e9-99ab-cf27b029380c',)
2026-02-01 17:46:44,861 INFO sqlalchemy.engine.Engine SELECT boards.id, boards.name, boards.description, boards.team_id, boards.is_default, boards.created_at, boards.updated_at 
FROM boards 
WHERE boards.team_id = ?
2026-02-01 17:46:44,862 INFO sqlalchemy.engine.Engine [cached since 5895s ago] ('ee2b0ac7-47ec-4b84-913e-cfc892ce0bb6',)
INFO:     127.0.0.1:54678 - "GET /api/v1/boards?team_id=ee2b0ac7-47ec-4b84-913e-cfc892ce0bb6 HTTP/1.1" 200 OK
2026-02-01 17:46:44,865 INFO sqlalchemy.engine.Engine ROLLBACK
2026-02-01 17:46:44,905 INFO sqlalchemy.engine.Engine BEGIN (implicit)
2026-02-01 17:46:44,906 INFO sqlalchemy.engine.Engine SELECT users.id, users.email, users.password_hash, users.full_name, users.role, users.avatar_url, users.team_id, users.is_active, users.created_at, users.updated_at 
FROM users 
WHERE users.id = ?
2026-02-01 17:46:44,906 INFO sqlalchemy.engine.Engine [cached since 8126s ago] ('755784f9-c9f6-43e9-99ab-cf27b029380c',)
2026-02-01 17:46:44,907 INFO sqlalchemy.engine.Engine SELECT columns.id, columns.name, columns.board_id, columns.position, columns.wip_limit, columns.color, columns.created_at, columns.updated_at 
FROM columns 
WHERE columns.board_id = ? ORDER BY columns.position
2026-02-01 17:46:44,908 INFO sqlalchemy.engine.Engine [cached since 5895s ago] ('d284c47c-7887-4664-b5c1-ce86835acddb',)
2026-02-01 17:46:44,909 INFO sqlalchemy.engine.Engine SELECT count(tasks.id) AS count_1 
FROM tasks 
WHERE tasks.column_id = ? AND tasks.is_deleted = 0
2026-02-01 17:46:44,909 INFO sqlalchemy.engine.Engine [cached since 5895s ago] ('61b35809-e629-409c-91db-08f7f428dcff',)
2026-02-01 17:46:44,910 INFO sqlalchemy.engine.Engine SELECT count(tasks.id) AS count_1 
FROM tasks 
WHERE tasks.column_id = ? AND tasks.is_deleted = 0
2026-02-01 17:46:44,910 INFO sqlalchemy.engine.Engine [cached since 5895s ago] ('9e4dff02-6c29-426c-a11e-05216890a52f',)
2026-02-01 17:46:44,911 INFO sqlalchemy.engine.Engine SELECT count(tasks.id) AS count_1 
FROM tasks 
WHERE tasks.column_id = ? AND tasks.is_deleted = 0
2026-02-01 17:46:44,912 INFO sqlalchemy.engine.Engine [cached since 5895s ago] ('9c84c781-c935-4974-9e6c-7504c4d83b80',)
2026-02-01 17:46:44,913 INFO sqlalchemy.engine.Engine SELECT count(tasks.id) AS count_1 
FROM tasks 
WHERE tasks.column_id = ? AND tasks.is_deleted = 0
2026-02-01 17:46:44,913 INFO sqlalchemy.engine.Engine [cached since 5895s ago] ('46a0e8a7-cae7-4f40-aff1-e65a55d3fd9e',)
2026-02-01 17:46:44,915 INFO sqlalchemy.engine.Engine SELECT count(tasks.id) AS count_1 
FROM tasks 
WHERE tasks.column_id = ? AND tasks.is_deleted = 0
2026-02-01 17:46:44,915 INFO sqlalchemy.engine.Engine [cached since 5895s ago] ('afe47e85-f43c-4789-8ff1-46df0f973fea',)
INFO:     127.0.0.1:54678 - "GET /api/v1/boards/d284c47c-7887-4664-b5c1-ce86835acddb/columns HTTP/1.1" 200 OK
2026-02-01 17:46:44,918 INFO sqlalchemy.engine.Engine ROLLBACK
2026-02-01 17:46:44,948 INFO sqlalchemy.engine.Engine BEGIN (implicit)
2026-02-01 17:46:44,949 INFO sqlalchemy.engine.Engine SELECT users.id, users.email, users.password_hash, users.full_name, users.role, users.avatar_url, users.team_id, users.is_active, users.created_at, users.updated_at 
FROM users 
WHERE users.id = ?
2026-02-01 17:46:44,949 INFO sqlalchemy.engine.Engine [cached since 8126s ago] ('755784f9-c9f6-43e9-99ab-cf27b029380c',)
2026-02-01 17:46:44,952 INFO sqlalchemy.engine.Engine SELECT tasks.id, tasks.title, tasks.description, tasks.column_id, tasks.position, tasks.priority, tasks.assignee_id, tasks.creator_id, tasks.deadline, tasks.estimated_hours, tasks.actual_hours, tasks.tags, tasks.is_deleted, tasks.completed_at, tasks.created_at, tasks.updated_at, tasks.version 
FROM tasks 
WHERE tasks.column_id = ? AND tasks.is_deleted = 0 ORDER BY tasks.position
2026-02-01 17:46:44,952 INFO sqlalchemy.engine.Engine [cached since 5895s ago] ('61b35809-e629-409c-91db-08f7f428dcff',)
2026-02-01 17:46:44,955 INFO sqlalchemy.engine.Engine SELECT tasks_1.id AS tasks_1_id, labels.id AS labels_id, labels.name AS labels_name, labels.color AS labels_color, labels.team_id AS labels_team_id, labels.created_at AS labels_created_at 
FROM tasks AS tasks_1 JOIN task_labels AS task_labels_1 ON tasks_1.id = task_labels_1.task_id JOIN labels ON labels.id = task_labels_1.label_id 
WHERE tasks_1.id IN (?)
2026-02-01 17:46:44,956 INFO sqlalchemy.engine.Engine [cached since 772s ago] ('79822a6b-76cc-4e90-b0fa-5eff96f5e35d',)
2026-02-01 17:46:44,958 INFO sqlalchemy.engine.Engine SELECT users.id AS users_id, users.email AS users_email, users.password_hash AS users_password_hash, users.full_name AS users_full_name, users.role AS users_role, users.avatar_url AS users_avatar_url, users.team_id AS users_team_id, users.is_active AS users_is_active, users.created_at AS users_created_at, users.updated_at AS users_updated_at 
FROM users 
WHERE users.id IN (?)
2026-02-01 17:46:44,958 INFO sqlalchemy.engine.Engine [cached since 772s ago] ('755784f9-c9f6-43e9-99ab-cf27b029380c',)
INFO:     127.0.0.1:54678 - "GET /api/v1/tasks?column_id=61b35809-e629-409c-91db-08f7f428dcff HTTP/1.1" 200 OK
2026-02-01 17:46:44,961 INFO sqlalchemy.engine.Engine ROLLBACK
2026-02-01 17:46:45,030 INFO sqlalchemy.engine.Engine BEGIN (implicit)
2026-02-01 17:46:45,031 INFO sqlalchemy.engine.Engine SELECT users.id, users.email, users.password_hash, users.full_name, users.role, users.avatar_url, users.team_id, users.is_active, users.created_at, users.updated_at 
FROM users 
WHERE users.id = ?
2026-02-01 17:46:45,031 INFO sqlalchemy.engine.Engine [cached since 8126s ago] ('755784f9-c9f6-43e9-99ab-cf27b029380c',)
2026-02-01 17:46:45,033 INFO sqlalchemy.engine.Engine SELECT tasks.id, tasks.title, tasks.description, tasks.column_id, tasks.position, tasks.priority, tasks.assignee_id, tasks.creator_id, tasks.deadline, tasks.estimated_hours, tasks.actual_hours, tasks.tags, tasks.is_deleted, tasks.completed_at, tasks.created_at, tasks.updated_at, tasks.version 
FROM tasks 
WHERE tasks.column_id = ? AND tasks.is_deleted = 0 ORDER BY tasks.position
2026-02-01 17:46:45,033 INFO sqlalchemy.engine.Engine [cached since 5895s ago] ('9e4dff02-6c29-426c-a11e-05216890a52f',)
INFO:     127.0.0.1:54678 - "GET /api/v1/tasks?column_id=9e4dff02-6c29-426c-a11e-05216890a52f HTTP/1.1" 200 OK
2026-02-01 17:46:45,035 INFO sqlalchemy.engine.Engine ROLLBACK
2026-02-01 17:46:45,069 INFO sqlalchemy.engine.Engine BEGIN (implicit)
2026-02-01 17:46:45,070 INFO sqlalchemy.engine.Engine SELECT users.id, users.email, users.password_hash, users.full_name, users.role, users.avatar_url, users.team_id, users.is_active, users.created_at, users.updated_at 
FROM users 
WHERE users.id = ?
2026-02-01 17:46:45,070 INFO sqlalchemy.engine.Engine [cached since 8126s ago] ('755784f9-c9f6-43e9-99ab-cf27b029380c',)
2026-02-01 17:46:45,076 INFO sqlalchemy.engine.Engine SELECT tasks.id, tasks.title, tasks.description, tasks.column_id, tasks.position, tasks.priority, tasks.assignee_id, tasks.creator_id, tasks.deadline, tasks.estimated_hours, tasks.actual_hours, tasks.tags, tasks.is_deleted, tasks.completed_at, tasks.created_at, tasks.updated_at, tasks.version 
FROM tasks 
WHERE tasks.column_id = ? AND tasks.is_deleted = 0 ORDER BY tasks.position
2026-02-01 17:46:45,077 INFO sqlalchemy.engine.Engine [cached since 5895s ago] ('9c84c781-c935-4974-9e6c-7504c4d83b80',)
INFO:     127.0.0.1:54678 - "GET /api/v1/tasks?column_id=9c84c781-c935-4974-9e6c-7504c4d83b80 HTTP/1.1" 200 OK
2026-02-01 17:46:45,081 INFO sqlalchemy.engine.Engine ROLLBACK
2026-02-01 17:46:45,103 INFO sqlalchemy.engine.Engine BEGIN (implicit)
2026-02-01 17:46:45,103 INFO sqlalchemy.engine.Engine SELECT users.id, users.email, users.password_hash, users.full_name, users.role, users.avatar_url, users.team_id, users.is_active, users.created_at, users.updated_at 
FROM users 
WHERE users.id = ?
2026-02-01 17:46:45,103 INFO sqlalchemy.engine.Engine [cached since 8126s ago] ('755784f9-c9f6-43e9-99ab-cf27b029380c',)
2026-02-01 17:46:45,106 INFO sqlalchemy.engine.Engine SELECT tasks.id, tasks.title, tasks.description, tasks.column_id, tasks.position, tasks.priority, tasks.assignee_id, tasks.creator_id, tasks.deadline, tasks.estimated_hours, tasks.actual_hours, tasks.tags, tasks.is_deleted, tasks.completed_at, tasks.created_at, tasks.updated_at, tasks.version 
FROM tasks 
WHERE tasks.column_id = ? AND tasks.is_deleted = 0 ORDER BY tasks.position
2026-02-01 17:46:45,106 INFO sqlalchemy.engine.Engine [cached since 5895s ago] ('46a0e8a7-cae7-4f40-aff1-e65a55d3fd9e',)
INFO:     127.0.0.1:54678 - "GET /api/v1/tasks?column_id=46a0e8a7-cae7-4f40-aff1-e65a55d3fd9e HTTP/1.1" 200 OK
2026-02-01 17:46:45,107 INFO sqlalchemy.engine.Engine ROLLBACK
2026-02-01 17:46:45,159 INFO sqlalchemy.engine.Engine BEGIN (implicit)
2026-02-01 17:46:45,159 INFO sqlalchemy.engine.Engine SELECT users.id, users.email, users.password_hash, users.full_name, users.role, users.avatar_url, users.team_id, users.is_active, users.created_at, users.updated_at 
FROM users 
WHERE users.id = ?
2026-02-01 17:46:45,160 INFO sqlalchemy.engine.Engine [cached since 8126s ago] ('755784f9-c9f6-43e9-99ab-cf27b029380c',)
2026-02-01 17:46:45,162 INFO sqlalchemy.engine.Engine SELECT tasks.id, tasks.title, tasks.description, tasks.column_id, tasks.position, tasks.priority, tasks.assignee_id, tasks.creator_id, tasks.deadline, tasks.estimated_hours, tasks.actual_hours, tasks.tags, tasks.is_deleted, tasks.completed_at, tasks.created_at, tasks.updated_at, tasks.version 
FROM tasks 
WHERE tasks.column_id = ? AND tasks.is_deleted = 0 ORDER BY tasks.position
2026-02-01 17:46:45,162 INFO sqlalchemy.engine.Engine [cached since 5895s ago] ('afe47e85-f43c-4789-8ff1-46df0f973fea',)
INFO:     127.0.0.1:54678 - "GET /api/v1/tasks?column_id=afe47e85-f43c-4789-8ff1-46df0f973fea HTTP/1.1" 200 OK
2026-02-01 17:46:45,164 INFO sqlalchemy.engine.Engine ROLLBACK
2026-02-01 17:46:54,772 INFO sqlalchemy.engine.Engine BEGIN (implicit)
2026-02-01 17:46:54,772 INFO sqlalchemy.engine.Engine SELECT users.id, users.email, users.password_hash, users.full_name, users.role, users.avatar_url, users.team_id, users.is_active, users.created_at, users.updated_at 
FROM users 
WHERE users.id = ?
2026-02-01 17:46:54,772 INFO sqlalchemy.engine.Engine [cached since 8136s ago] ('755784f9-c9f6-43e9-99ab-cf27b029380c',)
2026-02-01 17:46:54,775 INFO sqlalchemy.engine.Engine SELECT tasks.id, tasks.title, tasks.description, tasks.column_id, tasks.position, tasks.priority, tasks.assignee_id, tasks.creator_id, tasks.deadline, tasks.estimated_hours, tasks.actual_hours, tasks.tags, tasks.is_deleted, tasks.completed_at, tasks.created_at, tasks.updated_at, tasks.version 
FROM tasks 
WHERE tasks.id = ? AND tasks.is_deleted = 0
2026-02-01 17:46:54,775 INFO sqlalchemy.engine.Engine [generated in 0.00020s] ('79822a6b-76cc-4e90-b0fa-5eff96f5e35d',)
2026-02-01 17:46:54,776 INFO sqlalchemy.engine.Engine SELECT tasks_1.id AS tasks_1_id, labels.id AS labels_id, labels.name AS labels_name, labels.color AS labels_color, labels.team_id AS labels_team_id, labels.created_at AS labels_created_at 
FROM tasks AS tasks_1 JOIN task_labels AS task_labels_1 ON tasks_1.id = task_labels_1.task_id JOIN labels ON labels.id = task_labels_1.label_id 
WHERE tasks_1.id IN (?)
2026-02-01 17:46:54,777 INFO sqlalchemy.engine.Engine [cached since 781.8s ago] ('79822a6b-76cc-4e90-b0fa-5eff96f5e35d',)
2026-02-01 17:46:54,779 INFO sqlalchemy.engine.Engine SELECT users.id AS users_id, users.email AS users_email, users.password_hash AS users_password_hash, users.full_name AS users_full_name, users.role AS users_role, users.avatar_url AS users_avatar_url, users.team_id AS users_team_id, users.is_active AS users_is_active, users.created_at AS users_created_at, users.updated_at AS users_updated_at 
FROM users 
WHERE users.id IN (?)
2026-02-01 17:46:54,779 INFO sqlalchemy.engine.Engine [cached since 781.8s ago] ('755784f9-c9f6-43e9-99ab-cf27b029380c',)
2026-02-01 17:46:54,782 INFO sqlalchemy.engine.Engine SELECT count(messages.id) AS count_1 
FROM messages 
WHERE messages.task_id = ?
2026-02-01 17:46:54,782 INFO sqlalchemy.engine.Engine [generated in 0.00027s] ('79822a6b-76cc-4e90-b0fa-5eff96f5e35d',)
2026-02-01 17:46:54,785 INFO sqlalchemy.engine.Engine SELECT count(attachments.id) AS count_1 
FROM attachments 
WHERE attachments.task_id = ?
2026-02-01 17:46:54,785 INFO sqlalchemy.engine.Engine [generated in 0.00019s] ('79822a6b-76cc-4e90-b0fa-5eff96f5e35d',)
INFO:     127.0.0.1:54680 - "GET /api/v1/tasks/79822a6b-76cc-4e90-b0fa-5eff96f5e35d HTTP/1.1" 200 OK
2026-02-01 17:46:54,786 INFO sqlalchemy.engine.Engine ROLLBACK
2026-02-01 17:46:54,834 INFO sqlalchemy.engine.Engine BEGIN (implicit)
2026-02-01 17:46:54,834 INFO sqlalchemy.engine.Engine SELECT users.id, users.email, users.password_hash, users.full_name, users.role, users.avatar_url, users.team_id, users.is_active, users.created_at, users.updated_at 
FROM users 
WHERE users.id = ?
2026-02-01 17:46:54,834 INFO sqlalchemy.engine.Engine [cached since 8136s ago] ('755784f9-c9f6-43e9-99ab-cf27b029380c',)
2026-02-01 17:46:54,836 INFO sqlalchemy.engine.Engine SELECT users.id, users.email, users.password_hash, users.full_name, users.role, users.avatar_url, users.team_id, users.is_active, users.created_at, users.updated_at 
FROM users 
WHERE users.id = ?
2026-02-01 17:46:54,836 INFO sqlalchemy.engine.Engine [cached since 8136s ago] ('755784f9-c9f6-43e9-99ab-cf27b029380c',)
INFO:     127.0.0.1:54680 - "GET /api/v1/users/755784f9-c9f6-43e9-99ab-cf27b029380c HTTP/1.1" 200 OK
2026-02-01 17:46:54,837 INFO sqlalchemy.engine.Engine ROLLBACK
INFO:     127.0.0.1:54680 - "GET /api/v1/tasks/79822a6b-76cc-4e90-b0fa-5eff96f5e35d/messages HTTP/1.1" 404 Not Found
INFO:     127.0.0.1:54680 - "GET /api/v1/tasks/79822a6b-76cc-4e90-b0fa-5eff96f5e35d/attachments HTTP/1.1" 404 Not Found
2026-02-01 17:47:08,695 INFO sqlalchemy.engine.Engine BEGIN (implicit)
2026-02-01 17:47:08,695 INFO sqlalchemy.engine.Engine SELECT users.id, users.email, users.password_hash, users.full_name, users.role, users.avatar_url, users.team_id, users.is_active, users.created_at, users.updated_at 
FROM users 
WHERE users.id = ?
2026-02-01 17:47:08,696 INFO sqlalchemy.engine.Engine [cached since 8150s ago] ('755784f9-c9f6-43e9-99ab-cf27b029380c',)
INFO:     127.0.0.1:61875 - "GET /api/v1/tasks/79822a6b-76cc-4e90-b0fa-5eff96f5e35d/messages HTTP/1.1" 404 Not Found
2026-02-01 17:47:08,700 INFO sqlalchemy.engine.Engine SELECT tasks.id, tasks.title, tasks.description, tasks.column_id, tasks.position, tasks.priority, tasks.assignee_id, tasks.creator_id, tasks.deadline, tasks.estimated_hours, tasks.actual_hours, tasks.tags, tasks.is_deleted, tasks.completed_at, tasks.created_at, tasks.updated_at, tasks.version 
FROM tasks 
WHERE tasks.id = ? AND tasks.is_deleted = 0
2026-02-01 17:47:08,700 INFO sqlalchemy.engine.Engine [cached since 13.93s ago] ('79822a6b-76cc-4e90-b0fa-5eff96f5e35d',)
2026-02-01 17:47:08,703 INFO sqlalchemy.engine.Engine SELECT tasks_1.id AS tasks_1_id, labels.id AS labels_id, labels.name AS labels_name, labels.color AS labels_color, labels.team_id AS labels_team_id, labels.created_at AS labels_created_at 
FROM tasks AS tasks_1 JOIN task_labels AS task_labels_1 ON tasks_1.id = task_labels_1.task_id JOIN labels ON labels.id = task_labels_1.label_id 
WHERE tasks_1.id IN (?)
2026-02-01 17:47:08,703 INFO sqlalchemy.engine.Engine [cached since 795.7s ago] ('79822a6b-76cc-4e90-b0fa-5eff96f5e35d',)
2026-02-01 17:47:08,705 INFO sqlalchemy.engine.Engine SELECT users.id AS users_id, users.email AS users_email, users.password_hash AS users_password_hash, users.full_name AS users_full_name, users.role AS users_role, users.avatar_url AS users_avatar_url, users.team_id AS users_team_id, users.is_active AS users_is_active, users.created_at AS users_created_at, users.updated_at AS users_updated_at 
FROM users 
WHERE users.id IN (?)
2026-02-01 17:47:08,705 INFO sqlalchemy.engine.Engine [cached since 795.7s ago] ('755784f9-c9f6-43e9-99ab-cf27b029380c',)
2026-02-01 17:47:08,707 INFO sqlalchemy.engine.Engine SELECT count(messages.id) AS count_1 
FROM messages 
WHERE messages.task_id = ?
2026-02-01 17:47:08,708 INFO sqlalchemy.engine.Engine [cached since 13.93s ago] ('79822a6b-76cc-4e90-b0fa-5eff96f5e35d',)
2026-02-01 17:47:08,709 INFO sqlalchemy.engine.Engine SELECT count(attachments.id) AS count_1 
FROM attachments 
WHERE attachments.task_id = ?
2026-02-01 17:47:08,710 INFO sqlalchemy.engine.Engine [cached since 13.92s ago] ('79822a6b-76cc-4e90-b0fa-5eff96f5e35d',)
INFO:     127.0.0.1:61874 - "GET /api/v1/tasks/79822a6b-76cc-4e90-b0fa-5eff96f5e35d HTTP/1.1" 200 OK
2026-02-01 17:47:08,712 INFO sqlalchemy.engine.Engine ROLLBACK
2026-02-01 17:47:18,907 INFO sqlalchemy.engine.Engine BEGIN (implicit)
2026-02-01 17:47:18,907 INFO sqlalchemy.engine.Engine SELECT users.id, users.email, users.password_hash, users.full_name, users.role, users.avatar_url, users.team_id, users.is_active, users.created_at, users.updated_at 
FROM users 
WHERE users.id = ?
2026-02-01 17:47:18,907 INFO sqlalchemy.engine.Engine [cached since 8160s ago] ('755784f9-c9f6-43e9-99ab-cf27b029380c',)
2026-02-01 17:47:18,910 INFO sqlalchemy.engine.Engine SELECT tasks.id, tasks.title, tasks.description, tasks.column_id, tasks.position, tasks.priority, tasks.assignee_id, tasks.creator_id, tasks.deadline, tasks.estimated_hours, tasks.actual_hours, tasks.tags, tasks.is_deleted, tasks.completed_at, tasks.created_at, tasks.updated_at, tasks.version 
FROM tasks 
WHERE tasks.id = ?
2026-02-01 17:47:18,911 INFO sqlalchemy.engine.Engine [generated in 0.00037s] ('79822a6b-76cc-4e90-b0fa-5eff96f5e35d',)
2026-02-01 17:47:18,917 INFO sqlalchemy.engine.Engine INSERT INTO messages (id, task_id, sender_id, content, type, voice_url, voice_duration, is_read, created_at) VALUES (?, ?, ?, ?, ?, ?, ?, ?, ?)
2026-02-01 17:47:18,917 INFO sqlalchemy.engine.Engine [generated in 0.00051s] ('0e61fdc7-ac67-40a1-afd1-5ca941b2a9e6', '79822a6b-76cc-4e90-b0fa-5eff96f5e35d', '755784f9-c9f6-43e9-99ab-cf27b029380c', 'ffffff', 'text', None, None, 0, '2026-02-01 15:47:18.917020')
2026-02-01 17:47:18,920 INFO sqlalchemy.engine.Engine COMMIT
2026-02-01 17:47:19,062 INFO sqlalchemy.engine.Engine BEGIN (implicit)
2026-02-01 17:47:19,063 INFO sqlalchemy.engine.Engine SELECT messages.id 
FROM messages 
WHERE messages.id = ?
2026-02-01 17:47:19,064 INFO sqlalchemy.engine.Engine [generated in 0.00031s] ('0e61fdc7-ac67-40a1-afd1-5ca941b2a9e6',)
INFO:     127.0.0.1:61877 - "POST /api/v1/messages HTTP/1.1" 200 OK
2026-02-01 17:47:19,067 INFO sqlalchemy.engine.Engine ROLLBACK
INFO:     127.0.0.1:61877 - "GET /api/v1/tasks/79822a6b-76cc-4e90-b0fa-5eff96f5e35d/messages HTTP/1.1" 404 Not Found
2026-02-01 17:47:37,788 INFO sqlalchemy.engine.Engine BEGIN (implicit)
2026-02-01 17:47:37,789 INFO sqlalchemy.engine.Engine SELECT users.id, users.email, users.password_hash, users.full_name, users.role, users.avatar_url, users.team_id, users.is_active, users.created_at, users.updated_at 
FROM users 
WHERE users.id = ?
2026-02-01 17:47:37,789 INFO sqlalchemy.engine.Engine [cached since 8179s ago] ('755784f9-c9f6-43e9-99ab-cf27b029380c',)
2026-02-01 17:47:37,791 INFO sqlalchemy.engine.Engine SELECT tasks.id, tasks.title, tasks.description, tasks.column_id, tasks.position, tasks.priority, tasks.assignee_id, tasks.creator_id, tasks.deadline, tasks.estimated_hours, tasks.actual_hours, tasks.tags, tasks.is_deleted, tasks.completed_at, tasks.created_at, tasks.updated_at, tasks.version 
FROM tasks 
WHERE tasks.id = ? AND tasks.is_deleted = 0
2026-02-01 17:47:37,791 INFO sqlalchemy.engine.Engine [cached since 43.02s ago] ('79822a6b-76cc-4e90-b0fa-5eff96f5e35d',)
2026-02-01 17:47:37,794 INFO sqlalchemy.engine.Engine SELECT tasks_1.id AS tasks_1_id, labels.id AS labels_id, labels.name AS labels_name, labels.color AS labels_color, labels.team_id AS labels_team_id, labels.created_at AS labels_created_at 
FROM tasks AS tasks_1 JOIN task_labels AS task_labels_1 ON tasks_1.id = task_labels_1.task_id JOIN labels ON labels.id = task_labels_1.label_id 
WHERE tasks_1.id IN (?)
2026-02-01 17:47:37,794 INFO sqlalchemy.engine.Engine [cached since 824.8s ago] ('79822a6b-76cc-4e90-b0fa-5eff96f5e35d',)
2026-02-01 17:47:37,797 INFO sqlalchemy.engine.Engine SELECT users.id AS users_id, users.email AS users_email, users.password_hash AS users_password_hash, users.full_name AS users_full_name, users.role AS users_role, users.avatar_url AS users_avatar_url, users.team_id AS users_team_id, users.is_active AS users_is_active, users.created_at AS users_created_at, users.updated_at AS users_updated_at 
FROM users 
WHERE users.id IN (?)
2026-02-01 17:47:37,797 INFO sqlalchemy.engine.Engine [cached since 824.8s ago] ('755784f9-c9f6-43e9-99ab-cf27b029380c',)
2026-02-01 17:47:37,799 INFO sqlalchemy.engine.Engine SELECT count(messages.id) AS count_1 
FROM messages 
WHERE messages.task_id = ?
2026-02-01 17:47:37,799 INFO sqlalchemy.engine.Engine [cached since 43.02s ago] ('79822a6b-76cc-4e90-b0fa-5eff96f5e35d',)
2026-02-01 17:47:37,801 INFO sqlalchemy.engine.Engine SELECT count(attachments.id) AS count_1 
FROM attachments 
WHERE attachments.task_id = ?
2026-02-01 17:47:37,801 INFO sqlalchemy.engine.Engine [cached since 43.02s ago] ('79822a6b-76cc-4e90-b0fa-5eff96f5e35d',)
INFO:     127.0.0.1:61880 - "GET /api/v1/tasks/79822a6b-76cc-4e90-b0fa-5eff96f5e35d HTTP/1.1" 200 OK
2026-02-01 17:47:37,804 INFO sqlalchemy.engine.Engine ROLLBACK
2026-02-01 17:47:37,848 INFO sqlalchemy.engine.Engine BEGIN (implicit)
2026-02-01 17:47:37,848 INFO sqlalchemy.engine.Engine SELECT users.id, users.email, users.password_hash, users.full_name, users.role, users.avatar_url, users.team_id, users.is_active, users.created_at, users.updated_at 
FROM users 
WHERE users.id = ?
2026-02-01 17:47:37,848 INFO sqlalchemy.engine.Engine [cached since 8179s ago] ('755784f9-c9f6-43e9-99ab-cf27b029380c',)
2026-02-01 17:47:37,850 INFO sqlalchemy.engine.Engine SELECT users.id, users.email, users.password_hash, users.full_name, users.role, users.avatar_url, users.team_id, users.is_active, users.created_at, users.updated_at 
FROM users 
WHERE users.id = ?
2026-02-01 17:47:37,850 INFO sqlalchemy.engine.Engine [cached since 8179s ago] ('755784f9-c9f6-43e9-99ab-cf27b029380c',)
INFO:     127.0.0.1:61880 - "GET /api/v1/users/755784f9-c9f6-43e9-99ab-cf27b029380c HTTP/1.1" 200 OK
2026-02-01 17:47:37,852 INFO sqlalchemy.engine.Engine ROLLBACK
INFO:     127.0.0.1:61880 - "GET /api/v1/tasks/79822a6b-76cc-4e90-b0fa-5eff96f5e35d/messages HTTP/1.1" 404 Not Found
INFO:     127.0.0.1:61880 - "GET /api/v1/tasks/79822a6b-76cc-4e90-b0fa-5eff96f5e35d/attachments HTTP/1.1" 404 Not Found
2026-02-01 17:47:40,177 INFO sqlalchemy.engine.Engine BEGIN (implicit)
2026-02-01 17:47:40,178 INFO sqlalchemy.engine.Engine SELECT users.id, users.email, users.password_hash, users.full_name, users.role, users.avatar_url, users.team_id, users.is_active, users.created_at, users.updated_at 
FROM users 
WHERE users.id = ?
2026-02-01 17:47:40,178 INFO sqlalchemy.engine.Engine [cached since 8181s ago] ('755784f9-c9f6-43e9-99ab-cf27b029380c',)
INFO:     127.0.0.1:61881 - "GET /api/v1/tasks/79822a6b-76cc-4e90-b0fa-5eff96f5e35d/messages HTTP/1.1" 404 Not Found
2026-02-01 17:47:40,180 INFO sqlalchemy.engine.Engine SELECT tasks.id, tasks.title, tasks.description, tasks.column_id, tasks.position, tasks.priority, tasks.assignee_id, tasks.creator_id, tasks.deadline, tasks.estimated_hours, tasks.actual_hours, tasks.tags, tasks.is_deleted, tasks.completed_at, tasks.created_at, tasks.updated_at, tasks.version 
FROM tasks 
WHERE tasks.id = ? AND tasks.is_deleted = 0
2026-02-01 17:47:40,181 INFO sqlalchemy.engine.Engine [cached since 45.41s ago] ('79822a6b-76cc-4e90-b0fa-5eff96f5e35d',)
2026-02-01 17:47:40,182 INFO sqlalchemy.engine.Engine SELECT tasks_1.id AS tasks_1_id, labels.id AS labels_id, labels.name AS labels_name, labels.color AS labels_color, labels.team_id AS labels_team_id, labels.created_at AS labels_created_at 
FROM tasks AS tasks_1 JOIN task_labels AS task_labels_1 ON tasks_1.id = task_labels_1.task_id JOIN labels ON labels.id = task_labels_1.label_id 
WHERE tasks_1.id IN (?)
2026-02-01 17:47:40,182 INFO sqlalchemy.engine.Engine [cached since 827.2s ago] ('79822a6b-76cc-4e90-b0fa-5eff96f5e35d',)
2026-02-01 17:47:40,185 INFO sqlalchemy.engine.Engine SELECT users.id AS users_id, users.email AS users_email, users.password_hash AS users_password_hash, users.full_name AS users_full_name, users.role AS users_role, users.avatar_url AS users_avatar_url, users.team_id AS users_team_id, users.is_active AS users_is_active, users.created_at AS users_created_at, users.updated_at AS users_updated_at 
FROM users 
WHERE users.id IN (?)
2026-02-01 17:47:40,185 INFO sqlalchemy.engine.Engine [cached since 827.2s ago] ('755784f9-c9f6-43e9-99ab-cf27b029380c',)
2026-02-01 17:47:40,187 INFO sqlalchemy.engine.Engine SELECT count(messages.id) AS count_1 
FROM messages 
WHERE messages.task_id = ?
2026-02-01 17:47:40,187 INFO sqlalchemy.engine.Engine [cached since 45.4s ago] ('79822a6b-76cc-4e90-b0fa-5eff96f5e35d',)
2026-02-01 17:47:40,188 INFO sqlalchemy.engine.Engine SELECT count(attachments.id) AS count_1 
FROM attachments 
WHERE attachments.task_id = ?
2026-02-01 17:47:40,188 INFO sqlalchemy.engine.Engine [cached since 45.4s ago] ('79822a6b-76cc-4e90-b0fa-5eff96f5e35d',)
INFO:     127.0.0.1:61880 - "GET /api/v1/tasks/79822a6b-76cc-4e90-b0fa-5eff96f5e35d HTTP/1.1" 200 OK
2026-02-01 17:47:40,189 INFO sqlalchemy.engine.Engine ROLLBACK
2026-02-01 17:47:47,486 INFO sqlalchemy.engine.Engine BEGIN (implicit)
2026-02-01 17:47:47,487 INFO sqlalchemy.engine.Engine SELECT users.id, users.email, users.password_hash, users.full_name, users.role, users.avatar_url, users.team_id, users.is_active, users.created_at, users.updated_at 
FROM users 
WHERE users.id = ?
2026-02-01 17:47:47,487 INFO sqlalchemy.engine.Engine [cached since 8188s ago] ('755784f9-c9f6-43e9-99ab-cf27b029380c',)
2026-02-01 17:47:47,490 INFO sqlalchemy.engine.Engine SELECT tasks.id, tasks.title, tasks.description, tasks.column_id, tasks.position, tasks.priority, tasks.assignee_id, tasks.creator_id, tasks.deadline, tasks.estimated_hours, tasks.actual_hours, tasks.tags, tasks.is_deleted, tasks.completed_at, tasks.created_at, tasks.updated_at, tasks.version 
FROM tasks 
WHERE tasks.id = ? AND tasks.is_deleted = 0
2026-02-01 17:47:47,490 INFO sqlalchemy.engine.Engine [cached since 52.72s ago] ('79822a6b-76cc-4e90-b0fa-5eff96f5e35d',)
2026-02-01 17:47:47,492 INFO sqlalchemy.engine.Engine SELECT tasks_1.id AS tasks_1_id, labels.id AS labels_id, labels.name AS labels_name, labels.color AS labels_color, labels.team_id AS labels_team_id, labels.created_at AS labels_created_at 
FROM tasks AS tasks_1 JOIN task_labels AS task_labels_1 ON tasks_1.id = task_labels_1.task_id JOIN labels ON labels.id = task_labels_1.label_id 
WHERE tasks_1.id IN (?)
2026-02-01 17:47:47,493 INFO sqlalchemy.engine.Engine [cached since 834.5s ago] ('79822a6b-76cc-4e90-b0fa-5eff96f5e35d',)
2026-02-01 17:47:47,495 INFO sqlalchemy.engine.Engine SELECT users.id AS users_id, users.email AS users_email, users.password_hash AS users_password_hash, users.full_name AS users_full_name, users.role AS users_role, users.avatar_url AS users_avatar_url, users.team_id AS users_team_id, users.is_active AS users_is_active, users.created_at AS users_created_at, users.updated_at AS users_updated_at 
FROM users 
WHERE users.id IN (?)
2026-02-01 17:47:47,495 INFO sqlalchemy.engine.Engine [cached since 834.5s ago] ('755784f9-c9f6-43e9-99ab-cf27b029380c',)
2026-02-01 17:47:47,499 INFO sqlalchemy.engine.Engine UPDATE tasks SET priority=?, updated_at=?, version=? WHERE tasks.id = ?
2026-02-01 17:47:47,500 INFO sqlalchemy.engine.Engine [generated in 0.00037s] ('low', '2026-02-01 15:47:47.499696', 1, '79822a6b-76cc-4e90-b0fa-5eff96f5e35d')
2026-02-01 17:47:47,502 INFO sqlalchemy.engine.Engine COMMIT
2026-02-01 17:47:47,635 INFO sqlalchemy.engine.Engine BEGIN (implicit)
2026-02-01 17:47:47,637 INFO sqlalchemy.engine.Engine SELECT tasks.id, tasks.title, tasks.description, tasks.column_id, tasks.position, tasks.priority, tasks.assignee_id, tasks.creator_id, tasks.deadline, tasks.estimated_hours, tasks.actual_hours, tasks.tags, tasks.is_deleted, tasks.completed_at, tasks.created_at, tasks.updated_at, tasks.version 
FROM tasks 
WHERE tasks.id = ?
2026-02-01 17:47:47,637 INFO sqlalchemy.engine.Engine [generated in 0.00022s] ('79822a6b-76cc-4e90-b0fa-5eff96f5e35d',)
2026-02-01 17:47:47,640 INFO sqlalchemy.engine.Engine SELECT labels.id AS labels_id, labels.name AS labels_name, labels.color AS labels_color, labels.team_id AS labels_team_id, labels.created_at AS labels_created_at 
FROM labels, task_labels 
WHERE ? = task_labels.task_id AND labels.id = task_labels.label_id
2026-02-01 17:47:47,640 INFO sqlalchemy.engine.Engine [generated in 0.00025s] ('79822a6b-76cc-4e90-b0fa-5eff96f5e35d',)
INFO:     127.0.0.1:61883 - "PUT /api/v1/tasks/79822a6b-76cc-4e90-b0fa-5eff96f5e35d HTTP/1.1" 200 OK
2026-02-01 17:47:47,642 INFO sqlalchemy.engine.Engine ROLLBACK
2026-02-01 17:47:48,847 INFO sqlalchemy.engine.Engine BEGIN (implicit)
2026-02-01 17:47:48,848 INFO sqlalchemy.engine.Engine SELECT users.id, users.email, users.password_hash, users.full_name, users.role, users.avatar_url, users.team_id, users.is_active, users.created_at, users.updated_at 
FROM users 
WHERE users.id = ?
2026-02-01 17:47:48,848 INFO sqlalchemy.engine.Engine [cached since 8190s ago] ('755784f9-c9f6-43e9-99ab-cf27b029380c',)
2026-02-01 17:47:48,850 INFO sqlalchemy.engine.Engine SELECT tasks.id, tasks.title, tasks.description, tasks.column_id, tasks.position, tasks.priority, tasks.assignee_id, tasks.creator_id, tasks.deadline, tasks.estimated_hours, tasks.actual_hours, tasks.tags, tasks.is_deleted, tasks.completed_at, tasks.created_at, tasks.updated_at, tasks.version 
FROM tasks 
WHERE tasks.id = ? AND tasks.is_deleted = 0
2026-02-01 17:47:48,850 INFO sqlalchemy.engine.Engine [cached since 54.08s ago] ('79822a6b-76cc-4e90-b0fa-5eff96f5e35d',)
2026-02-01 17:47:48,852 INFO sqlalchemy.engine.Engine SELECT tasks_1.id AS tasks_1_id, labels.id AS labels_id, labels.name AS labels_name, labels.color AS labels_color, labels.team_id AS labels_team_id, labels.created_at AS labels_created_at 
FROM tasks AS tasks_1 JOIN task_labels AS task_labels_1 ON tasks_1.id = task_labels_1.task_id JOIN labels ON labels.id = task_labels_1.label_id 
WHERE tasks_1.id IN (?)
2026-02-01 17:47:48,853 INFO sqlalchemy.engine.Engine [cached since 835.9s ago] ('79822a6b-76cc-4e90-b0fa-5eff96f5e35d',)
2026-02-01 17:47:48,855 INFO sqlalchemy.engine.Engine SELECT users.id AS users_id, users.email AS users_email, users.password_hash AS users_password_hash, users.full_name AS users_full_name, users.role AS users_role, users.avatar_url AS users_avatar_url, users.team_id AS users_team_id, users.is_active AS users_is_active, users.created_at AS users_created_at, users.updated_at AS users_updated_at 
FROM users 
WHERE users.id IN (?)
2026-02-01 17:47:48,855 INFO sqlalchemy.engine.Engine [cached since 835.9s ago] ('755784f9-c9f6-43e9-99ab-cf27b029380c',)
2026-02-01 17:47:48,857 INFO sqlalchemy.engine.Engine UPDATE tasks SET priority=?, updated_at=?, version=? WHERE tasks.id = ?
2026-02-01 17:47:48,857 INFO sqlalchemy.engine.Engine [cached since 1.358s ago] ('high', '2026-02-01 15:47:48.857564', 2, '79822a6b-76cc-4e90-b0fa-5eff96f5e35d')
2026-02-01 17:47:48,859 INFO sqlalchemy.engine.Engine COMMIT
2026-02-01 17:47:48,985 INFO sqlalchemy.engine.Engine BEGIN (implicit)
2026-02-01 17:47:48,985 INFO sqlalchemy.engine.Engine SELECT tasks.id, tasks.title, tasks.description, tasks.column_id, tasks.position, tasks.priority, tasks.assignee_id, tasks.creator_id, tasks.deadline, tasks.estimated_hours, tasks.actual_hours, tasks.tags, tasks.is_deleted, tasks.completed_at, tasks.created_at, tasks.updated_at, tasks.version 
FROM tasks 
WHERE tasks.id = ?
2026-02-01 17:47:48,985 INFO sqlalchemy.engine.Engine [cached since 1.349s ago] ('79822a6b-76cc-4e90-b0fa-5eff96f5e35d',)
2026-02-01 17:47:48,987 INFO sqlalchemy.engine.Engine SELECT labels.id AS labels_id, labels.name AS labels_name, labels.color AS labels_color, labels.team_id AS labels_team_id, labels.created_at AS labels_created_at 
FROM labels, task_labels 
WHERE ? = task_labels.task_id AND labels.id = task_labels.label_id
2026-02-01 17:47:48,987 INFO sqlalchemy.engine.Engine [cached since 1.347s ago] ('79822a6b-76cc-4e90-b0fa-5eff96f5e35d',)
INFO:     127.0.0.1:61883 - "PUT /api/v1/tasks/79822a6b-76cc-4e90-b0fa-5eff96f5e35d HTTP/1.1" 200 OK
2026-02-01 17:47:48,989 INFO sqlalchemy.engine.Engine ROLLBACK
2026-02-01 17:47:54,986 INFO sqlalchemy.engine.Engine BEGIN (implicit)
2026-02-01 17:47:54,987 INFO sqlalchemy.engine.Engine SELECT users.id, users.email, users.password_hash, users.full_name, users.role, users.avatar_url, users.team_id, users.is_active, users.created_at, users.updated_at 
FROM users 
WHERE users.id = ?
2026-02-01 17:47:54,987 INFO sqlalchemy.engine.Engine [cached since 8196s ago] ('755784f9-c9f6-43e9-99ab-cf27b029380c',)
2026-02-01 17:47:54,988 INFO sqlalchemy.engine.Engine SELECT tasks.id, tasks.title, tasks.description, tasks.column_id, tasks.position, tasks.priority, tasks.assignee_id, tasks.creator_id, tasks.deadline, tasks.estimated_hours, tasks.actual_hours, tasks.tags, tasks.is_deleted, tasks.completed_at, tasks.created_at, tasks.updated_at, tasks.version 
FROM tasks 
WHERE tasks.id = ? AND tasks.is_deleted = 0
2026-02-01 17:47:54,989 INFO sqlalchemy.engine.Engine [cached since 60.21s ago] ('79822a6b-76cc-4e90-b0fa-5eff96f5e35d',)
2026-02-01 17:47:54,991 INFO sqlalchemy.engine.Engine SELECT tasks_1.id AS tasks_1_id, labels.id AS labels_id, labels.name AS labels_name, labels.color AS labels_color, labels.team_id AS labels_team_id, labels.created_at AS labels_created_at 
FROM tasks AS tasks_1 JOIN task_labels AS task_labels_1 ON tasks_1.id = task_labels_1.task_id JOIN labels ON labels.id = task_labels_1.label_id 
WHERE tasks_1.id IN (?)
2026-02-01 17:47:54,991 INFO sqlalchemy.engine.Engine [cached since 842s ago] ('79822a6b-76cc-4e90-b0fa-5eff96f5e35d',)
2026-02-01 17:47:54,994 INFO sqlalchemy.engine.Engine SELECT users.id AS users_id, users.email AS users_email, users.password_hash AS users_password_hash, users.full_name AS users_full_name, users.role AS users_role, users.avatar_url AS users_avatar_url, users.team_id AS users_team_id, users.is_active AS users_is_active, users.created_at AS users_created_at, users.updated_at AS users_updated_at 
FROM users 
WHERE users.id IN (?)
2026-02-01 17:47:54,994 INFO sqlalchemy.engine.Engine [cached since 842s ago] ('755784f9-c9f6-43e9-99ab-cf27b029380c',)
2026-02-01 17:47:54,996 INFO sqlalchemy.engine.Engine SELECT count(messages.id) AS count_1 
FROM messages 
WHERE messages.task_id = ?
2026-02-01 17:47:54,996 INFO sqlalchemy.engine.Engine [cached since 60.21s ago] ('79822a6b-76cc-4e90-b0fa-5eff96f5e35d',)
2026-02-01 17:47:54,997 INFO sqlalchemy.engine.Engine SELECT count(attachments.id) AS count_1 
FROM attachments 
WHERE attachments.task_id = ?
2026-02-01 17:47:54,998 INFO sqlalchemy.engine.Engine [cached since 60.21s ago] ('79822a6b-76cc-4e90-b0fa-5eff96f5e35d',)
INFO:     127.0.0.1:61884 - "GET /api/v1/tasks/79822a6b-76cc-4e90-b0fa-5eff96f5e35d HTTP/1.1" 200 OK
2026-02-01 17:47:54,999 INFO sqlalchemy.engine.Engine ROLLBACK
2026-02-01 17:47:55,036 INFO sqlalchemy.engine.Engine BEGIN (implicit)
2026-02-01 17:47:55,036 INFO sqlalchemy.engine.Engine SELECT users.id, users.email, users.password_hash, users.full_name, users.role, users.avatar_url, users.team_id, users.is_active, users.created_at, users.updated_at 
FROM users 
WHERE users.id = ?
2026-02-01 17:47:55,036 INFO sqlalchemy.engine.Engine [cached since 8196s ago] ('755784f9-c9f6-43e9-99ab-cf27b029380c',)
2026-02-01 17:47:55,038 INFO sqlalchemy.engine.Engine SELECT users.id, users.email, users.password_hash, users.full_name, users.role, users.avatar_url, users.team_id, users.is_active, users.created_at, users.updated_at 
FROM users 
WHERE users.id = ?
2026-02-01 17:47:55,038 INFO sqlalchemy.engine.Engine [cached since 8196s ago] ('755784f9-c9f6-43e9-99ab-cf27b029380c',)
INFO:     127.0.0.1:61884 - "GET /api/v1/users/755784f9-c9f6-43e9-99ab-cf27b029380c HTTP/1.1" 200 OK
2026-02-01 17:47:55,040 INFO sqlalchemy.engine.Engine ROLLBACK
INFO:     127.0.0.1:61884 - "GET /api/v1/tasks/79822a6b-76cc-4e90-b0fa-5eff96f5e35d/messages HTTP/1.1" 404 Not Found
INFO:     127.0.0.1:61884 - "GET /api/v1/tasks/79822a6b-76cc-4e90-b0fa-5eff96f5e35d/attachments HTTP/1.1" 404 Not Found
2026-02-01 17:49:05,585 INFO sqlalchemy.engine.Engine BEGIN (implicit)
2026-02-01 17:49:05,586 INFO sqlalchemy.engine.Engine SELECT users.id, users.email, users.password_hash, users.full_name, users.role, users.avatar_url, users.team_id, users.is_active, users.created_at, users.updated_at 
FROM users 
WHERE users.id = ?
2026-02-01 17:49:05,586 INFO sqlalchemy.engine.Engine [cached since 8266s ago] ('755784f9-c9f6-43e9-99ab-cf27b029380c',)
2026-02-01 17:49:05,588 INFO sqlalchemy.engine.Engine SELECT tasks.id, tasks.title, tasks.description, tasks.column_id, tasks.position, tasks.priority, tasks.assignee_id, tasks.creator_id, tasks.deadline, tasks.estimated_hours, tasks.actual_hours, tasks.tags, tasks.is_deleted, tasks.completed_at, tasks.created_at, tasks.updated_at, tasks.version 
FROM tasks 
WHERE tasks.id = ? AND tasks.is_deleted = 0
2026-02-01 17:49:05,589 INFO sqlalchemy.engine.Engine [cached since 130.8s ago] ('79822a6b-76cc-4e90-b0fa-5eff96f5e35d',)
2026-02-01 17:49:05,591 INFO sqlalchemy.engine.Engine SELECT tasks_1.id AS tasks_1_id, labels.id AS labels_id, labels.name AS labels_name, labels.color AS labels_color, labels.team_id AS labels_team_id, labels.created_at AS labels_created_at 
FROM tasks AS tasks_1 JOIN task_labels AS task_labels_1 ON tasks_1.id = task_labels_1.task_id JOIN labels ON labels.id = task_labels_1.label_id 
WHERE tasks_1.id IN (?)
2026-02-01 17:49:05,591 INFO sqlalchemy.engine.Engine [cached since 912.6s ago] ('79822a6b-76cc-4e90-b0fa-5eff96f5e35d',)
2026-02-01 17:49:05,594 INFO sqlalchemy.engine.Engine SELECT users.id AS users_id, users.email AS users_email, users.password_hash AS users_password_hash, users.full_name AS users_full_name, users.role AS users_role, users.avatar_url AS users_avatar_url, users.team_id AS users_team_id, users.is_active AS users_is_active, users.created_at AS users_created_at, users.updated_at AS users_updated_at 
FROM users 
WHERE users.id IN (?)
2026-02-01 17:49:05,594 INFO sqlalchemy.engine.Engine [cached since 912.6s ago] ('755784f9-c9f6-43e9-99ab-cf27b029380c',)
2026-02-01 17:49:05,596 INFO sqlalchemy.engine.Engine SELECT count(messages.id) AS count_1 
FROM messages 
WHERE messages.task_id = ?
2026-02-01 17:49:05,596 INFO sqlalchemy.engine.Engine [cached since 130.8s ago] ('79822a6b-76cc-4e90-b0fa-5eff96f5e35d',)
2026-02-01 17:49:05,598 INFO sqlalchemy.engine.Engine SELECT count(attachments.id) AS count_1 
FROM attachments 
WHERE attachments.task_id = ?
2026-02-01 17:49:05,598 INFO sqlalchemy.engine.Engine [cached since 130.8s ago] ('79822a6b-76cc-4e90-b0fa-5eff96f5e35d',)
INFO:     127.0.0.1:50117 - "GET /api/v1/tasks/79822a6b-76cc-4e90-b0fa-5eff96f5e35d HTTP/1.1" 200 OK
2026-02-01 17:49:05,600 INFO sqlalchemy.engine.Engine ROLLBACK
2026-02-01 17:49:05,650 INFO sqlalchemy.engine.Engine BEGIN (implicit)
2026-02-01 17:49:05,650 INFO sqlalchemy.engine.Engine SELECT users.id, users.email, users.password_hash, users.full_name, users.role, users.avatar_url, users.team_id, users.is_active, users.created_at, users.updated_at 
FROM users 
WHERE users.id = ?
2026-02-01 17:49:05,650 INFO sqlalchemy.engine.Engine [cached since 8266s ago] ('755784f9-c9f6-43e9-99ab-cf27b029380c',)
2026-02-01 17:49:05,652 INFO sqlalchemy.engine.Engine SELECT users.id, users.email, users.password_hash, users.full_name, users.role, users.avatar_url, users.team_id, users.is_active, users.created_at, users.updated_at 
FROM users 
WHERE users.id = ?
2026-02-01 17:49:05,653 INFO sqlalchemy.engine.Engine [cached since 8266s ago] ('755784f9-c9f6-43e9-99ab-cf27b029380c',)
INFO:     127.0.0.1:50117 - "GET /api/v1/users/755784f9-c9f6-43e9-99ab-cf27b029380c HTTP/1.1" 200 OK
2026-02-01 17:49:05,655 INFO sqlalchemy.engine.Engine ROLLBACK
INFO:     127.0.0.1:50117 - "GET /api/v1/tasks/79822a6b-76cc-4e90-b0fa-5eff96f5e35d/messages HTTP/1.1" 404 Not Found
INFO:     127.0.0.1:50117 - "GET /api/v1/tasks/79822a6b-76cc-4e90-b0fa-5eff96f5e35d/attachments HTTP/1.1" 404 Not Found
2026-02-01 17:55:46,257 INFO sqlalchemy.engine.Engine BEGIN (implicit)
2026-02-01 17:55:46,257 INFO sqlalchemy.engine.Engine SELECT users.id, users.email, users.password_hash, users.full_name, users.role, users.avatar_url, users.team_id, users.is_active, users.created_at, users.updated_at 
FROM users 
WHERE users.id = ?
2026-02-01 17:55:46,257 INFO sqlalchemy.engine.Engine [cached since 8667s ago] ('755784f9-c9f6-43e9-99ab-cf27b029380c',)
2026-02-01 17:55:46,259 INFO sqlalchemy.engine.Engine SELECT boards.id, boards.name, boards.description, boards.team_id, boards.is_default, boards.created_at, boards.updated_at 
FROM boards 
WHERE boards.team_id = ?
2026-02-01 17:55:46,259 INFO sqlalchemy.engine.Engine [cached since 6436s ago] ('ee2b0ac7-47ec-4b84-913e-cfc892ce0bb6',)
INFO:     127.0.0.1:63039 - "GET /api/v1/boards?team_id=ee2b0ac7-47ec-4b84-913e-cfc892ce0bb6 HTTP/1.1" 200 OK
2026-02-01 17:55:46,261 INFO sqlalchemy.engine.Engine ROLLBACK
2026-02-01 17:55:46,283 INFO sqlalchemy.engine.Engine BEGIN (implicit)
2026-02-01 17:55:46,284 INFO sqlalchemy.engine.Engine SELECT users.id, users.email, users.password_hash, users.full_name, users.role, users.avatar_url, users.team_id, users.is_active, users.created_at, users.updated_at 
FROM users 
WHERE users.id = ?
2026-02-01 17:55:46,284 INFO sqlalchemy.engine.Engine [cached since 8667s ago] ('755784f9-c9f6-43e9-99ab-cf27b029380c',)
2026-02-01 17:55:46,286 INFO sqlalchemy.engine.Engine SELECT columns.id, columns.name, columns.board_id, columns.position, columns.wip_limit, columns.color, columns.created_at, columns.updated_at 
FROM columns 
WHERE columns.board_id = ? ORDER BY columns.position
2026-02-01 17:55:46,286 INFO sqlalchemy.engine.Engine [cached since 6436s ago] ('d284c47c-7887-4664-b5c1-ce86835acddb',)
2026-02-01 17:55:46,288 INFO sqlalchemy.engine.Engine SELECT count(tasks.id) AS count_1 
FROM tasks 
WHERE tasks.column_id = ? AND tasks.is_deleted = 0
2026-02-01 17:55:46,288 INFO sqlalchemy.engine.Engine [cached since 6436s ago] ('61b35809-e629-409c-91db-08f7f428dcff',)
2026-02-01 17:55:46,289 INFO sqlalchemy.engine.Engine SELECT count(tasks.id) AS count_1 
FROM tasks 
WHERE tasks.column_id = ? AND tasks.is_deleted = 0
2026-02-01 17:55:46,290 INFO sqlalchemy.engine.Engine [cached since 6436s ago] ('9e4dff02-6c29-426c-a11e-05216890a52f',)
2026-02-01 17:55:46,291 INFO sqlalchemy.engine.Engine SELECT count(tasks.id) AS count_1 
FROM tasks 
WHERE tasks.column_id = ? AND tasks.is_deleted = 0
2026-02-01 17:55:46,291 INFO sqlalchemy.engine.Engine [cached since 6436s ago] ('9c84c781-c935-4974-9e6c-7504c4d83b80',)
2026-02-01 17:55:46,293 INFO sqlalchemy.engine.Engine SELECT count(tasks.id) AS count_1 
FROM tasks 
WHERE tasks.column_id = ? AND tasks.is_deleted = 0
2026-02-01 17:55:46,293 INFO sqlalchemy.engine.Engine [cached since 6436s ago] ('46a0e8a7-cae7-4f40-aff1-e65a55d3fd9e',)
2026-02-01 17:55:46,294 INFO sqlalchemy.engine.Engine SELECT count(tasks.id) AS count_1 
FROM tasks 
WHERE tasks.column_id = ? AND tasks.is_deleted = 0
2026-02-01 17:55:46,294 INFO sqlalchemy.engine.Engine [cached since 6436s ago] ('afe47e85-f43c-4789-8ff1-46df0f973fea',)
INFO:     127.0.0.1:63039 - "GET /api/v1/boards/d284c47c-7887-4664-b5c1-ce86835acddb/columns HTTP/1.1" 200 OK
2026-02-01 17:55:46,296 INFO sqlalchemy.engine.Engine ROLLBACK
2026-02-01 17:55:46,316 INFO sqlalchemy.engine.Engine BEGIN (implicit)
2026-02-01 17:55:46,317 INFO sqlalchemy.engine.Engine SELECT users.id, users.email, users.password_hash, users.full_name, users.role, users.avatar_url, users.team_id, users.is_active, users.created_at, users.updated_at 
FROM users 
WHERE users.id = ?
2026-02-01 17:55:46,317 INFO sqlalchemy.engine.Engine [cached since 8667s ago] ('755784f9-c9f6-43e9-99ab-cf27b029380c',)
2026-02-01 17:55:46,319 INFO sqlalchemy.engine.Engine SELECT tasks.id, tasks.title, tasks.description, tasks.column_id, tasks.position, tasks.priority, tasks.assignee_id, tasks.creator_id, tasks.deadline, tasks.estimated_hours, tasks.actual_hours, tasks.tags, tasks.is_deleted, tasks.completed_at, tasks.created_at, tasks.updated_at, tasks.version 
FROM tasks 
WHERE tasks.column_id = ? AND tasks.is_deleted = 0 ORDER BY tasks.position
2026-02-01 17:55:46,319 INFO sqlalchemy.engine.Engine [cached since 6436s ago] ('61b35809-e629-409c-91db-08f7f428dcff',)
2026-02-01 17:55:46,321 INFO sqlalchemy.engine.Engine SELECT tasks_1.id AS tasks_1_id, labels.id AS labels_id, labels.name AS labels_name, labels.color AS labels_color, labels.team_id AS labels_team_id, labels.created_at AS labels_created_at 
FROM tasks AS tasks_1 JOIN task_labels AS task_labels_1 ON tasks_1.id = task_labels_1.task_id JOIN labels ON labels.id = task_labels_1.label_id 
WHERE tasks_1.id IN (?)
2026-02-01 17:55:46,321 INFO sqlalchemy.engine.Engine [cached since 1313s ago] ('79822a6b-76cc-4e90-b0fa-5eff96f5e35d',)
2026-02-01 17:55:46,323 INFO sqlalchemy.engine.Engine SELECT users.id AS users_id, users.email AS users_email, users.password_hash AS users_password_hash, users.full_name AS users_full_name, users.role AS users_role, users.avatar_url AS users_avatar_url, users.team_id AS users_team_id, users.is_active AS users_is_active, users.created_at AS users_created_at, users.updated_at AS users_updated_at 
FROM users 
WHERE users.id IN (?)
2026-02-01 17:55:46,323 INFO sqlalchemy.engine.Engine [cached since 1313s ago] ('755784f9-c9f6-43e9-99ab-cf27b029380c',)
INFO:     127.0.0.1:63039 - "GET /api/v1/tasks?column_id=61b35809-e629-409c-91db-08f7f428dcff HTTP/1.1" 200 OK
2026-02-01 17:55:46,325 INFO sqlalchemy.engine.Engine ROLLBACK
2026-02-01 17:55:46,340 INFO sqlalchemy.engine.Engine BEGIN (implicit)
2026-02-01 17:55:46,340 INFO sqlalchemy.engine.Engine SELECT users.id, users.email, users.password_hash, users.full_name, users.role, users.avatar_url, users.team_id, users.is_active, users.created_at, users.updated_at 
FROM users 
WHERE users.id = ?
2026-02-01 17:55:46,340 INFO sqlalchemy.engine.Engine [cached since 8667s ago] ('755784f9-c9f6-43e9-99ab-cf27b029380c',)
2026-02-01 17:55:46,342 INFO sqlalchemy.engine.Engine SELECT tasks.id, tasks.title, tasks.description, tasks.column_id, tasks.position, tasks.priority, tasks.assignee_id, tasks.creator_id, tasks.deadline, tasks.estimated_hours, tasks.actual_hours, tasks.tags, tasks.is_deleted, tasks.completed_at, tasks.created_at, tasks.updated_at, tasks.version 
FROM tasks 
WHERE tasks.column_id = ? AND tasks.is_deleted = 0 ORDER BY tasks.position
2026-02-01 17:55:46,342 INFO sqlalchemy.engine.Engine [cached since 6436s ago] ('9e4dff02-6c29-426c-a11e-05216890a52f',)
INFO:     127.0.0.1:63039 - "GET /api/v1/tasks?column_id=9e4dff02-6c29-426c-a11e-05216890a52f HTTP/1.1" 200 OK
2026-02-01 17:55:46,344 INFO sqlalchemy.engine.Engine ROLLBACK
2026-02-01 17:55:46,397 INFO sqlalchemy.engine.Engine BEGIN (implicit)
2026-02-01 17:55:46,397 INFO sqlalchemy.engine.Engine SELECT users.id, users.email, users.password_hash, users.full_name, users.role, users.avatar_url, users.team_id, users.is_active, users.created_at, users.updated_at 
FROM users 
WHERE users.id = ?
2026-02-01 17:55:46,397 INFO sqlalchemy.engine.Engine [cached since 8667s ago] ('755784f9-c9f6-43e9-99ab-cf27b029380c',)
2026-02-01 17:55:46,400 INFO sqlalchemy.engine.Engine SELECT tasks.id, tasks.title, tasks.description, tasks.column_id, tasks.position, tasks.priority, tasks.assignee_id, tasks.creator_id, tasks.deadline, tasks.estimated_hours, tasks.actual_hours, tasks.tags, tasks.is_deleted, tasks.completed_at, tasks.created_at, tasks.updated_at, tasks.version 
FROM tasks 
WHERE tasks.column_id = ? AND tasks.is_deleted = 0 ORDER BY tasks.position
2026-02-01 17:55:46,400 INFO sqlalchemy.engine.Engine [cached since 6436s ago] ('9c84c781-c935-4974-9e6c-7504c4d83b80',)
INFO:     127.0.0.1:63039 - "GET /api/v1/tasks?column_id=9c84c781-c935-4974-9e6c-7504c4d83b80 HTTP/1.1" 200 OK
2026-02-01 17:55:46,401 INFO sqlalchemy.engine.Engine ROLLBACK
2026-02-01 17:55:46,417 INFO sqlalchemy.engine.Engine BEGIN (implicit)
2026-02-01 17:55:46,418 INFO sqlalchemy.engine.Engine SELECT users.id, users.email, users.password_hash, users.full_name, users.role, users.avatar_url, users.team_id, users.is_active, users.created_at, users.updated_at 
FROM users 
WHERE users.id = ?
2026-02-01 17:55:46,418 INFO sqlalchemy.engine.Engine [cached since 8667s ago] ('755784f9-c9f6-43e9-99ab-cf27b029380c',)
2026-02-01 17:55:46,420 INFO sqlalchemy.engine.Engine SELECT tasks.id, tasks.title, tasks.description, tasks.column_id, tasks.position, tasks.priority, tasks.assignee_id, tasks.creator_id, tasks.deadline, tasks.estimated_hours, tasks.actual_hours, tasks.tags, tasks.is_deleted, tasks.completed_at, tasks.created_at, tasks.updated_at, tasks.version 
FROM tasks 
WHERE tasks.column_id = ? AND tasks.is_deleted = 0 ORDER BY tasks.position
2026-02-01 17:55:46,420 INFO sqlalchemy.engine.Engine [cached since 6436s ago] ('46a0e8a7-cae7-4f40-aff1-e65a55d3fd9e',)
INFO:     127.0.0.1:63039 - "GET /api/v1/tasks?column_id=46a0e8a7-cae7-4f40-aff1-e65a55d3fd9e HTTP/1.1" 200 OK
2026-02-01 17:55:46,422 INFO sqlalchemy.engine.Engine ROLLBACK
2026-02-01 17:55:46,434 INFO sqlalchemy.engine.Engine BEGIN (implicit)
2026-02-01 17:55:46,434 INFO sqlalchemy.engine.Engine SELECT users.id, users.email, users.password_hash, users.full_name, users.role, users.avatar_url, users.team_id, users.is_active, users.created_at, users.updated_at 
FROM users 
WHERE users.id = ?
2026-02-01 17:55:46,434 INFO sqlalchemy.engine.Engine [cached since 8667s ago] ('755784f9-c9f6-43e9-99ab-cf27b029380c',)
2026-02-01 17:55:46,436 INFO sqlalchemy.engine.Engine SELECT tasks.id, tasks.title, tasks.description, tasks.column_id, tasks.position, tasks.priority, tasks.assignee_id, tasks.creator_id, tasks.deadline, tasks.estimated_hours, tasks.actual_hours, tasks.tags, tasks.is_deleted, tasks.completed_at, tasks.created_at, tasks.updated_at, tasks.version 
FROM tasks 
WHERE tasks.column_id = ? AND tasks.is_deleted = 0 ORDER BY tasks.position
2026-02-01 17:55:46,436 INFO sqlalchemy.engine.Engine [cached since 6436s ago] ('afe47e85-f43c-4789-8ff1-46df0f973fea',)
INFO:     127.0.0.1:63039 - "GET /api/v1/tasks?column_id=afe47e85-f43c-4789-8ff1-46df0f973fea HTTP/1.1" 200 OK
2026-02-01 17:55:46,437 INFO sqlalchemy.engine.Engine ROLLBACK
INFO:     127.0.0.1:63319 - "GET / HTTP/1.1" 200 OK
INFO:     127.0.0.1:61692 - "GET /api/v1/health HTTP/1.1" 404 Not Found
INFO:     127.0.0.1:49747 - "GET /api/v1/health HTTP/1.1" 404 Not Found
